id,stem,option1,option2,option3,option4,option5,option6,answer1,answer2
1,"Madame Germaine de Stael, famous for her opinionated views, sometimes made enemies with her ______ comments.",caustic,acerbic,eccentric,laudatory,placatory,conciliatory,caustic,acerbic
2,"Many people perceive an unearned grandiosity at work in the news business and given that perception, it should be no surprise that they have such a strong ______ for the business.",preference,passion,esteem,disdain,fervor,contempt,disdain,contempt
3,"The archives of the museum, containing a plethora of documents that shed light on Picasso’s work, may, for a time, give us the illusion of total comprehension, but in the end it seems that Picasso is no more ______ than he ever was.",orthodox,abstract,proliﬁc,understandable,transparent,conceptual 第  201,orthodox,abstract
4,"Although streams of solar particles cause beautiful auroras —the northern and southern lights— sometimes their consequences are less ______: their electromagnetic effects, for instance, can overload power grids and damage orbiting satellites.",spectacular,signiﬁcant,benign,consequential,innocuous,palpable,spectacular,benign
5,"The economist noted that the occupations she analyzed in her study, which included waitresses, ﬂight attendants, clerical workers, and domestic workers, ______ categorization: none can be captured by a single distinguishing characteristic.",mask,obviate,invite,confound,resist,encourage,obviate,invite
6,"On stage, jazz artist James Carter often veers dangerously close to the ______: he becomes a man possessed, his tenor saxophone wailing and whimpering with a musicality so muscular it threatens to consume him.",lugubrious,doleful,intemperate,excessive,idiosyncratic,sublime,lugubrious,doleful
7,"Wheelan proceeds from the assumption that statistics are ______ and, consequently, can be taught with minimal intimidation through examples.",intuitive,essential,habitual,instinctive,indispensable,straightforward,essential,indispensable
8,Nicolaus Copernicus was much less ______ than commonly thought: he wanted to improve the cosmological theory of his day by introducing one important change while preserving as many of its conceptual foundations as possible.,visionary,philosophical,revolutionary,iconoclastic,diplomatic,circumspect,visionary,philosophical
9,Conditions at the training camp for runners were ______; few of the runners had proper shoes or a training kit.,unpleasant,tedious,spartan,austere,rigorous,monotonous,spartan,austere
10,"The differences between theater and ﬁlm are never more ______ than with Shakespeare's plays, since Shakespeare wrote for an audience that liked to listen and ﬁlms are made for people who primarily like to watch.",pervasive,patent,evident,suspect,trivial,inconsequential,patent,evident
11,"One of the greatest hoaxes in the history of science was perpetrated by the Indian paleontologist Dr. Chandra Gupta, who fabricated entirely ______ for fossils throughout his career.",counterfeit,feckless,refractory,plausible,circumstantial,spurious,counterfeit,plausible
12,"A ______ wit, Noel Coward could elicit laughs in a variety of ways—through his musical compositions, theater plays, and numerous acting roles.",somber,besotted,secular,versatile,uniform,protean,somber,besotted
13,"Some of the characters and themes depicted on the painted glass vessels found at Begram point toward an Egyptian provenance, but Egypt was not the ______ and perhaps not even the principal, place of manufacture.",main,leading,sole,likeliest,original,exclusive,sole,exclusive
14,A strong basic science program can be ______: the rate of return on capital invested in basic science is about three times that of capital invested in applied research and development.,idealistic,remunerative,lucrative,transcendent,feasible,radical,remunerative,lucrative
15,The developmental track for human beings-from rudimentary awareness to complex forms of rational agency-is quite ______ development proceeds with even minimally good physical and psychological health in any minimally favorable environment.,sophisticated,contingent,robust,situational,elusive,reliable,sophisticated,contingent
16,"Despite the implications of their noble status, many aristocrats were virtually penniless and lived in a state of ______.",indigence,opulence,eminence,penury,depravity,complacency,indigence,penury
17,"The 1966 Mexican art exhibition ""Confrontation 66"" seemed to deﬁne the Mexican art world as one in which political alignment was ______, yet painter Joy Laville rose to prominence with paintings devoid of contentiousness.",inconsequential,ineluctable,requisite,perilous,pointless,obsolete,inconsequential,ineluctable
18,"Although both salinization and alkalinization impact water quality, they have generally been treated as ______ phenomena; however, new research proves that the processes, which impact most of the drainage area of the United States, are in fact closely linked.",unrelated,insigniﬁcant,unimportant,reversible,separate,incremental,unrelated,unimportant
19,"In owls with a facial disk, the ears are hidden behind it and are ______ placed: having one higher than the other allows the birds to locate prey both horizontally and vertically for more accurate detection.",advantageously,asymmetrically,unevenly,unobtrusively,discreetly,precisely,advantageously,asymmetrically
20,Family photos of the author suggest that she was ______ child: she seemed to wear a permanent frown.,a sullen,an amiable,a surly,a beautiful,a prudent,a stunning,a sullen,an amiable
21,Restoring the old practice of producing ﬁsh in rice ﬁelds does not just make environmental and economic sense; it has the added advantage that it ______ beneﬁts the very poor.,abnormally,predominantly,eminently,moderately,particularly,unnaturally,abnormally,predominantly
22,"The decision to rely on mechanical biological treatment to process the two million tons of waste that the region produces annually was ______ to experts, who had long been aware that this approach had several shortcomings.",alarming,infuriating,perplexing,humiliating,bafﬂing,surprising,alarming,surprising
23,"Although some literary scholars may express disdain for words meant for popular audiences, only the most ______ proponent of so-called great literature could dismiss the works in a recent anthology of African science ﬁction as formulaic pulp.",radical,pedantic,oblivious,hidebound,illiberal,charitable,radical,pedantic
24,"Biologists agree that snakes descended from lizards, but exactly where this ﬁrst happened has been a matter of debate since the 1800s, when two ______ theories emerged.",complex,competing,dubious,conclusive,contending,irrefutable,competing,contending
25,"The early stages of being trained to ride a motorcycle are all about developing muscle memory, repeating combinations of hand-foot movements until they are ______ and precise.",aberrant,innate,reﬂexive,inborn,automatic,calculated,innate,inborn
26,"Although collisions between the largest planetesimals in a planetesimal belt are ______, they can release large amounts of debris when they occur.",risky,exceptional,irregular,violent,rare,powerful,risky,violent
27,"Because is has usually been impossible to eradicate exotic species once they have become established, it is ______ to minimize introductions of species that have substantial probabilities of unwanted impacts.",prudent,customary,provident,superﬂuous,essential,pointless 第  210,prudent,provident
28,"In the Old Southwest, only writers who showed exceptional ______ were likely to become widely known, because the region's weak infrastructure inhibited the development of publishing beyond local newspapers that served small towns.",prescience,foresightedness,optimism,resolve,patience,determination,resolve,determination
29,"The adipose tissue in which our bodies store fat from the food we eat has traditionally been thought of as ______, but in reality this tissue constitutes a dynamic organ, not a mere repository.",capacious,deleterious,inert,detrimental,passive,Inessential 第  211,capacious,deleterious
30,"The sound of disembodied human breathing in Miyazaki's ﬁlms is at once a presence, close to the listener's ear, and a ghostly absence due to its lack of a visual ______.",image,counterpart,urgency,correlative,cue,background,cue,background
31,"The problem a generation ago was not the new art itself but the heightened intensity of conviction surrounding it, which is thankfully absent in our wonderfully ______ times.",fervid,impassioned,undogmatic,receptive,nostalgic,optimistic,fervid,impassioned
32,He found his new acquaintance to be ______: trying to understand her personality was like peering into an unknown dimension.,vacuous,unﬂappable,unfathomable,obdurate,inscrutable,imperturbable,vacuous,unfathomable
33,The ______ of Craig's government had left the nation almost totally unprepared for war when it came.,somnolence,inexperience,lethargy,obstinacy,perspicacity,acuity,perspicacity,acuity
34,Japanese law draws a distinction between currency imitation and actual counterfeiting: only the latter involves an explicit intent to ______ the public.,confuse,malign,defraud,address,swindle,defame,defraud,swindle
35,"It's easy to see why the aspiring singer was ______ the awareness of her lack of talent: her shaky voice notwithstanding, she was a kindly woman with a genuine appreciation for music.",surprised by,insulated from,humbled by,appreciative of,guided to,buffered against,surprised by,insulated from
36,"A decisive way to test planet formation hypotheses is to study planetesimals, but these objects are quite ______, neither numerous nor large enough to emit signiﬁcant radiation that can be captured by telescopes.",unpredictable,inconspicuous,clustered,radioactive,discreet,erratic,unpredictable,inconspicuous
37,The ______ of native South American textiles at the time of the Spanish conquest should not be surprising: it represented the apogee of one of the world's oldest and most sophisticated weaving and dyeing traditions.,splendor,eccentricity,diversity,brilliance,practicality,popularity,splendor,brilliance
38,"If it is wrong to justify human selﬁshness on the basis of the alleged selﬁshness of nature, then it is equally mistaken to espouse ______ merely because some animals happily assist each other.",pragmatism,moderation,restraint,altruism,benevolence,permissiveness,moderation,restraint
39,"In many branches of science, our knowledge and technology have advanced so rapidly that new studies carried out with improved instruments and techniques may well ______ research done just twenty years earlier.",conﬁrm,supplant,elaborate,supersede,question,validate,supplant,supersede
40,The campaign ofﬁcial argued that the large swings in the candidate's approval ratings were a result not of the ______ of the electorate but rather of the polls' margins of error and divergent methodologies.,exactitude,resurgence,capriciousness,volatility,partisanship,scrupulousness,capriciousness,volatility
41,"Some consider the theorem Emmy Noether ﬁrst published in 1918 to be as important as Einstein’s theory of relativity, since much of today’s vanguard research in physics is ______ Noether’s theorem.",contradicted by,undergirded by,incompatible with,dependent on,devoted to,elucidated by,contradicted by,undergirded by
42,"Beauford Delaney's dynamic depictions of Harlem and Greenwich Village, dating from 1929 to 1953, ______ the energy of the city, while the equally captivating abstract compositions from his Paris years of 1953 to 1979 demonstrate his sustained exploration of color.",authenticate,convey,elicit,impart,stiﬂe,suppress,convey,impart
43,"Aboriginal people of Victoria Australia neither rejected Western material culture nor demonstrated an obsession with it in fact, Western artifacts such as pipes and handkerchiefs were appreciated for their symbolic rather than their ______ value.",utilitarian,intrinsic,communicative,aesthetic,pragmatic,theoretical,utilitarian,intrinsic
44,"Despite dogs’ talent for detecting those high-pitched whistles that are inaudible to us, dogs’ ability to locate sounds is ______ compared with ours.",imprecise,innate,impractical,inherent,inexact,impaired,imprecise,innate
45,"Because they were traditionally ______, Jam monks in sixteenth-century India particularly valued special dispensations from the royal court granting them freedom of movement.",erudite,ascetic,apolitical,peripatetic,solitary,itinerant,erudite,ascetic
46,"The coagulated latex of the gutta-percha tree, which grows wild in Sumatra Kalimantan and May, can be formed into a natural plastic that, although inelastic under ordinary conditions becomes ______ when placed in hot water.",smooth,pliable,permeable,malleable,pervious,buoyant,pliable,malleable
47,"Although dry weather in medieval England was not ______, documentary evidence suggests that the cluster of intense droughts between 1323 and 1333 was exceptional.",anomalous,severe,uncommon,seasonal,frequent,pervasive,anomalous,severe
48,"Among some demographic groups, the Internet is ______: almost everybody who wants Internet access has it.",necessary,indispensable,irresistible,pervasive,ubiquitous,homogeneous,necessary,indispensable
49,What Dr. Walther has shown is that many of the standard statistical techniques that are supposed to insure against ______ correlations are inadequate in this case.,numerical,specious,elementary,paltry,quantiﬁable 第  218,spurious,specious,spurious
50,"Motorcycle riders in London have discovered an ingenious, albeit ______ way of parking illegally without getting a ticket.",inventive,unscrupulous,astute,dishonest,impractical,shrewd,astute,shrewd
51,"The writer’s expression of ______ sentiments in ﬂuid, vigorous prose is a strange blending of the high and the low-like an opera performed by sloppily dressed, unkempt musicians.",patriotic,vile,noble,base,tender,lofty,patriotic,noble
52,California’s building codes are more ______ than those elsewhere in the United States to ensure that structures are capable of protecting people from frequent seismic events.,circuitous,exacting,controversial,stringent,convoluted,extensive,circuitous,exacting
53,Jean Kimmel and Emily Hoffman argue for expanding the deﬁnition of child-care subsidies to include all programs that ______ or otherwise offset expenses for nonparental child care.,tally,tabulate,alter,defray,pay,simplify,alter,simplify
54,"While the coauthors of the new guide to the American artistic experience have received accolades for their wide-ranging work, they do not ______ that the publication is exhaustive in content.",hope,care,assert,insist,doubt,question,assert,insist
55,"Journal editors note that the peer review process has difﬁculty detecting ______ : deliberate misinformation, if it is clever enough, might sail right through no matter how scrupulous the reviews.",bias,inconsistency,fraud,negligence,duplicity,carelessness,negligence,carelessness
56,"Coral reefs are often referred to as the rain forests of the sea, ______ comparison given that only tropical rain forests can compete with the sheer concentration of biodiversity found in coral reefs.",a factitious,an imaginative,a ﬁtting,an artiﬁcial,an apposite,a creative,a factitious,an imaginative
57,"The rebellion was ______ one, driven less by ardor than by reason and calculation.",a cerebral,a dispassionate,a rash,an idealistic,a cautious,a reckless,a cerebral,a dispassionate
58,"Despite their current reputation, the original Luddites were neither opposed to innovation technology nor ______ using it: many were highly skilled machine operators in the textile industry.",inept at,enamored of,resistant to,unequal to,enthralled by,unfazed by,inept at,enamored of
59,"Once a pop musician’s biggest source of income, recorded music now plays second ﬁddle to touring, endorsements, merchandise sales, and an array of other revenue streams previously considered ______.",lucrative,invaluable,ancillary,irrelevant,supplementary,remunerative,lucrative,remunerative
60,"The colors of brocaded silks made by Merina weavers in Madagascar were not ______: magenta, blue, black, pink, yellow and brown characterize pieces before 1880, while thereafter green purple, and orange come to the fore.",invariable,generic,conventional,repetitious,static,traditional,invariable,generic
61,"Meteorology is one of the few ﬁelds of applied science that demands prediction; since prediction involves considerable uncertainty and uncertainty is ______ scientists, meteorology will continue to exist in a fraught intellectual space.",mysterious to,anathema to,discredited by,pivotal for,repellent to,familiar to,mysterious to,anathema to
62,"One virtue of cornmeal as a component of the diets of laborers in early Puerto Rico was the mildness of its taste, a trait that enabled it to ______ the strong ﬂavors of other foods.",mimic,temper,camouﬂage,neutralize,complement,augment,temper,neutralize
63,Asteroids of diameter less than 100km never melted but asteroids with larger diameters did so and became ______ with the heavier Fe-Ni material forming the core and the silicates forming the crust.,stratiﬁed,destabilized,weakened,liqueﬁed,differentiated,distinguished,differentiated,distinguished
64,"In science, ______ can sometimes inhibit understanding; indeed, the advantage of the technique for staining brain tissue developed in 1873 by Golgi was that it showed so little.",biases,projections,prejudices,minutiae,approximations,particulars,biases,prejudices
65,"Faced with so much conﬂicting information on the internet, many people come to believe that all sources are so ______ that efforts to discriminate between the true and the false are inevitably futile.",slanted,imprecise,splenetic,tendentious,surreptitious,acrimonious,slanted,splenetic
66,The auditors are relying on the failing bank to make changes that it has steadfastly resisted for years and even now does not seem ______ to carry out.,able,impatient,destined,disinclined,loath,keen,able,impatient
67,"Though it once seemed so disastrous, with hindsight the disintegration of the artists' collective is revealed as generative, for each of the dispersed factions acted as a ______, reproducing the collective's founding inspiration in a new setting.",strand,seed,shard,fragment,germ,blueprint,seed,germ
68,Scientists are ﬁnding that the adult brain is far more ______ than they once thought: our behavior and environment can cause substantial rewiring of the brain or a reorganization of its functions and where they are located.,reparable,heterogeneous,malleable,variegated,complex,plastic,malleable,plastic
69,The folktale is perhaps the most ______ form of literature: a story that everyone is free to tell and embellish because it belongs to no one in particular.,unpretentious,archaic,primitive,democratic,egalitarian,changeable,archaic,primitive
70,"According to Panamanian composer Danilo Perez, the gravity of jazz pianist Randy Weston’s performances is ______: you can copy one of his chords, but it doesn't sound the same.",elusive,indelible,unattainable,estranging,purposeful,alienating,estranging,alienating
71,"While the ______ of reliable sources in later narratives make many details of the early history of China’s Chou dynasty unveriﬁable, the Zhou rulers’ successful rise to power is certain.",dearth,ambiguity,paucity,opacity,authenticity,credibility,dearth,paucity
72,"Because the inﬂuence of French women writers in seventeenth-century England has been ______ by scholars, England’s early women writers, such as Aphra Behn and Delarivier Manley, may appear to have sprung from a vacuum.",documented,discredited,slighted,misinterpreted,discounted,corroborated,documented,corroborated
73,"Some historians have ______ the disjunction between the decades preceding and the ones following the political coup, ignoring the fact that the coup fell in the middle of a twenty-year period of considerable social and economic continuity.",overstated,exaggerated,questioned,misjudged,misinterpreted,overlooked,overstated,exaggerated
74,"Although extreme and singular events occur in a black hole, its event horizon boundary is ______ space travelers; crossing it would be subject to the same physical laws that apply anywhere else.",illusory,obscure,unremarkable,immutable,unchanging,commonplace,illusory,obscure
75,"Although, in spirit at least, solar panels ______ nature and the way our biosphere harnesses the energy of our sun, the actual photosynthetic process by which plants convert sunlight into chemical energy is far more complex than solar power generation is. 第  228",streamline,enhance,imitate,exploit,simplify,mimic,imitate,mimic
76,The historical study of pregnancy and childbearing began fairly recently and has been hindered by the relative ______ of records concerning these particular experiences.,pertinence,dearth,paucity,ambiguity,expediency,applicability,pertinence,applicability
77,"In literature, thrillers thrive on heroes and villains, and usually the characterization is not very ______; writers don’t want to confuse or slow the plot.",nuanced,trite,realistic,monotonous,banal,subtle,trite,banal
78,"Monarch butterﬂies sequester toxins in their skin to discourage predators, but black-backed orioles (Icterus abeillei) ______ the defense: they consume only the soft insides of the butterﬂy.",anticipate,disable,ignore,skirt,circumvent,disregard,ignore,disregard
79,"Though it lacked ______ demeanor, Guatemala City was nonetheless a compelling place to be in 1954.",an engaging,a winning,a sophisticated,a detached,a workaday,a quotidian,an engaging,a winning
80,"By eating tiny organisms and incorporating their prey’s nutrients into their own bodies, large insects become “nutrient packages” for larger insectivores for whom the pursuit of tiny organisms would be ______.",unwieldy,insalubrious,unremunerative,unnecessary,inopportune,unproﬁtable,unwieldy,insalubrious
81,"Researchers comparing test subjects’ abilities to interpret others’ facial expressions found that while some expressions were easy to interpret, others were difﬁcult because they were so ______ the person making the expression.",habitual for,customary for,peculiar to,idiosyncratic to,opaque to,inoffensive to,habitual for,customary for
82,"It is troubling that blogs, which may be among the least reliable sources of information in human history, occupy such ______ positions in Internet search engine results.",enviable,conspicuous,suspect,dubious,controversial,prominent,enviable,conspicuous
83,There is a vast disparity of computational power between mathematical ______ like many of us and a mathematical prodigy like Ramanujan.,dullards,enthusiasts,virtuosos,tyros,geniuses,novices,virtuosos,geniuses
84,"An academic with a questionable record in either teaching, administration, or research may still be well regarded at many schools, but simultaneous failure in all three areas normally results in ______ by superiors.",exculpation,dismissal,impeachment,disapprobation,censure,acquittal,disapprobation,censure
85,"Sea turtle’s grazing on sea grass is less ______ near Bermuda than elsewhere: Bermuda protects sea turtles as an endangered species but does not protect their predators, tiger sharks.",consistent,pervasive,inhibited,destructive,damaging,constrained,consistent,pervasive
86,"Comparing seawater to ice in asteroids to determine the origin of Earth's water is ______: the bulk of Earth's water, hidden deep underground, differs in composition from seawater.",instructive,inapposite,unnecessary,premature,misguided,challenging,instructive,unnecessary
87,"Jane Austen belonged to the social class about which she mainly wrote, and although her novels offer abundant satire, one never has the sense that she viewed the basic elements of this social sphere as ______.",laudable,unfathomable,ignoble,reprehensible,inviolable,praiseworthy,laudable,praiseworthy
88,"Orbiting Jupiter just beyond Europa, the giant moon Ganymede—bigger than the planet Mercury —appears rather ______ on the outside, but it may be warm and active within.",desiccated,forbidding,weathered,inert,adamant,dormant,inert,dormant
89,"Although the use of cameras to study animal behavior was certainly not ______, cameras were nevertheless not used to study individual frogs in their natural habitat until 2009.",ideal,unprecedented,laborious,impractical,novel,perfect,ideal,unprecedented
90,"In nineteenth-century Puerto Rico, the consumption of salted cod spread among the entire population; on the tables of humbler families it became ______ food, adding ﬂavor to other products and supplying much-needed protein.",an exotic,an affordable,an essential,a supplemental,a complementary,a commonplace,an exotic,an affordable
91,"Jimi Hendrix was a pivotal ﬁgure in the visionary aesthetic movement known as Afrofuturism, which is steeped in African American musical tradition yet ______ technological innovation, from synthesizers to spaceships.",circumspect about,indebted to,enthralled by,wary of,captivated by,heedful of,circumspect about,indebted to
92,"Sánchez’ novels have been praised for their remarkable ______, the way in which they so palpably represent a certain place and time.",imaginativeness,realism,allusiveness,verisimilitude,compassion,empathy,compassion,empathy
93,"Because previous experience in ofﬁce tends to reveal the limits of a political candidate's power, we are often ______ candidates with little experience, blank slates onto which we can project our fantasies for change.",interested in,uneasy about,hoodwinked by,drawn to,captivated by,troubled by,interested in,uneasy about
94,"While Davy is regarded as a giant of early chemistry and was once known to every educated British school child, his mentor Beddoes is seen as a ______ ﬁgure, even by historians of medicine.",risible,peripheral,charismatic,subsidiary,beguiling,misleading,risible,peripheral
95,"Throughout the trial the plaintiff has been ______, refusing to comply with orders with which she disagreed.",histrionic,refractory,meticulous,recalcitrant,idiosyncratic,conscientious,refractory,recalcitrant
96,"Psychologists have discovered that some of the most ______ advice on study habits is ﬂat wrong, leading them to revise the guidelines they offer to students.",popular,hallowed,respected,unassailable,effective,beneﬁcial,popular,hallowed
97,"Despite a reputation, once richly deserved, for ______ in adopting new technologies, most big carmakers are pouring resources both into battery power and other alternative forms of propulsion, and into automated driving.",indolence,stoicism,sloth,patience,dispassion,misjudgment,indolence,sloth
98,"The photocopier, widely adopted in the 1960s, became not merely a vehicle for copying but one for publishing in ______ manner, so that ideas could be circulated without interference from potential censors.",an incendiary,a clandestine,an expeditious,a collaborative,a cooperative,a surreptitious,an incendiary,a clandestine
99,"Because there has been such a ______ of information about Jorge Luis Borges’ personal life, it is easy to understand the eager excitement generated by Borges, a selection from the diaries of his closest friend.",stream,glut,paucity,dearth,surfeit,tangle,glut,surfeit
100,"“Over-appropriation”--i.e., excessive exploitation—of water is now the norm for many of the state's streams, resulting in extremely low seasonal ﬂows and even, in some cases, in the drying up of formerly ______ streams.",constant,inundated,healthy,arid,desiccated,perennial,arid,desiccated
101,What Dr.Walther has shown is that many of the standard statistical techniques that are supposed to insure against ______ correlations are inadequate in this case.,numerical,specious,elementary,paltry,quantiﬁable,spurious,specious,spurious
102,"The colors of brocaded silks made by Merina weavers in Madagascar were not ______: magenta, blue, black, pink, yellow, and brown characterize pieces before 1880, while thereafter green, purple, and orange come to the fore.",invariable,generic,conventional,repetitious,static,traditional,invariable,generic
103,"This novel resembles a piece of music in the way it ______ variations on separate themes that contrast, conﬂict, and combine to form ever-more-fascinating patterns.",deploys,alters,rejects,marshals,reiterates,repudiates,rejects,repudiates
104,The ocean's heat capacity (the amount of heat needed to change its temperature) is far greater than that of dry land and thus ______ the ocean's seasonal temperature changes.,reﬂects,mutes,alters,determines,attenuates,parallels,alters,parallels
105,"Just two centuries after the ______ of Chinese algebra under the Song, even the ﬁnest mathematicians of Ming China could not fathom earlier texts.",apogee,rebirth,pinnacle,nadir,expansion,initiation,apogee,nadir
106,Eubank's efforts to facilitate ______ between the two sides came to nothing but could be seen as an early blueprint for the historic agreement between the sides over ten years later.,an alliance,a rapprochement,a conversation,a reconciliation,an altercation,a quarrel,an alliance,a rapprochement
107,"The essayist was known to suffer fools impatiently, but admittedly her vast intellect made that ______ largely justiﬁed.",hauteur,difﬁdence,irritability,imperturbability,superciliousness,timorousness,hauteur,superciliousness
108,"Discussion of planetary orbits is ______ in the context of climate history today, thanks to the acceptance of the thesis that periodic ﬂuctuations in the Earth's axial tilt and precession affect the timing and severity of glacial cycles.",controversial,gratuitous,commonplace,unnecessary,fraught,pervasive,controversial,unnecessary
109,"While Elizabeth Barrett Browning often wrote in restrictively intricate verse forms such as the Petrarchan sonnet, she also sometimes ______ formal constraints in poetry.",defended,neglected,dismissed,appropriated,vindicated,repudiated,neglected,dismissed
110,"Journal editors note that the peer review process has difﬁculty detecting ______: deliberate misinformation, if it is clever enough, might sail right through no matter how scrupulous the reviews.",bias,inconsistency,fraud,negligence,duplicity,carelessness,negligence,carelessness
111,"The rapid melting of glaciers around the globe, while an ominous reminder of global warming, has been ______ for archaeologists, since glaciers are storehouses of frozen materials from prehistoric times.",a conundrum,a nuisance,an inconvenience,a boon,a windfall,a puzzle,a conundrum,a nuisance
112,"Though initially presented in a blaze of hyperbole, the thesis is stated more ______ in the ensuing paragraphs.",humbly,levelheadedly,pretentiously,convincingly,showily,soberly,humbly,pretentiously
113,"The geometry student struggled with the request to demonstrate the ______ proposition, feeling that, since opposite angles were self-evidently equal, there was no need for a proof.",patent,nebulous,arcane,manifest,illogical,plausible,patent,manifest
114,The safety features of modern cars have actually had ______ effect on people's driving: drivers are lulled into a false sense of security by their cars’ sophistication and therefore drive less attentively.,an unintended,an unaccountable,an inconsequential,a deleterious,a negligible,a pernicious,an unintended,an unaccountable
115,"Evidence of the human brain's ______ abounds: violinists, for example, tend to have larger cortical areas devoted to processing signals from their ﬁngering hands than do non-violinists.",synchronicity,ﬂexibility,complexity,malleability,vulnerability,sensitivity,malleability,sensitivity
116,"The author ﬁrst accused the ofﬁcial of espionage in a 1981 book, and—though the case was far from ______, full of suppositions rather than compelling evidence—the accusation has been repeated relentlessly ever since.",unambitious,unconvincing,unassailable,implausible,coherent,airtight,unambitious,unconvincing
117,"Planetary systems are ______, with the orbits of even the largest planets able to evolve and migrate, especially in the early period when interaction between forming planets and the protoplanetary disc is strong.",stable,dynamic,predictable,idiosyncratic,mutable,enigmatic,stable,dynamic
118,"In hindsight, it is easy to say that the geological evidence for ice ages was ______ and to wonder why such periods in the Earth's past were not recognized earlier.",accessible,overwhelming,emerging,irresistible,intriguing,tenuous,accessible,overwhelming
119,Machiavelli's painful account of the Pazzi political conspiracy and the recriminations that followed seems to have been penned with ______ intent: to dampen naive enthusiasm for such adventures by warning of their dangers.,an equivocal,an ulterior,a prophylactic,a pragmatic,an inhibitory,a duplicitous,an equivocal,an ulterior
120,"Just as the short strings of a violin cannot produce the deep, long-wavelength notes of a double bass, so photons—which are vibrations not of strings but of electromagnetic ﬁelds—are ______ by the physical characteristics of objects that conduct electricity.",conveyed,bound,ampliﬁed,thwarted,transmitted,circumscribed,conveyed,transmitted
121,"Most farmers alternate corn and soybean crops in their ﬁelds rather than periodically leaving ﬁelds unplanted, as was once customary, but such ______ cropping can deplete the organic content of the soil.",strenuous,consistent,continuous,unremitting,haphazard,slipshod,haphazard,slipshod
122,"Kelly Cherry’s ﬁction speaks to various postmodern debates regarding history and perception, but does not become so abstract that the reader feels the narrative has been ______ an intellectual agenda.",dependent on,ceded to,surrendered to,facilitated by,hampered by,expedited by,dependent on,ceded to
123,"In the nineteenth century, the dish known as lobster Newburg was sometimes associated with the culinary accessory known as the chaﬁng dish, but Welsh rarebit was considered the truly ______ chaﬁng dish recipe.",indigenous,sumptuous,ubiquitous,paradigmatic,newfangled,archetypal,indigenous,sumptuous
124,"The airline might receive fewer complaints if it got passengers to their destinations on time: in the past few years, only one airline has been more ______.",unproﬁtable,aggressive,remiss,dilatory,impeccable,assiduous,aggressive,remiss
125,"Selling a product with no known or even ______ substitute and with ever-growing demand for it seems as if it would be quite lucrative, but in fact the three biggest private-sector water companies in the world are eager to get out of the business.",recognized,practicable,proﬁtable,acknowledged,imaginable,conceivable,recognized,acknowledged
126,Mechanization of agriculture made it easy for farmers to simply plow more land and ______ soil loss in existing ﬁelds: soil loss was slow enough that famers saw the problem as someone else’s concern.,obscure,ignore,prevent,avoid,discount,anticipate,ignore,discount
127,The bird-watchers’ ______ distinguishing personal interpretations from factual observations was a liability in their stated goal of obtaining objective information about the everyday behavior of ravens.,zeal for,exactness in,ineptitude at,maladroitness in,indifference toward,fervor for,zeal for,exactness in
128,"Since it is an incredible challenge to detect dark matter directly, scientists have ______ existence from its gravitational effects on shaping galaxies and other large-scale structures.",isolated,conﬁrmed,inferred,surmised,documented,hypothesized,inferred,surmised
129,Responsibility for the nation’s decline rests squarely with a people who take for granted their claims to preeminence but do not ______ interest in or commitment to actually maintaining it.,foresee,rebuff,evince,reject,predict,betray 第  248,foresee,predict
130,"The essay, focusing on the intricacies of complex corporate accounting practices, was ______ almost to a fault, leaving the impression that these practices are rather straightforward.",lucid,punctilious,reductive,exhaustive,intelligible,comprehensive,lucid,punctilious
131,"Given that the detailed scientiﬁc description of four-legged animals’ walking gaits is now over a century old, it is ______ that so many artists, taxidermists, and others responsible for depicting animals get leg positions wrong.",exasperating,unsurprising,satisfying,predictable,remarkable,frustrating,exasperating,satisfying
132,"The Harlem Renaissance has been studied extensively as a literary and visual arts movement, but recent scholars have described the role of music as more than ______, in fact, as having made the Harlem Renaissance possible.",necessary,mundane,essential,emotional,incidental,peripheral,necessary,essential
133,"The teacher was known for being stern with ______ students, but kind to any member of the class who seemed the least bit tractable.",complaisant,supercilious,recalcitrant,pliable,incorrigible,mendacious,complaisant,supercilious
134,"Piersma and Gill suggest that bar-tailed godwits—long-billed shorebirds of the Eurasian and Alaskan tundra—rank among the most ______ of the long-range ﬂiers, traveling 11,000 kilometers nonstop across the Paciﬁc.",unpredictable,versatile,erratic,unﬂagging,renowned,indefatigable,unpredictable,versatile
135,"While prudence is recognized as a kind of virtue, there is nonetheless a tendency to view someone who is prudent as, in some sense, ______, too narrow and dull to partake of spontaneously arising opportunities.",timid,laudable,wanting,inculpable,exemplary,deﬁcient,timid,laudable
136,The society of the ancient Moche of northern Peru was ______ one : it was ruled by local lords who were overseen by an elite composed of administrative and religious authorities.,an enduring,an inﬂexible,an abiding,a stratiﬁed,a cohesive,a hierarchical,an enduring,an inﬂexible
137,"In this instance, aesthetics ______ structure, and the unconventional design of the long, slender-decked bridge allowed its deck to move sideways excessively.",prevailed over,harmonized with,bowed to,dominated,invigorated,complemented,dominated,invigorated
138,"Her success is not ______, for she writes clearly about complicated subjects and provides lucid explanations and penetrating insights.",undeniable,undeserved,unanticipated,unparalleled,unsurpassed,unexpected,undeniable,unexpected
139,"Although the shrewdness of Lynn Nottage’s protagonist does seem ______, it is worth remembering that this character is trying to operate a business in a place where there is little room for heart.",appealing,anachronistic,hypocritical,attractive,callous,insensitive,appealing,attractive
140,"Even though water quality in the main reservoir was ______, pollution was worsening in the tributaries because of high level of nitrates and phosphates that had already endangered drinking water in some areas.",deteriorating,declining,stable,steady,improving,acceptable,deteriorating,declining
141,"“Revolutionary” and “unique” are words that have become ______: every century in human history is described as unique, and every year, somewhere in the world, some event is characterized as revolutionary.",overused,interchangeable,confused,distorted,trite,contentious,interchangeable,confused
142,"As the global climate warms, some deserts, expanding to higher latitudes, are beginning to ______ fertile regions.",augment,endanger,destroy,displace,supplant,enrich,displace,supplant
143,"While Takaezu’s ceramic pieces are highly distinctive, her body of work as a whole can feel ______ to critics who wish to track it since she has never dated or conscientiously documented her creations.",edifying,nebulous,austere,anachronistic,instructive,amorphous,edifying,nebulous
144,"In The Balance Within, Sternberg ______ hyperbole, opting for an admirable simplicity and clarity while introducing neuroimmunology as a potential foundation of psychosomatic medicine.",evokes,transcends,elicits,condemns,eschews,avoids,evokes,elicits
145,"Williams argues that philosophy has become ______ occupation these days, and that it should rather be “part of a more general attempt to make the best sense of our life.”",a recondite,a challenging,an esoteric,an exacting,a salacious,an altruistic,a recondite,a challenging
146,"As modern organizations amass more and more digital information, they need guidance on how to deal with the information surplus in a way that is more ______ than simply increasing their storage capacity.",sustainable,onerous,judicious,discriminating,parsimonious,prohibitive,sustainable,discriminating
147,The indigenous uprising in Bolivia in 2008 was not ______: in 1781 indigenous people took over the area near present-day La Paz in what constituted the biggest challenge to the Spanish who then controlled Bolivia.,unsuccessful,unprecedented,unpredictable,disregarded,unique,random,unsuccessful,unprecedented
148,"In a time when so much new concert music failed to speak to listeners, the composer’s symphonies expressed with ______ wit and scorching emotional power the tragic history he lived through.",torpid,insouciant,patronizing,caustic,phlegmatic,stinging,torpid,insouciant
149,The team of physicists regarded the data as too ______ not to study with fresh eyes and ﬁrst questions.,anomalous,singular,implausible,incidental,confounding,ancillary,anomalous,singular
150,"Ruth Carter’s campaigns for Congress were pretty ______: as a liberal in a deeply conservative district, she was virtually certain to lose.",conventional,underhanded,contentious,quixotic,indecorous,unrealistic,conventional,underhanded
151,"Although the courts have ______ an extremely ﬂexible test for determining the admissibility of expert testimony, that does not mean that all experts will be allowed to testify.",underwritten,administered,waived,renounced,endorsed,rescinded,waived,renounced
152,The ______ of native South American textiles at the time of the Spanish conquest should not be surprising: it represented the apogee of one of the world’s oldest and most sophisticated weaving and dyeing traditions.,splendor,eccentricity,diversity,brilliance,practicality,popularity,splendor,brilliance
153,"By 1600, France’s sense of itself as nation bound by a shared destiny was______, but over the course of the seventeenth century, French culture regained the strength it had had in the Middle Ages.",absent,innocuous,benign,unique,precarious,uncertain,absent,innocuous
154,The workers’ rights group was concerned that a new regulation allowing employees to request ﬂexible working conditions was ______ because employers in turn were allowed to deny such requests at will.,ﬂawed,nugatory,incomprehensible,opaque,worthless,disingenuous,nugatory,opaque
155,"______ as ever at eighty-three, Williamson berated the journalists hovering outside his home with a constant stream of abuse.",Fractious,Irascible,Malicious,Reticent,Taciturn,Voluble,Fractious,Irascible
156,"The difﬁculty of understanding subtle behavioral cues in dolphins is undisputed, but this does not obviate the need for the evidentiary foundation of any study of dolphin behavior to be ______.",substantial,outdated,solid,circumstantial,hypothetical,unconﬁrmed,substantial,solid
157,"Although Wanda Coleman’s sonnets sometimes employ ______ word choices, they aptly bring to the fore a distinctly modern anxiety.",ambiguous,archaic,puzzling,surprising,fusty,disturbing,puzzling,disturbing
158,"For those attempting the art, the record of past futurologists’ prognostications can be ______: it includes many conﬁdent predictions of technological revolution that never happened, such as domed cities and nuclear-powered cars.",incomplete,intriguing,mundane,humbling,prosaic,chastening,incomplete,intriguing
159,"Advertising’s role in popular music culture has been redeﬁned: instead of a last resort for the creation and distribution of popular music, advertising now functions as a ______ of music that might otherwise go unheard.",promoter,reﬂection,component,foe,champion,rival,promoter,champion
160,"Though the art of writing was well established in Egypt and Mesopotamia long before the Shang period, the Chinese writing that appeared then seems to have been an entirely ______ development.",unique,banal,homegrown,practical,routine,indigenous,unique,banal
161,"Although the writer meant for the book to serve as a kind of tribute to motherhood, the approach here is hardly a ______ affair.",memorable,saccharine,problematic,divisible,sentimental,controversial,memorable,saccharine
162,"Although biologists know that thousands of species of microbes and invertebrates inhabit one square meter of temperate grassland soil, the identities of those creatures and their contributions to sustaining the biosphere remain ______.",obscure,self-evident,immaterial,murky,contested,obvious,obscure,self-evident
163,"Although a dedicated reader of the book can ______ a brief of chronology of Chappell’s life, the book is nevertheless not a real biography of Chapelle.",miss,imagine,overlook,extract,ferret out,summarize,miss,overlook
164,"Physicians today increasingly rely on endoscopic surgery, ______ large scalpels and clamps in favor of endoscopy’s cameras and ﬂexible tools that can snake into the body through tiny holes.",designing,de-emphasizing,rediscovering,engineering,downplaying,rejecting,designing,engineering
165,"The mayor’s hunger for power was ______: in her own heart, she was utterly convinced that all her energies were being poured out in the service of a cause greater than herself.",despicable,unacknowledged,logical,unquenchable,subconscious,understandable,despicable,unacknowledged
166,Psychoanalysis has increasingly immured itself behind high walls of jargon by using terms like “introjective identiﬁcation” and “countercathexis” and this emphasis on ______ is in part an effort to preserve the ﬁeld’s waning mystique.,conjecture,abstruseness,opacity,consistency,speculation,terminology,conjecture,speculation
167,"Velazquez’ painting can be somewhat ______: one cannot get on familiar terms with them, but only admire their colorful polish from afar.",pedestrian,slippery,ominous,prosaic,ﬂamboyant,elusive,pedestrian,prosaic
168,"While the environmental detection of nuclear explosions has become ______, the ability to detect nuclear weapons programs well before they result in a nuclear device would better serve security objectives.",immediate,unnecessary,redundant,straightforward,surreptitious,unproblematic,immediate,unnecessary
169,"Eliot’s satire stops short of cruelty; inveterately ______, even when it comes to her most ﬂawed characters, her default authorial positions is one of pity.",exacting,magnanimous,demanding,considerate,generous,self-indulgent,exacting,demanding
170,"Psychologist once ______ ﬁction as a way of understanding people because it is made up, but in the past 25 years cognitive psychologists have developed a new appreciation for the signiﬁcance of ﬁctional stories.",overlooked,countenanced,underestimated,scorned,sanctioned,disparaged,overlooked,scorned
171,Geologists’ customary distinction between planetary mantle and core material appears increasingly ______: liquid oxides can be considered either molten mantle constituents or electrically conducting core components.,incontrovertible,untenable,dogmatic,ﬂawed,contradictory,confusing,incontrovertible,untenable
172,Most scholarship that is produced these days vanishes without apparent ______; 98 percent of all publications in the arts and humanities are never cited.,credibility,impact,ignominy,disgrace,inﬂuence,attribution,ignominy,disgrace
173,"Booker T. Washington was always a welcome guest at the White House: although his aloofness ______ intimate conversation, the president felt entirely at ease in his company.",compromised,ruled out,presupposed,precluded,called for,necessitated,precluded,necessitated
174,"Researchers concluded that although the success of pearl millet crops in the region varied with seasonal climatic conditions, cultivation remains ______ because of pearl millet’s predisposition to perform under stressful growing conditions, including drought.",erratic,advantageous,inconsistent,prevalent,impractical,expedient,erratic,advantageous
175,"The Chancellor castigated one regime for its mistreatment of political opponents, whereas he inexplicably ______ another that had committed similar acts.",adjured,exculpated,impugned,neglected,cosseted,absolved,exculpated,absolved
176,"She had a feeling that was not yet fully articulated, ______ sense that something extraordinary and wonderful awaited her.",an inchoate,an onerous,a burdensome,an incipient,a foreboding,an enchanting,an inchoate,an onerous
177,One commentator charged that the discipline of political science has not merely ignored pressing problems of contemporary society but has in fact been used to ______ erroneous public policies.,identify,overcome,rationalize,investigate,explore,justify,rationalize,justify
178,"In some ways, the success of Aishwarya Rai ______ the growing international recognition of India’s ﬁlm industry: in 2003 she was the ﬁrst Indian actor to be one the jury at the Cannes Film Festival.",controverts,personiﬁes,eclipses,epitomizes,explains,belies,controverts,belies
179,It is readily apparent that structures and functions of immature forms in organism as diverse as butterﬂies and frogs are not necessarily mere ______ of adult traits but represent speciﬁc adaptations to life in the niches occupied by juveniles.,miniatures,vestiges,embellishments,precursors,elaborations,forerunners,precursors,forerunners
180,"______ neuroscience’s explanatory power, Patricia Churchland maintains that questions that have been discussed to no effect by philosophers over many centuries are solvable once rephrased as questions of neuroscience.",A chronicler of,A skeptic about,An advocate of,An apologist for,A doubter of,A dissenter from,A chronicler of,A skeptic about
181,The ﬁrm’s startling admission of bookkeeping irregularities called into question the ______ of the oversight that government exercises over the ﬁnancial health of private business.,sufﬁciency,efﬁcacy,authenticity,legitimacy,propriety,constitutionality,authenticity,legitimacy
182,"Although Harman has not produced ______ biography of Robert Louis Stevenson, her understanding of what it takes to write a book enables her to account for Stevenson’s delirious sprints toward and away from publication.",a controversial,a ﬂawed,a deﬁnitive,an idiosyncratic,an unsound,an authoritative,a controversial,a ﬂawed
183,"Despite the ______ amount of high-quality data on the issue of underrepresentation of women professors in math-intensive ﬁelds, particularly in upper-level positions, myths and misunderstandings prevail.",appropriate,suspicious,signiﬁcant,overwhelming,substantial,dubious,appropriate,substantial
184,"An academic with a questionable record in either teaching, administration, or research may still be well regarded at many schools, but simultaneous failure in all three areas normally results in ______ by superiors.",exculpation,dismissal,impeachment,disapprobation,censure,acquittal,disapprobation,censure
185,The sleight of hand of architects whose ambition is to add subtly and seamlessly to early twentieth-century Beaux Arts buildings contradicts a ﬁrst principle of historic preservation; the ______ historical periods should be clear.,changes within,demarcation of,essence of,continuation of,lines between,explication of,changes within,demarcation of
186,One early sign of this new thirst for ______ is the fact that eight members of the committee on professional conduct have already recused themselves in the name of unbiased justice.,enlightenment,exactitude,knowledge,probity,pugnacity,integrity,probity,integrity
187,"Recent advances in the study of desert varnish have been a boon to geologists, allowing them to date surface features and establish regional climate histories in ______ detail.",novel,realistic,unprecedented,superﬂuous,extraneous,surprising,novel,realistic
188,"The breathless pace of the Broadway adaptation of Alice Walker’s The Color Purple was ______, given the adaptation's determination to cram in so many of the incidents that appear in the original source.",unremarkable,inevitable,surprising,excessive,unavoidable,unexpected,unremarkable,inevitable
189,"The automation of many of the functions performed at the factory, although initially inspiring ______ in many of the company’s employees, has had none of the deleterious effects forecast either within and beyond the organization.",trepidation,avidity,diligence,pathos,apprehension,enterprise,trepidation,apprehension
190,"The Federal Reserve Bank is one of the most ______ institutions in the United States, yet many are not aware of the important operations and activities it has carried out during its lifetime.",distinguished,secretive,consequential,indispensable,misunderstood,mysterious,distinguished,secretive
191,"Building the ﬁrst United States transcontinental phone line required fundamental innovations: for example, engineers created an ampliﬁer for the electric signals to prevent them from ______ after a few miles.",propagating,attenuating,dissipating,iterating,deviating,broadcasting,propagating,broadcasting
192,"Cole' s novel is as close to a diary as a novel can get, encompassing reﬂection, autobiography, stasis, and repetition, a daunting task even many accomplished novelists would ______, which, wonderfully, Cole does not do.",sidestep,attempt,hazard,botch,complicate,fumble,botch,fumble
193,"While some naive investors have been convinced by proponents of the merger that the two companies are natural partners, experienced analysts are less ______.",optimistic,credulous,reliable,gullible,skeptical,dismissive,optimistic,credulous
194,"The orthodox approach to legal decision making tends to be backward looking, asking which decision would have the better legal ______.",outcome,lineage,consequence,corollary,standing,pedigree,outcome,consequence
195,"While some commentators see space tourism as being ______, Alice Gorman suggests that we should see a future that includes space tourism as simply one possible future among many.",implausible,inconsequential,ineluctable,inevitable,impressive,intriguing,implausible,inconsequential
196,"Sweet's illustrations are playfully ______: the eye hops sparrowlike from leaf to leaf, uncertain where to settle.",daunting,distracting,integrated,educational,diverting,Informative,daunting,integrated
197,Archer is surprisingly ______ in failing to see her subjects’ self-reported life histories for what they really are: the kinds of stories that pretty much all twenty-somethings tell.,obstinate,credulous,arbitrary,cautious,unprincipled,trusting,obstinate,credulous
198,"That she was unaffected by the ______ of the feudal past was evident in the style in which she wrote of it, a style completely devoid of nostalgia.",allure,cruelty,prestige,barbarity,remnants,magic,cruelty,barbarity
199,"The World Health Organization has recommended that countries use artemisinin-based combination therapies to treat malaria patients, as continued use of artemisinin monotherapies could ______ the efﬁcacy of artemisinin, the most successful antimalarial drug available.",negate,mask,reduce,conceal,attenuate,misrepresent,negate,misrepresent
200,"The ﬁlm's pat and occasionally preposterous story is really just a ______, a serviceable scaffolding for a handful of expert, satisfying individual performances.",dodge,prelude,diversion,pretext,contrivance,distraction,dodge,contrivance
201,"The author engages the subject from diverse perspectives, supports his argument well with many examples, and manages to avoid antagonizing others in dealing with a very ______ subject.",contentious,pedestrian,controversial,perplexing,mundane,intriguing,contentious,pedestrian
202,"Because video game users control their character’s actions, the distinction between media user and character is not as ______ in video games as it is in traditional media, where audience members simply witness characters’ actions.",ﬂuid,salient,fraught,elusive,palpable,charged,salient,fraught
203,Catherine’s ______ made it nearly impossible to discuss beliefs with her that she didn’t already hold.,insularity,parochialism,ideology,openness,assertiveness,receptiveness,openness,receptiveness
204,"Because the country’s media are now operating freely and the electoral authorities have been changed, there should be no repeat of the ______ of last year’s election, when media coverage and vote counts were manipulated by the intelligence agency.",chicanery,blundering,ingenuousness,naivete,vindictiveness,subterfuge,ingenuousness,naivete
205,"Many readers are bemused to discover that Ella Wheeler Wilcox's book Poems of Passion was thought to be ______ when it was published in 1883, as the book seems fairly innocuous.",scandalous,radical,unseemly,uninteresting,pedestrian,eccentric,scandalous,radical
206,"While the rate at which absolute global sea level is rising may seem ______, it has been far from an incidental factor in human history.",disconcerting,intractable,improbable,imperceptible,unnerving,trivial,disconcerting,unnerving
207,The author’s description of the ______ contamination of ocean water with plastic materials— and the resulting threat to marine life—constitutes a valuable lesson in the urgency of managing trash more responsibly than we currently do.,inadvertent,ubiquitous,perilous,pervasive,abating,diminishing,abating,diminishing
208,"However much people what to avoid physical pain and feelings of anxiety, both are ______ self-preservation in a dangerous world.",compatible with,essential for,complementary to,reliant on,indispensable for,noteworthy for,compatible with,essential for
209,Katz’s attitude toward Pancho Villa can hardly be called ______: a thesis runs through Katz’s book to the effect that history has denied Pancho Villa his due.,unsympathetic,dogmatic,inﬂexible,judgmental,neutral,impartial,unsympathetic,dogmatic
210,"Since responsibility for content is often ______ in multiauthor papers, it is easy to suppose that such papers may contain more instances of questionable academic practices than do papers by a single author.",ignored,diluted,disputed,weakened,highlighted,foregrounded,highlighted,foregrounded
211,"When Kim Dae Jung was decisively elected South Korea’s president in December 1997, he was considered something of ______, but nevertheless the right man for the time and the job.",an unknown,an expert,a maverick,a nonconformist,a dilettante,an authority,an unknown,an expert
212,"The author argued that the industrial agricultural system that prevails in the United States is unsustainable and, therefore, anything that ______ it should be questioned.",streamlines,reinforces,encumbers,buttresses,endangers,hampers,reinforces,buttresses
213,"Whereas the original editor had sacriﬁced clarity for brevity and her successor had been too ______, the new editor took an intermediate approach, explicit as to the purport of each document and not too ambitious in detail.",discriminating,prolix,bombastic,verbose,cryptic,inscrutable,cryptic,inscrutable
214,Einstein called Amalie Noether the most signiﬁcant mathematical genius produced since higher education of women began; so transformative was her theorem of mathematical symmetry that some consider the temporal qualiﬁcation in Einstein’s statement ______.,disingenuous,fawning,expendable,ﬂattering,superﬂuous,manifest 第  280,disingenuous,expendable
215,"A key characteristic in the author’s presentation of his character’s dreary life is ______, paragraphs are short, sentence are laconic, patterns of repetition and circularity are evoked by means of symbolic shorthand.",redundancy,economy,hyperbole,concision,exaggeration,restraint,hyperbole,exaggeration
216,Human hearing is remarkably ______: an attentive listener knows if a band’ s drummer is as little as one thousandths of a second late on the beat.,sophisticated,adaptable,independent,sensitive,versatile,discerning,sophisticated,adaptable
217,"Much honored for her work in both theater and ﬁlm, the director was proliﬁc-too much so, according to some critics who thought she sometimes took on projects ______.",haphazardly 第  281,unproﬁtably,indiscriminately,unﬂaggingly,inappropriately,prematurely,indiscriminately,inappropriately
218,"Some species of the genus Daphnia (commonly known as water ﬂeas) are phenotypically ______, altering their diurnal migration behavior and developing exaggerated morphological defenses in response to predators.",immutable,methodical,determinate,plastic,arbitrary,pliable,plastic,pliable
219,"Yang Hong’s studies of ancient Chinese tombs transcribe the tombs’ epitaphs and inscriptions, noting whether these texts corroborate available information about the deceased’s life or ancestry or ______ it by presenting biographical material not found elsewhere.",disseminate,contradict,supplement,obviate,augment,promulgate,contradict,obviate
220,"Wilkinson believes that the subversion of science is widespread, though generally more subtle than the particularly ______ cases he selected to draw attention to his book.",blatant,innocuous,conspicuous,controversial,insigniﬁcant,disconcerting,blatant,conspicuous
221,"Although torrential rains can sometimes be highly destructive, human survival generally proves much more ______ without rain than during periods of its overabundance.",ponderous,unmanageable,onerous,tedious,arduous,unlikely,ponderous,arduous
222,The author’ s latest novel may ______ those who generally spurn her writing: its unvarnished prose has little in common with the labyrinthine interior explorations of her earlier work.,entice,gall,surprise,placate,rankle,appease,placate,appease
223,"Many child development experts emphasize that the effects of a controlling parenting style are ______ individual differences in children’s personality: for instance, such effects are less pronounced among children who are temperamentally agreeable.",confounded with,unaffected by,sensitive to,detrimental to,damaging to,modulated by 第  283,confounded with,unaffected by
224,"He opens in a style that is notably contentious for a scientiﬁc paper, ______ previous works that, in his dim view, have too quickly drawn analogies between human thought and animal thought.",ignoring,cataloging,espousing,endorsing,disparaging,belittling,disparaging,belittling
225,"Claire Tomalin’ s biography of Dickens offers a seamless application of ""the life” to""the art"" -and what ______ balancing act it is, in which, just barely, Dickens' art is not lost amid a smothering welter of facts.",a perilous,a daring,an inadequate,a successful,an insufﬁcient,an unconventional,a perilous,a daring
226,"One of the incongruities of modern industry, according to Reck and Graedel, is that we manufacture modern products with the most sophisticated technologies available yet generally adopt relatively ______ approaches to recycling them. 第  284",economical,basic,crude,conventional,inefﬁcient,inexpensive,economical,basic
227,The actor was quick to warn new members of the cast that the director's cherubic countenance belied ______ temperament.,a deceitful,a choleric,a morose,an imperious,a vengeful,an irascible,a deceitful,a choleric
228,"For all the ______ that would later come to plague the committee, the atmosphere when it was initially convened was one of optimistic camaraderie.",acrimony,controversy,apathy,rancor,despair,frustration,acrimony,rancor
229,"Agnita Tennant’s three-volume translation represents only part one of Pak Kyung-ni’s epic novel of Korean history, but, although seeded with intriguing premonitions of future events, the work reads as ______ narrative.",an independent,a dramatic,a preliminary,a self-contained,an uncontrived,an introductory,an independent,a dramatic
230,Scholars have learned from the demographic reconstructions of the precipitate population decline in the Caribbean after the Spanish conquest that we should be cautious before we treat early accounts of a large preconquest population as though they are ______.,exaggerated,accurate,authentic,persuasive,hyperbolic,deceptive,exaggerated,accurate
231,"While other authors surely ______ American novelist Toni Morrison's literary style, there really was no precedent for the sorts of books she conceived.",appreciated,dismissed,inﬂuenced,adopted,analyzed,informed,appreciated,dismissed
232,The dearth of ______ vocabulary reassures readers of the book that they are initiated in an exclusive sect.,pretentious,affected,commonplace,coarse,riveting,ordinary,pretentious,affected
233,"It can be a daunting task to plunge into the disparate and extensive data sets on the carnivores and ______ meaningful patterns from their extraordinary morphological behavioral, and ecological diversity.",distill,conjure,distinguish,extract,conceal,hide,distill,extract
234,"Land near Bangladesh's coastal rivers is ______: temporary islands, or chars, form in the main rivers as sediments are deposited and then disappear during ﬂoods.",fecund,scant,ephemeral,exiguous,transitory,treacherous,ephemeral,transitory
235,"Despite its stellar performances, the ﬁlm is ______: it seems mysteriously incomplete in essential ways, yet feels repetitive at the same time.",wanting,dull,offensive,curious,distasteful,peculiar,curious,peculiar
236,It’s when his technique is ______ rather than when he’s trying his hardest to impress that Murakami’s spell as a novelist is most persuasive.,unconventional,inconspicuous,low-key,polished,clever 第  288,unorthodox,unconventional,inconspicuous
237,Katherine’s disobedient behavior earned her a ______ from her parents.,eulogy,rebuke,panegyric,mockery,commendation,reproof,eulogy,panegyric
238,"Once deemed too ______ the big bang model of the birth of the universe has turned out to be one of the most robust scientiﬁc theories, with experimental veriﬁcation going back billions of years.",daring,complex,intractable,audacious,ambiguous,unpopular,daring,audacious
239,"Gaige accomplishes a surprising feat: modeling her novel on one of the most ______ narratives in all of literature, she creates a remarkably understated tale. 第  289",sensational,revered,extravagant,imitated,suspenseful,chilling,sensational,revered
240,"When discussing the United States Army's 1876 campaign against the Sioux, Powers is occasionally ______ context: he describes General Crook's march to the Battle of the Rosebud but neglects to mention how it ﬁt into the army's overall strategy.",misinformed about,obsessed with,frugal with,preoccupied with,stinting with,unscrupulous about,misinformed about,obsessed with
241,"Judge Jones brought some welcome levity to the often tense, though sometimes ______, proceedings.",humorous,tedious,stressful,inconsequential,fraught,tiresome,tedious,tiresome
242,"Although technically their members were hunter-gatherers, many early Native California communities exhibited traits more typically associated with well-developed agrarian societies and, therefore, are often presented in the ethnographic literature as ______.",archaic,pragmatic,anomalous,exemplary,exceptional,utilitarian,archaic,pragmatic
243,"The vast majority of universities in the United States promote themselves as institutions of free speech and thought, construing censorship as ______ their search for knowledge.",subordinate to,obviated by,secondary to,antipathetic to,conducive to,inconsistent with,subordinate to,obviated by
244,Louise Gluck has lone been a poet of ______ ideals; only in her later work does she veer toward a partial accommodation to human weakness and imperfection.,admirable,nontraditional,uncompromising,unorthodox,absolute,lofty,admirable,unorthodox
245,"In the early-twentieth-century United States, the enforcement of the “separate but equal”doctrine in the treatment of African Americans was ______: much attention was paid to separation but scant to equality.",meticulous,selective,ruthless,ineffective,unwavering,lopsided,meticulous,selective
246,"Unlike French cuisine, which works as a conversation among regional variations but recognizes the ______ of Parisian cuisine, Italian cuisine afﬁrms a system based on the sum of equally regarded local cuisines.",preeminence,versatility,sophistication,hegemony,heaviness,heterogeneity,versatility,sophistication
247,"Early natural history collections in eighteenth-century Europe were ______: a bear's tooth might sit incongruously alongside a piece of silverwork or, in the menagerie, a South American capybara might be housed next to an African baboon.",painstakingly arranged,impressively comprehensive,meticulously organized,highly exotic,fundamentally miscellaneous,thoroughly eclectic,painstakingly arranged,impressively comprehensive
248,"The early stages of being trained to ride a motorcycle are all about developing muscle memory, repeating combinations of hand-foot movements until they are ______ and precise.",aberrant,innate,reﬂexive,inborn,automatic,calculated,innate,inborn
249,"Khirigsuurs, distinctive stone-mounded monuments, are so ______ in central and western Mongolia that it has been argued that they were the deﬁning features of the human landscapes of prehistoric Inner Asia.",ubiquitous,multifarious,prevalent,varied,admired,overwhelming,ubiquitous,multifarious
250,Artists such as Jimi Jones reveal how ______ art categories really are: Jones successfully uses materials relatively foreign to the hegemonic concept of ﬁne art while working in a style commonly associated with high culture.,fragmented,contrived,pervious,prescriptive,conventional,artiﬁcial,fragmented,contrived
251,"The manufacturing company' s swift maneuver enabled it to evade the full impact of the increasing cost of raw materials, which brought the downfall of ﬁrms that responded less ______.",ruthlessly,deftly,adroitly,carefully,extravagantly,cautiously,carefully,cautiously
252,"Ruth Carter's campaigns for Congress were pretty ______: as a liberal in a deeply conservative district, she was virtually certain to lose.",conventional,underhanded,contentious,quixotic,indecorous,unrealistic,conventional,underhanded
253,"To most ethicists, self-interested action connotes the opposite of moral conduct, and its ______ is for them a virtual prerequisite for serious ethical discourse.",dispersion,promulgation,abjuration,circumscription,repudiation,dissemination,dispersion,dissemination
254,"The recognition of ______ the movements of the Sun, Moon, planets, and stars gave many ancient societies the ability to project the past into the future, lending a predictability to the variable cosmos.",volatility in,periodicity in,reciprocity of,perturbation in,recurrence of,uniformity of,volatility in,periodicity in
255,"The professional curator in Native American tribal museums ideally serves as ______, using her museological training to design exhibits that effectively convey to museumgoers the messages that the tribal community chooses to disseminate.",a mediator,an advocate,a transcriber,a translator,a facilitator,an ambassador,a mediator,an advocate
256,"She criticizes the view that American democracy is ______, its strings pulled not by voters but by a power elite or ruling class.",a sham,an irrelevance,a charade,a success,an achievement,an enigma,a sham,an irrelevance
257,"Until fairly recently, hitchhiking was not an uncommon practice in the United States, but today's motorists are likely to see the occasional hitchhiker as ______, thinking “l didn’t know people still did that!”",a parvenu,an adventurer,an anachronism,a daredevil,a throwback,an upstart,a parvenu,an adventurer
258,Legal scholars envision environmental politics as the pursuit of opposing and ______ interests and therefore likely to lead to confrontation rather than compromise.,selﬁsh,ﬁxed,immutable,competing,irrational,innocuous,immutable,irrational
259,"One of the features of spoken discourse is that a speaker need not be maximally ______: if an interlocutor is confused, he or she can interrupt and ask for clariﬁcation.",honest,forthcoming,courteous,meticulous,explicit,unambiguous,honest,forthcoming
260,"Enlightened thinkers in late-eighteenth-century Europe broadly endorsed the concept of progress, yet theories of progress were usually ______ a strong streak of pessimism, a sense of the challenges inherent in the human condition.",rooted in,requisite for,essential for,contradicted by,tempered by,moderated by,rooted in,requisite for
261,"Voltaire's spirit was one of tolerant cosmopolitanism, even though he didn’t have the ______ to see that one challenge for such a spirit would be whether it was able to endure those who had no wish to be cosmopolitan.",hubris,generosity,ambition,awareness,arrogance,insight,hubris,arrogance
262,Islands harbor a disproportionate amount of Earth’s biodiversity and are characterized by the presence of a great number of ______ plant and animal species; these species are often in danger of extinction by invasive predators.,transplanted,indigenous,adaptable,protean,endemic,anomalous,indigenous,endemic
263,"In mid-twentieth-century Japanese monster movies, a giant creature typically attacks Japan and is ultimately vanquished either by some fortuitous scientiﬁc discovery or by another equally ______ plot device.",extravagant,expedient,tenable,convenient,plausible,dubious,extravagant,expedient
264,"Strong chemical bonds and large energetic reactions are dramatic and easy to observe and understand, but a lot of the world around us and inside us operates on more ______ atomic and molecular interactions.",pervasive,delicate,subtle,dynamic,conspicuous,vigorous,pervasive,delicate
265,By 2004 the idiosyncratic building had become ______ part of the city's urban landscape— hence the outrage when its owners announced that they planned to destroy its facade as part of a renovation.,an integral,a distinctive,an imperfect,a forgotten,a disregarded,a unique,an integral,a distinctive
266,"Throughout her life, Suzanne Césaire remained ______, articulating a greater awareness of the complexity of Caribbean identity than most of her peers had, with a focus on multicultural inﬂuences that anticipated later theorists’ concerns.",an iconoclast,an outlier,an idealist,a visionary,a trailblazer,a romantic,an iconoclast,an outlier
267,"Certainly, the system of peer review of academic articles submitted for publication has intrinsic biases, some of them ______ factors like the homogeneity of the research community.",attributable to,explained by,exacerbated by,unconnected to,mitigated by,commensurate with,attributable to,explained by
268,"Beavers can modify the landscape in dramatic ways that are often______ humans, which is why media reports tend to emphasize what nuisances beavers are.",surprising to,derided by,misunderstood by,annoying to,unexpected by,unwelcome to,surprising to,derided by
269,"One can expect that future generations will steadily become less ______ as new technologies enable the substitution of online activities for social, work-and shopping-related travel.",charitable,itinerant,peripatetic,reticent,muniﬁcent,inquisitive,charitable,itinerant
270,"Pop music continually recycles itself, building new hits around familiar themes, and successful new acts often do not even bother to disguise their ______.",appropriations,innovations,inﬂuences,pilferage,originality,complicity,innovations,originality
271,"To accommodate the ______ nature of clouds, pioneering meteorologist Luke Howard added compound nomenclature to his cloud classiﬁcation system as a way of marking the regular transitions that occur among the three main cloud types.",unusual,essential,solitary,unstable,dynamic,scattered,unusual,essential
272,"In the academic world, the peer-review process and editorial deliberations are largely ______, with only brief traces of these discussions appearing in acknowledgement sections or the occasional footnote that mentions a reviewer’s critique.",protracted,contentious,adversarial,inconclusive,invisible,concealed,protracted,contentious
273,"Cooper was one of the twentieth century’ s most ______ intellectuals: throughout a very long life he took up a great many causes, most of them unpopular.",notorious,eloquent,controversial,polarizing,articulate,detested,notorious,eloquent
274,"While some studies have made claims for dogs’ superiority to cats in terms of intelligence(and other studies have made the opposite claim), it is more widely recognized that, because of the huge differences in these animals’ instinctual priorities, such comparisons are ______.",presumptive,essential,inconclusive,baseless,indispensable,invalid,essential,indispensable
275,"Throughout human history, intelligence and consciousness have been ______ concepts: those possessing much of the former are assumed, in some ill-deﬁned way, to be more conscious than those less astute.",disputed,allied,conﬂated,loaded,contested,misjudged,disputed,contested
276,"It was the Norman conqueror who introduced the forest law into England, but, as with so many institutions that developed after the Norman Conquest of England in 1066, there were some ______ this Norman law.",archaicisms in,antecedents of,innovations in,precedents for,derivations from,novelties about,archaicisms in,antecedents of
277,"Those who ______ probabilistic risk assessment in structural engineering indicate that describing the safety of buildings is a matter of calculating probabilities, but that observation, though sound, does little to establish the superiority of probabilistic methodology.",champion,propound,analyze,disparage,understand,marginalize,analyze,understand
278,"In happier times, ours is a raucous, rude, cacophonous city, ______ cursing, good-natured complaining, and laughing aloud.",an abyss of,an oasis from,a remainder of,a hodgepodge of,a refuge from,a pastiche of,an abyss of,an oasis from
279,"It has long been thought that smell might have ______ relation with memory, and recent research does indeed conﬁrm that recollections tied to smell can be stronger than memories of other types.",an intimate,an overstated,a privileged,a complex,a favored,an exaggerated,an intimate,an overstated
280,"Coffee plants manufacture their own pesticide: caffeine, a chemical that is ______ to smaller organisms but stimulating to larger ones.",anathema,poisonous,displeasing,unsavory,toxic,soporiﬁc,poisonous,unsavory
281,"Some critics, noting the power of photographs to manipulate perceptions, ______ the photographer’s work for intentionally misrepresenting its subjects.",lambasted,exculpated,lauded,scrutinized,censured,shunned,lambasted,censured
282,"This book indulges in a number of convenient ______, including its dubious timeline and its veneer of collective authorship.",ﬁctions,contradictions,analyses,reminiscences,refutations,inventions,contradictions,refutations
283,The fact that no single Cantonese dictionary is seen as ______ is one of the main reasons why most Hong Kong authors do not depend on formal reference tools when writing in Cantonese.,dependable,authoritative,meticulous,deﬁnitive,topical,comprehensive,dependable,authoritative
284,"Because connections made of the material are ______ to fail at high temperatures, it is particularly suited for sacriﬁcial thermal cutoff switches; it is, of course, unsuited to applications where heat durability is needed.",unlikely,disinclined,apt,sure,bound,liable,apt,liable
285,"On close reading, the poem comes across as ______, devoid of any real interest or substance.",vapid,curious,insipid,allusive,singular,problematic,vapid,insipid
286,"In gases, connections between atoms or molecules are even more ______ than they are in liquids, as the particles move randomly and chaotically, bouncing off each other.",energetic,unpredictable,tenuous,robust,intermittent,loose,energetic,unpredictable
287,"Given the important role that apologies can play in human relations and the almost daily news reports of the latest celebrity or political apology, the ______ of empirical research on the subject is surprising.",weakness,scarcity,complexity,impartiality,want,sophistication,complexity,sophistication
288,"The term ""digital divide"" is often ______: instead of a binary distinction between""haves"" and ""have nots,"" access to information technology varies along multiple dimensions, including the type of service and connection speed.",ambiguous,unhelpful,scornful,tendentious,pejorative,useless,ambiguous,unhelpful
289,"The dating of the prehistoric monument Stonehenge necessarily entails a great deal of speculation, with the result that several rather ______ chronologies have been proposed.",impenetrable,meticulous,disparate,inconsonant,confounding,apposite,impenetrable,meticulous
290,"Even the most skeptical readers could hardly deny that the novelist' s best books are remarkably ______: they thrum with energy, imagination, and something resembling white-hot inspiration.",inventive,engaging,spirited,compassionate,vigorous,warmhearted,inventive,engaging
291,"The ______ list of interviewees included everyone from an oceanographer to a microbiologist, to a ﬁlmmaker.",proﬂigate,sweeping,circumscribed,elite,comprehensive,meager,sweeping,circumscribed
292,"Because Latin American colonial societies were fundamentally organized along hierarchical bases, the spatial arrangement of the cities and towns was also ______ ranking.",subordinate to,imbued with,equated with,permeated by,compromised by,constrained by,subordinate to,imbued with
293,"Song, speech, and music are typically one in the blues: the instrument complements the voice, and though they may play instrumental solos, the most ______ blues artists sing through both voice and instrument.",innovative,exemplary,original,reminiscent,representative,nostalgic,innovative,exemplary
294,"The 1901 steel negotiations featured Morgan in his most famously ______ mode: knocking heads together, barking out prices for properties, and forcing titans to truckle to his will.",quixotic,eccentric,histrionic,theatrical,chivalrous,importunate,quixotic,eccentric
295,"The Holy People in Navajo sacred narratives do not act as moral ______: when they teach, it is as often by what they do wrong as by what they do right.",agents,arbiters,defenders,paragons,ethicists,exemplars,paragons,exemplars
296,"Since it is an incredible challenge to detect dark matter directly, scientists have ______ its existence from its gravitational effects on shaping galaxies and other large-scale structures.",isolated,conﬁrmed,inferred,surmised,documented,hypothesized,inferred,surmised
297,The North Atlantic Oscillation is seesaw of atmospheric pressure between a persistent high over Portugal’s Azores islands and an equally ______ low over Iceland.,enduring,delimited,abiding,variable,anemic,bounded,enduring,abiding
298,"Even though some governments are now expressing alarm over their nations’ ______ birth rates, the planetary threat of human overpopulation has not ceased to concern many scientists and environmentalists.",ﬂuctuating,incommensurate,burgeoning,ﬂagging,thriving,languishing,burgeoning,thriving
299,"At every turn in her novels, Patricia Highsmith eschews simple distinctions between good and evil, right and wrong, choosing instead to examine how ______ such distinctions can be.",plastic,palpable,parochial,arbitrary,concrete,malleable,plastic,malleable
300,Executives of successful companies frequently fail to exploit innovative new products because often they see only the difﬁculties and not the beneﬁts of shifting ﬁnancial and human resources from their proﬁtable ongoing concern to something ______.,impractical,risky,earthshaking,vague,speculative,intangible,risky,speculative
301,"Stannard may be hoping to resurrect Spark's literary reputation with this book, given its ______ praise for her creative talents.",unctuous,genuine,grudging,reluctant,unstinting,generous,unctuous,genuine
302,"The tools of science are so specialized that we accept them as a kind of ______ machinery for producing knowledge: we know that they work, but cannot explain why.",occult,efﬁcacious,potent,arcane,impersonal,reliable,occult,potent
303,"The pupil had a reputation for obduracy, but the teacher found her to be, on the contrary, quite ______.",zealous,truculent,bellicose,tractable,efﬁcient,complaisant,zealous,truculent
304,The patrician old guard fancied itself ______ elite acting in ways that served the public interest; but in practice it proved to be intent on retaining its special advantages.,a maligned,a learned,a benevolent,an idealistic,an impartial,a disinterested,a maligned,a learned
305,"The removal of methane from transport emissions is a major ______ for automakers and catalyst suppliers: after decades, there has been little progress in developing catalysts that can initiate methane oxidation at the required temperatures.",accomplishment,challenge,embarrassment,triumph,expense,obstacle,accomplishment,expense
306,"The television network seems to regard its longest-running comedy show as ______, keeping it in the schedule even as the humor it churns out is notoriously hit-or-miss.",ﬂourishing,outdated,inviolable,archaic,sacrosanct,immovable,inviolable,sacrosanct
307,"In Roth' s ﬁction, politics is an element that doesn't naturally occur in ______ form but is always getting confused and mixed up with shame and anger, baseball and sex.",an unalloyed,an unbiased,an uncontroversial,an objective,a neat,a tendentious,an unalloyed,an unbiased
308,"For many centuries, bearing life’s risks was supposed to be part of the human condition, and so any strategy for evading those risks was considered ______ of the natural order of things.",a rejection,a subversion,a violation,an overcoming,an improvement,an amelioration,a rejection,a subversion
309,"One of the virtues of the essay collection is that it presents ______ views side by side, showing a wide range of thought and highlighting the contentious nature of many of the arguments within the discipline.",dissonant,congenial,incongruent,inconstant,authoritative,whimsical,dissonant,congenial
310,"For many readers, dissatisfaction with the book’s contents will be ______ by the author’s tone, which is decidedly immodest—though it might be said in his defense that given his professional success, he has much to be immodest about.",aggravated,mitigated,exacerbated,leavened,conﬁrmed,contravened,aggravated,exacerbated
311,"Computational psychologists, since they take the operation of a computer as a model, ______ concepts from computer science to explain what the mind is and how it works.",appropriate,eschew,emulate,borrow,covet,reject,eschew,reject
312,The late nineteenth century saw a shift in the production of African American history writing as works by ______ authors came to be outnumbered by the publications of professional African American academics.,established,literary,lay,erudite,prominent,avocational,established,literary
313,There is a ______ in the author’s writing: the words seem to stand almost in deﬁance of one another.,discrepancy,tension,misconception,discord,delusion,controversy,misconception,delusion
314,To say that John Adams was forthright was to be ______; friends as well as enemies were likely to characterize his stark honesty and direct manner as blunt and awkward.,ﬁckle,charitable,facetious,unreasonable,forbearing,capricious,charitable,facetious
315,"After landing on a ﬂower, inexperienced bees show an ______ probing response, but they still must invest time in learning how to exploit ﬂowers of increased complexity efﬁciently.",immediate,impressive,inadequate,ineffectual,innate,intuitive,immediate,impressive
316,"At the peak of the stock market’s vertiginous rise, some corporate pension plans became overfunded: their assets ______ their liabilities.",outstripped,equaled,matched,encompassed,inﬂated,surpassed,outstripped,surpassed
317,"Wang’s book is the ﬁrst attempt to deﬁne Chinese autobiography as ______ genre, that is, one distinct from other narrative modes of self-representation popular after the fall of the Qing dynasty in 1911.",an imported,a separate,an inﬂuential,a discrete,an archetypal,an consequential 第  318,an imported,a separate
318,"Although streams of solar particles cause beautiful auroras —the northern and southern lights— sometimes their consequences are less ______: their electromagnetic effects, for instance, can overload power grids and damage orbiting satellites.",spectacular,signiﬁcant,benign,consequential,innocuous,palpable,spectacular,benign
319,"The so-called ""sensation novel, popular in mid-nineteenth-century Britain, was dismissed by some as ______ form of ﬁction, partly because these spine-tingling novels often appeared as serials in cheap, disposable periodicals.",an engrossing,an ephemeral,a macabre,a transitory,a captivating,a debased,an engrossing,an ephemeral
320,"Hamlin Garland has tried to appeal to a wider audience by moving away from the gritty realism of his early writings, which often advanced populist political causes, and toward ______ mainstream ﬁction.",demanding,topical,anodyne,toothless,derivative,challenging,demanding,topical
321,The ear is much more ______ than the eye: only the ear can tell a source that oscillates 30 times a second from one that oscillates 60 times a second.,stable,efﬁcient,durable,discerning,accurate,tenacious,stable,durable
322,"Cash crops require committed, systematic cultivation; rubber tapping, on the other hand, is much more of ______ enterprise: it is largely a matter of stumbling upon a rubber plant that is ready for harvesting.",a lucrative,a contingent,an arduous,a conventional,a proﬁtable,an uncertain,a lucrative,a contingent
323,"Like its protagonists, who are caught up in a historical moment that ______ the possibility of self-fulﬁllment, the novel Ready to Burst by Haitian writer Franketienne moves in disorienting circles, never progressing or achieving closure.",celebrates,downplays,precludes,romanticizes,elevates,frustrates,precludes,frustrates
324,"There are many contemporary composers who receive coveted commissions, only to see their creations ______ after one performance.",dismantled,redrafted,plundered,pilloried,discarded,shelved,dismantled,plundered
325,"He is most frugal in matters of business, but in his private life he reveals a streak of ______.",parsimony,proﬂigacy,immoderation,deceit,dissimulation,indolence,deceit,dissimulation
326,"People may be generally aware that media technologies employ toxic substances but maybe startled by the ______ of the environmental harms involved: humans, animals, vegetation, soil, air, and water are all affected.",noxiousness,permanence,heterogeneity,amplitude,pervasiveness,ubiquity,noxiousness,heterogeneity
327,"Atmospheric geoengineering, such as whitening clouds to cool Earth by reﬂecting more sunlight, is not an alternative to reducing carbon emissions, but it might ______ the beneﬁcial effects of such a reduction.",anticipate,forestall,engender,reinforce,duplicate,complement,anticipate,forestall
328,Picasso’s habit of keeping every last scrap of paper was not entirely a good thing: he left so much of it that his own archives can seem to ______ any view of the man.,corroborate,reﬂect,elucidate,inspire,conﬁrm,illuminate,elucidate,illuminate
329,The power of our Sun is ______: more solar energy strikes the Earth’s surface in one hour of each day than the energy used by all human activities in one year.,prodigious,ominous,auspicious,foreboding,colossal,sufﬁcient,prodigious,colossal
330,"The author takes a decidedly ______ approach to ﬁction, ensuring that any assumptions a reader might bring to his stories will be subject to challenge and disruption.",controversial,nostalgic,unpolished,unorthodox,experimental,wistful,controversial,unpolished
331,"In a production process that is complex and often unpredictable, roles that start out discretely deﬁned may become quite ______.",unambiguous,untenable,ﬂuid,mutable,explicit,perfunctory,unambiguous,mutable
332,"Earth may be considered a more ______ version of the other terrestrial planets:because Earth has developed and maintained plate tectonics over eons, its surface, unlike the other planets’ surfaces, has continued to change.",treacherous,rugged,unsettled,weathered,intricate,inconstant,treacherous,rugged
333,"Although she is widely portrayed as being rather ______, Carson’s letters to publishers reveal her complete conﬁdence in her skills as a writer and naturalist along with her willingness to promote herself and her abilities.",shy,difﬁdent,pedantic,loquacious,capricious,whimsical,capricious,whimsical
334,"Some researchers argue that archaeological evidence is too ______: depending on the background theory archaeologists bring to bear, they may interpret the signiﬁcance of the unearthed artifacts as evidence very differently.",incomplete,inaccessible,indeterminate,controversial,uncertain,fragmentary,incomplete,inaccessible
335,"The term ""borderline, coined in the 1930s to describe a psychiatric condition straddling the boundary between two other diagnoses, remained ______ until John Gunderson enumerated six identifying characteristics of the condition in the 1970s.",equivocal,stigmatized,impracticable,incontrovertible,anomalous,nebulous,equivocal,impracticable
336,"In this otherwise ______ study, the internal tensions resulting from the increasing integration of the United States with the world economy are simply mentioned rather than analyzed.",tedious,thorough,biased,exhaustive,superﬁcial,shallow,thorough,exhaustive
337,"Although Ralph Ellison's Invisible Man has been heavily praised for over 50 years by a wide variety of critics and scholars, there have been ______ from the outset concerning the novel’s political vision.",rebukes,doubts,conjectures,speculations,reservations,accolades,conjectures,speculations
338,Egler's prediction in 1947 that the introduction of mangrove trees to the Hawaiian lslands would cause sweeping ecological change was ______: extensive mangrove forests have come to displace many preexisting plant communities.,accurate,premature,prescient,foresighted,optimistic,precipitate,accurate,premature
339,"The archaeological record suggests that written literature is a ______ the administrative state: invented primarily to keep tax records and memorialize royal decrees, writing eventually got co-opted into preserving people’s myths and legends.",prerequisite for,gloriﬁcation of,progeny of,menace to,celebration of,byproduct of,prerequisite for,gloriﬁcation of
340,"In her literary criticism, eighteenth-century writer Elizabeth Montagu was ______, not only crossing swords with the illustrious Voltaire but also challenging a host of well-known English male commentators on Shakespeare, including Samuel Johnson.",intrepid,original,cautious,valiant,ﬂippant,wary,intrepid,original
341,"As an aspiring politician, Gurstein aims to achieve ______ tone in her public addresses without falling into aristocratic overtones.",a polemical,an elevated,an argumentative,an expressive,a lofty,a dispassionate,a polemical,an elevated
342,"Smi’s analysis of climate change is even more ______ than that supplied by most well-informed writers, and thus deserves serious consideration.",nuanced,unoriginal,complex,derivative,partisan,compelling,unoriginal,complex
343,"While it is true that the tennis star has been defeated in recent years by some relatively obscure players, counting her out of any tournament, particularly if she is healthy, seems ______.",foolhardy,imprudent,unnecessary,audacious,alarming,gratuitous,foolhardy,imprudent
344,"The artist’s apparently casual, improvisatory pictures are not the ______ renditions they may seem:  her pictures are, in fact, the result of a highly disciplined style.",calculated 第  328,rigorous,offhand,precise,extempore,deﬁant,offhand,extempore
345,"Party leaders hoped to ﬁnd a single compelling issue that would ______ party members across the country, prompting them to turn out in signiﬁcant numbers on election day.",satisfy,rouse,intrigue,animate,hamper,impede,hamper,impede
346,"Singer Nina Simone in many ways deﬁed categorization, with her artist ______ evident in her early pieces that drew on disparate musical genres, including musical theater, blues, and jazz standards.",inventiveness,diligence,hybridity,assiduity,eclecticism,acumen,diligence,assiduity
347,"In the past, the exploitation of various categories of natural resources was done ______, but because of the hugely expanded scale of today's economy, exploitation of all the resources in many countries now occurs simultaneously.",fruitfully,rapidly,hastily,benignly,sequentially,successively,fruitfully,rapidly
348,"Though mathematics is ______, like language, it has its roots in the mud of everyday embodied experience; one such root is counting.",essential,indispensable,abstract,theoretical,prescriptive,functional,essential,indispensable
349,The ______ diction of the short Somali poetry form known as balwo was well suited for political purposes: invective could easily be hidden in an apparent love poem.,cryptic,enigmatic,romantic,iconoclastic,irreverent,nuanced,cryptic,enigmatic
350,"Scientists studying the stresses and strains accumulated in the Earth's crust have found that it is surprisingly easy to ______ earthquakes, even in regions that historically have been seismically silent or nearly so.",detect,trigger,ignore,cause,disregard,predict,ignore,disregard
351,"The high seriousness of St. Aubyn’s novel is not at all superﬁcial; in fact, it is ______ the novel’s ferociously comic vision.",redolent of,reminiscent of,intrinsic to,inimical to,antagonistic to,inextricable from,redolent of,reminiscent of
352,"Surprisingly, although the textbooks are ﬁlled with pages of vocabulary and unnecessary detail, their treatment of some fundamentally important concepts is ______.",prolix,piecemeal,verbose,fragmentary,abstruse,succinct,piecemeal,verbose
353,"A telescope orbiting in space, above the unruly atmosphere, is able to detect ultraviolet and infrared emissions that are blocked by Earth’s atmosphere and thus ______ to astronomers on the ground.",unremarkable,indiscernible,exasperating,undecipherable,inconclusive,imperceptible,unremarkable,indiscernible
354,"Walking appears simple, yet every step forward is a ______ act: each step is essentially a fall that one must catch by swinging one’s leg forward so that one’s foot lands on the ﬂoor just in time.",complicated,skillful,hasty,risky,deliberate,precarious,complicated,skillful
355,"Scholars of the civil rights movement have often characterized it as springing from social, political, and economic structures ______ the South, thus overlooking the tradition of civil rights activism in other regions of the country.",originating in,imposed on,perpetuated by,unique to,characteristic of,detrimental to,originating in,imposed on
356,The overall persuasiveness of the literary critic’s analysis was occasionally marred by ______ generalizations that served only to distract attentive readers from the intended point.,questionable,vacuous,broad,dubious,incisive,trenchant,questionable,vacuous
357,It is not exactly socialism that has ______ so much of the country's economic life with cumbersome regulations but a meddlesome governmental culture that has been in place for centuries.,imbued,betrayed,animated,energized,stiﬂed,throttled,animated,energized
358,"Many working physicists believe that general relativity, while ______, is itself only one aspect of a more comprehensive theory that embraces all the forces of nature.",abstruse,complete,obscure,correct,accurate,fascinating,abstruse,complete
359,"Globalization has made ethnic entrepreneurship resilient in postindustrial economies: well represented in the small business sector in the United States, ethnic entrepreneurship has been ______ by the volatile tides of international migration.",sustained,perpetuated,diversiﬁed,vitiated,overwhelmed,attenuated,vitiated,attenuated
360,"Nowadays helium is ______ substance, but just a few generations ago it was an astrophysical conundrum: its spectral lines had been seen in the Sun, but it had never been detected in any other way.",a volatile,a mundane,a voluminous,a commonplace,an abundant,an economical,a volatile,a mundane
361,"Although the establishment of risk exposure limits and other safety regulations is generally presented as ______, risk-related decisions often contain value-based judgments regarding which risks to accept.",disinterested,impartial,necessary,prudent,preventative,sensible,disinterested,necessary
362,According to,"Elizabeth Arnold, fungi growing inside plant tissue are not causing disease and may in fact protect the plant: leaves of wild cacao trees with abundant internal fungi, for example, ______ colonization by disease-causing fungi. A. resist",accelerate,offset,expedite,withstand,interrupt,accelerate,interrupt
363,"For a long time, painter V. S. Gaitonde's reputation, which barely existed in the West, ______ in his native India, partly because his abstract style was viewed as culturally irrelevant, even un-Indian.",ﬂagged,endured,languished,burgeoned,persevered,metamorphosed,endured,persevered
364,"Millville has its share of suburban eyesores—cement-block strip malls, rows of fast-food restaurants, and ______ split-level homes marching up hillsides denuded of trees.",magniﬁcent,superlative,abysmal,banal,lackluster,diminutive,superlative,abysmal
365,Her poetry was marked by a tension between modernity and traditionalism: she adhered to classical modes of expression while deriving inspiration from ______ social themes.,difﬁcult,contemporary,challenging,topical,conventional,controversial,contemporary,challenging
366,"Tycho Brahe had assigned Kepler the task of deriving parameters for the model of Mars, a particularly ______ problem, which had stymied others because the large eccentricity of Mars exposed the inadequacies of the model itself.",novel,recalcitrant,intractable,crucial,profound,treacherous,novel,recalcitrant
367,"A simplistic ______ of idealism is to assert that because physical reality appears solid and “real"" to the senses, no other substances exist.",refutation,censure,antithesis,equivocation,rebuttal,summary,refutation,rebuttal
368,"Though the CEO was not in accordance with the board’s decision to reward employees with a larger than expected annual bonus, she was hardly one to ______ workers their compensation.",allow,begrudge,deny,indulge,grant,entrust,allow,grant
369,"While the kitchen may be free of the toxins polluting the outdoors, certain cooking implements, when heated at high temperatures, can release ______ vapors.",rancid,noxious,evanescent,targeted,unorthodox,dangerous,rancid,evanescent
370,"To any observer, ancient or ______, the night sky appears as a hemisphere resting on the horizon.",antiquated,perceptive,modern,astute,contemporary,archaic,antiquated,archaic
371,Anthropologists contend that the ancient Mesopotamians switched from grain production to barley after excessive irrigation and salt accumulation made the soil ______ grains.,indifferent to,inhospitable to,unsuitable for,acrimonious to,benignant to,inured to,indifferent to,inhospitable to
372,Researchers interested in the nature versus nurture debate use identical twins who were separated at birth to explore which personality characteristics are ______ and which arise through experience.,intractable,nascent,erudite,innate,predilection,inborn,innate,inborn
373,"The eccentric Canadian Prime Minister, Mackenzie King, often used stances to contact his dead pet dog for advice; despite this ______ behavior, the public had so much conﬁdence in his ability as a leader that he was in power for 22 years.",capricious,lackluster,poised,unconventional,repulsive,decorous,capricious,lackluster
374,"The circulation of the blood makes human adaptability to the ______ conditions of life, such as ﬂuctuating atmospheric pressure, level of physical activity, and diet, possible.",inveterate,dynamic,timorous,cowed,turgid,oscillating,inveterate,timorous
375,"A particular bacterium that has never encountered a particular virus will usually succumb to it, a ______ that may, surprisingly, be beneﬁcial to the colony in which the bacterium lives.",susceptibility,theory,characteristic,juxtaposition,collision,hypothesis,theory,hypothesis
376,"Retroﬁtted with stabilizing devices, some of which ______ its aesthetics, the bridge has been reopened, no longer prone to excessive swaying but not quite the breathtaking structure it originally was.",impair,resist,improve,enhance,restore,compromise,improve,enhance
377,"Mr. Hirsch says he will aim to preserve the foundation’s support of ______ thinkers, individuals who are going against the trends in a ﬁeld or an acknowledged set of opinions.",iconoclastic,integrative,doctrinaire,heterodox,dogmatic,synthesizing,iconoclastic,integrative
378,"In France cultural subsidies are ______: producers of just about any ﬁlm can get an advance from the government against box-ofﬁce receipts, even though most such loans are never fully repaid.",ubiquitous,invaluable,sporadic,scanty,questionable,omnipresent,ubiquitous,omnipresent
379,"Although it is loathsome to some people, slang often expresses ideas with great directness, avoiding the ______ of more reﬁned language.",circumlocution,syntax,ornateness,obfuscation,periphrasis,opprobrium,circumlocution,periphrasis
380,The ______ of the Foundation novels by the noted science-ﬁction writer Isaac Asimov is that historians and psychologists succeed in ﬁnding laws that can successfully predict—based on collective human behavior—the broad outlines of future events.,premise,verisimilitude,postulate,paradox,incongruity,implication,premise,postulate
381,"What is remarkable about The Feminine Mystique is that it can seem, alternately, so antique and so ______, a reminder of what has changed and what has not.",fresh,obsolete,scholarly,learned,obvious,germane,fresh,obsolete
382,"Jane Austen belonged to the social class about which she mainly wrote, and although her novels offer abundant satire, one never has the sense that she viewed the basic elements of this social sphere as ______.",laudable,unfathomable,ignoble,reprehensible,inviolable,praiseworthy,laudable,praiseworthy
383,"Evidence of the human brain’s ______ abounds: violinists, for example, tend to have larger cortical areas devoted to processing signals from their ﬁngering hands than do non-violinists.",synchronicity,ﬂexibility,complexity,malleability,vulnerability,sensitivity,malleability,sensitivity
384,"Vast, complex, and deeply entrenched, the administrative apparatus that answered to Egypt’s Queen Cleopatra was ______ instrument with which to govern.",an antiquated,an efﬁcient,a modest,a simple,an unwieldy,a cumbersome,an antiquated,an efﬁcient
385,"With poetry seemingly forever composing its own ______, and the novel apparently writing its last chapter, science ﬁction writers are now similarly concerned that they face a future in which their writing could, ironically, be a thing of the past.",saga,chronicle,critique,inaugural,elegy,requiem,elegy,requiem
386,"In mid-nineteenth-century Paris, some independent women survived economically by running small dressmaking businesses, though the displacement of custom-made clothing by factory-made garments ______ these needleworkers’ economic opportunities.",confounded,curtailed,diminished,augmented,destroyed,disguised,confounded,diminished
387,"The government has been able to ______ the country’s most serious social, economic and political problems, but these problems remain and may be getting worse.",redress,sidestep,champion,dodge,remedy,investigate,redress,remedy
388,"Despite the rather ______ conditions required for its preservation, the evidence for glaciation during the late Proterozoic is found on every continent, suggesting that ice sheets were present throughout the globe.",unusual,hostile,drastic,stringent,exacting,complex,unusual,hostile
389,The movie’s ponderousness is ______ by the gripping performance turned in by the lead actor.,heightened,exacerbated,mitigated,belied,relieved,symbolized,mitigated,relieved
390,"Koizumi’s decision to stake his political career on postal reform was less ______ than it might sound because the postal system could pass along trillions of yen to government ﬁnancial institutions, beneﬁting him politically.",quixotic,impractical,calculating,shrewd,impulsive,maladroit,calculating,shrewd
391,"Researchers who study pollinator behavior are increasingly interested in multicomponent ﬂoral signals, but they often focus on how individual components are learned by pollinators rather than on the beneﬁt of signal ______ per se.",complexity,stability,magnitude,intensity,variation,intricacy,complexity,intricacy
392,"In her novel, the sea is ______ symbol: to the narrator, it clearly represents everything that is destructive in nature, but at other times it seems to stand for everything in nature that is serenely beautiful.",an unorthodox,an equivocal,an unconventional,a comprehensive,an elusive,an ambiguous,an unorthodox,an equivocal
393,"Frequently blamed for making ______ coverage decisions, insurance companies are eager to avoid additional bad press.",heartless,unfair,parsimonious,callous,deﬁnitive,conclusive,heartless,unfair
394,A number of recent pieces of instrumental music are linked by a common feature: the considerable ______ left to the individual performer in the way he or she chooses to play the work.,ﬁdelity,restraints,keenness,latitude,leeway,curbs,restraints,curbs
395,"The ﬁerce drought that is gripping the area-and imminent rationing and steep water price increases-is ______ the area’s deep economic divide, as wealthy communities guzzle water while poorer communities nearby conserve by necessity.",deﬁning,bridging,highlighting,exacerbating,underscoring,adjusting,exacerbating,adjusting
396,"Wilson sees the ideas that he presents in his new book as being notably ______, but his critics, by contrast, claim that they are actually rather conventional.",understated,iconoclastic,subversive,democratic,egalitarian,daunting,understated,iconoclastic
397,"With Duncan’s ambitious study, Chesnutt appears ﬁnally to have outgrown the ______ treatment he once received from literary historians and critics for whom he typically served as a merely transitional ﬁgure in the African American tradition.",cursory,jocular,heartfelt,didactic,fervent,perfunctory,cursory,perfunctory
398,"Despite his secure position as a writer, Samuel Richardson adopted a strangely ______ posture, soliciting advice on early drafts of his second novel from readers familiar with his earlier work.",complaisant,quarrelsome,nonchalant,deferential,dispassionate,perfunctory,nonchalant,perfunctory
399,"The trilogy balance seriousness with brilliant special effects, a fundamental furious darkness with fast-paced and engaging storytelling, so that the books manage to be simultaneously disturbing and ______.",intense,fun,melodramatic,gloomy,entertaining,somber,gloomy,somber
400,"In our solar system, Earth is the most ______ of the rocky, or terrestrial, planets, so when ﬁrst searching beyond solar system, scientists were not accustomed to planets of similar composition but many times the mass.",complex,temperate,clement,sizable,intricate,substantial,complex,temperate
401,"World music once represented the timeless and the ______, but now bands across the globe mix rock, dance music, and hip-hop with the sounds of their own cultures, creating new hybrids that are hard to resist.",untranslatable,superior,inclusive,unalloyed,unrivaled,unadulterated,untranslatable,superior
402,"Scientists have recently conﬁrmed that Mercury possesses a lot of ice, ______ discovery for a place that ranks among the hottest in the solar system.",a controversial,a stunning,a doubtful,a counterintuitive,a dubious,an unexpected,a controversial,a stunning
403,"During the ﬁfteenth century, the aspects of the mathematical science were usually singled out as ______: their preparatory value for the study of philosophy, their practical advantage for the community, and their antiquity.",estimable,superlative,inﬂated,praiseworthy,unique,adventitious,estimable,superlative
404,"There are too many characters, too many subplots, and no one clearly deﬁned protagonist, making for ______ story.",an unfocused,a maudlin,a superﬁcial,a sentimental,a complicated,a diffuse,an unfocused,a maudlin
405,The ______ of cosmic rays remains mysterious because their paths are bent by the galaxy's magnetic ﬁeld-meaning that the directions they come from do not point to whatever created them.,structure,origin,velocity,production,provenance,speed,velocity,speed
406,"While many of Florence Price’s art songs suffer from an excess of emotionality, “To my Little Son” actually demonstrates some ______, which makes the song more approachable and ultimately more moving.",self-assurance,spunk,intelligence,restraint,conﬁdence,moderation,restraint,moderation
407,"The author’s approach to her subject is less ______ than that of some of her predecessors in the ﬁeld, though here and there she cautiously takes a stand on a potentially divisive issue.",propitious,auspicious,portentous,contentious,pretentious,tendentious,propitious,auspicious
408,"Evolutionary psychologists hold that mating patterns arise from individual strategies to ______ one’s genetic qualities, either by producing more offspring or by adding the survival of one’s relatives.",ascertain,transcend,transmit,propagate,overcome,regulate,ascertain,regulate
409,"Prunella Clough was by no means reclusive, enjoying an extensive social and teaching life, but she deliberately kept a low proﬁle, being famously ______ biographical details.",unreliable regarding,untrustworthy regarding,guarded with,stinting with,irritable about,uninterested in,unreliable regarding,untrustworthy regarding
410,"The tools of science are so specialized that we accept them as a kind of ______ machinery for producing knowledge: we know that they work, but cannot explain why.",occult,efﬁcacious,potent,arcane,impersonal,reliable,occult,potent
411,"Pre-Columbian peoples had a signiﬁcant impact on Amazonian forest diversity; at least 8,000 years ago, they mush have begun domesticating plants recently found to be ______ around sites once occupied by humans.",hybridized,abundant,uncommon,preserved,harvested,dominant,abundant,uncommon
412,It is often taken for granted by scholars that Emily Dickinson is ______ poet: her poems have a peculiar quality that makes understanding seem beyond the reader’s ken.,a melancholy,an unusual,a pensive,a difﬁcult,a whimsical,an enigmatic,a melancholy,an unusual
413,"For every ______ reader of Vestiges there were many more who became vocal critics, and the book aroused heated opposition from a broad range of British society.",outspoken,meticulous,sympathetic,well-disposed,unenthusiastic,candid,outspoken,candid
414,"Unsurprisingly, the novelist’s new work has been without its critics, drawing particularly attention from those who have ______ the vapidity of other novels of the same genre in a number of acerbic reviews.",reprehended,questioned,ignored,overlooked,decried,relished,ignored,overlooked
415,"Proponents of xeriscaping, a method of landscaping designed to minimize irrigation, point out that grass planted in desert locations has ______ effect on the environment, sapping water that is valuable and already scarce.",a benign,a pernicious,a superﬁcial,a trivial,an inevitable,a deleterious,a benign,a pernicious
416,"Encompassing more than petty disagreements over order in the author list, arguments about attribution in science speak to ______ issues—for example, where do new ideas come from, and what constitutes a new idea?",contemporary,profound,practical,topical,controversial,weighty,profound,weighty
417,"Her success is not ______, for she writes clearly about complicated subjects and provides lucid explanations and penetrating insights.",undeniable,undeserved,unanticipated,unparalleled,unsurpassed,unexpected,undeniable,unexpected
418,"According to Waters, Cheryl Fish’s otherwise brilliant analysis of Mary Seacole is ______ by a postmodern penchant for inventive jargon and fuzzy metaphysics.",negated,marred,dominated,caricatured,forestalled,tainted,marred,tainted
419,"By avoiding hyperbole in her deﬁnitive account of one of the most inﬂuential but controversial banks of the modern era, Hurst show herself to be a ______ author.",judicious,brilliant,compelling,sensible,sympathetic,solicitous,judicious,brilliant
420,"In stark contrast to her earlier plays, which are noisily crammed with monologues and overlapping dialogue, Caryl Churchill’s later theatrical works are notably ______.",laconic,inventive,cogent,resourceful,spare,bland,laconic,inventive
421,"Attempts to restore carnivores to ecosystems from which they were eliminated have become ______: indeed, many species are even being introduced into areas where they did not previously roam.",expensive,controversial,contentious,commonplace,effective,widespread,expensive,controversial
422,"Recent advances in the study of desert vanish have been a boon to geologists, allowing them to date surface feature and establish regional climate histories in ______ detail.",novel,realistic,unprecedented,superﬂuous,extraneous,surprising,novel,realistic
423,"Traditionally, doctors have measured consciousness by getting response from patients, asking questions like, “Can you hear me?”—an approach that is ______ for people who are conscious but unable to respond.",fanciful,imprecise,vague,illicit,inadequate,ineffective,fanciful,vague
424,"The essayist was known to suffer fools impatiently, but admittedly her vast intellect made that ______ largely justiﬁed.",hauteur,difﬁdence,irritability,imperturbability,superciliousness,timorousness,hauteur,superciliousness
425,"The scholars’ hypothesis challenges the scope of human psychological and behavioral universal, but does not dispense with them entirely: the team remains conﬁdent that displays of pride, for instance, are ______.",inherited,pernicious,ubiquitous,symptomatic,detrimental,omnipresent,ubiquitous,omnipresent
426,"As some primate experts have argued, the ﬁnding that related species have similar social structures, presumably as a result of shared genes inherited from a common ancestor, ______ nongenetic explanations of social behavior.",revitalizes,anticipates,undermines,challenges,predicts,eludes,anticipates,predicts
427,"While spectroscopy may be an obscure tool, there is nothing correspondingly ______ about claims concerning its importance: it proved that the rest of the universe is built form the same kinds of atoms as we are.",banal,arcane,esoteric,prosaic,equivocal,self-evident,banal,prosaic
428,The legislators didn’t merely sell out to business; they retreated to ______ style of governing whereby the interest group that is currently lobbying the hardest on an issue determines the party’s position.,a reckless,a rigid,a craven,an unyielding,an arrogant,a cowardly,a reckless,a rigid
429,Responsibility for the nation’s decline rest squarely with a people who take for granted their claims to preeminence but do not ______ interest in or commitment to actually maintaining it.,foresee,rebuff,evince,reject,predict,betray,foresee,predict
430,"Padilla is a contrarian by nature, so it is no surprise that the clothes she designs have consistently ______ established fashion trends.",hindered,challenged,exacerbated,worsened,impeded,ﬂouted,hindered,impeded
431,"Despite the critic’s assertion that Willa Cather’s place in the literary canon is now so entrenched that it scarcely matters if she were really a modernist, her reputation arguably remains ______.",ﬂawless,uncertain,impressive,tenuous,consequential,steadfast,uncertain,impressive
