id,stem,translation,option1,option2,option3,option4,option5,option6,answer1,answer2,answer1_base,answer2_base
1,"In establishing that the dust she had observed constitutes two percent of the mass in the quadrant, the astronomer showed that the dust’s extreme visual prominence _______ its relatively minor contribution to the total mass of the region.",天文学家通过证实她所观测到的尘埃仅占该象限总质量的百分之二，表明这些尘埃在视觉上的极度显著掩盖了其在该区域总质量中所占份额相对较小的事实。,belies,masks,highlights,nullifies,disproves,accentuates,belies,masks,bely,mask
2,"Writing about advances in climate science is often problematic, in part because the material is so _______: climate science is the study of shifting, interrelated, and sometimes paradoxical patterns.",撰写有关气候科学进展的文章往往十分困难，部分原因在于这些材料过于错综复杂：气候科学研究的是不断变化、相互关联且有时充满矛盾的模式。,disheartening,pedestrian,complicated,depressing,knotty,mundane,complicated,knotty,complicate,knotty
3,"There are many insights in the essays collected in Observations on Modernity, but they are embedded in a dense English translation of a dense German original that may make many of them _______ to most readers.",《现代性观察》收录的随笔中包含许多真知灼见，但它们深藏于一部晦涩德语原作同样艰深的英文译本之中，这使得大多数读者可能难以理解其中的许多见解。,vapid,inaccessible,sagacious,banal,distressing,opaque,inaccessible,opaque,inaccessible,opaque
4,"Noise suppression in phones can play an important role in making cellphone networks more efficient, since when sounds that are _______ to the meaningful signal are transmitted, precious network bandwidth is wasted.",手机的噪声抑制在提高蜂窝网络效率方面能够发挥重要作用，因为一旦传输了与有效信号无关的声音，就会浪费宝贵的网络带宽。,unsuitable,detrimental,irrelevant,confined,limited,extraneous,irrelevant,extraneous,irrelevant,extraneou
5,"Though Edmund certainly had a dignified bearing and made a great first impression, those who became acquainted with him soon realized he had an essentially _______ nature.",尽管埃德蒙举止沉稳庄重且第一印象极佳，但熟悉他的人很快就意识到他本质上是一个极具攻击性的人。,pugnacious,deliberate,punctilious,courteous,complacent,truculent,pugnacious,truculent,pugnaciou,truculent
6,"The life of a secret agent is dangerous enough, but the life of a double agent is infinitely more _______: a single slip can send an agent crashing to destruction.",特工的生活已经足够危险，但双面间谍的生活更要凶险得多：哪怕一次小小的失误都会让特工万劫不复。,arduous,precarious,clandestine,perilous,covert,exhilarating,precarious,perilous,precariou,perilou
7,"Natural aging causes nerves to die off and muscles to weaken, but regular exercise enlarges muscle fibers and can _______ the decline by increasing the strength of the muscle you have left.",自然衰老会导致神经元消亡和肌肉萎缩，但规律的锻炼可以增大肌纤维，并通过增强剩余肌肉的力量来延缓这种衰退。,speed up,stave off,forestall,facilitate,assist,exploit,stave off,forestall,stave off,forestall
8,"Creativity is no longer seen as _______ inspiration leading to poem or painting, it has come to be thought of as something permeating the whole of a person’s life.",创造力不再被视为催生诗歌或画作的转瞬即逝的灵感，而是被认为贯穿了一个人生活的方方面面。,a mundane,a momentary,an illusory,an evanescent,a metaphoric,a prosaic,a momentary,an evanescent,momentary,evanescent
9,"Although legislators on both sides of issues have repeatedly _______ a desire to find a middle ground, until now no acceptable compromise has been achieved.",尽管在这些议题上持对立立场的立法者多次公开宣称希望找到中间立场，但迄今为止尚未达成任何可接受的妥协。,discussed,proclaimed,professed,rejected,disowned,betrayed,proclaimed,professed,proclaim,profess
10,The company is so old-fashioned and opposed to innovation that it can seem downright _______.,这家公司思想极其保守且反对创新，以至于显得彻底陈腐过时。,antediluvian,flighty,archaic,chauvinistic,capricious,patronizing,antediluvian,archaic,antediluvian,archaic
11,"Estimating demographic parameters in marine mammals is challenging, often requiring many years of data to achieve sufficient precision to _______ biologically meaningful change.",估算海洋哺乳动物的种群参数极具挑战性，通常需要多年的数据积累才能达到足够的精度，以识别出具有生物学意义的变化。,effect,tolerate,discern,envisage,withstand,detect,discern,detect,discern,detect
12,Scientists should hope the faults in their theories will be _______ their peers since the refutation of one hypothesis can free its originator to develop a better one.,科学家应该希望自己理论中的缺陷能被同行发现，因为推翻一个假说可以使提出者摆脱束缚，从而提出更好的假说。,discerned by,disregarded by,discovered by,ignored by,opaque to,inspiring to,discerned by,discovered by,discern by,discover by
13,"In Ramachandran’s opinion, it is perfectly acceptable to propose bold speculations about the brain, even if these speculations seem _______; as Ramachandran frequently remarks, science thrives on risky conjecture.",在拉马钱德兰看来，对大脑提出大胆推测是完全可以接受的，即便这些推测看似毫无根据；正如他经常指出的那样，科学正是在充满风险的猜想中蓬勃发展的。,unfounded,premature,controversial,verifiable,testable,baseless,unfounded,baseless,unfound,baseless
14,"The concert hall’s suspended ceiling is two-inch-thick plaster that reflects low-frequency sound energy; similarly, all wall surfaces are angled and shaped to _______ sound from the stage throughout the audience area.",音乐厅的吊顶是两英寸厚的石膏层，可以反射低频声音能量；同样，所有墙面都经过角度与形状设计，以便将来自舞台的声音扩散到整个观众席区域。,diffuse,amplify,spread,dampen,eclipse,deaden,diffuse,spread,diffuse,spread
15,Any notion of justice in the fortunes of artists is _______: works of equal value and quality produce quite different returns or no returns at all.,任何认为艺术家的境遇中存在正义公平的观念都是站不住脚的：价值与质量相当的作品所带来的回报可能大相径庭，甚至毫无回报。,baseless,cliché,untenable,insulting,condescending,idealistic,baseless,untenable,baseless,untenable
16,"Agencies responsible for protecting natural resources too often issue permits allowing exploitation of those resources, a process that remains _______ given that agencies have become experts at masking their decisions in scientific terms.",负责保护自然资源的机构过于频繁地发放允许开采这些资源的许可证，鉴于这些机构已经成为擅长用科学术语掩饰其决策的行家里手，这一审批过程依然极不透明。,controversial,exacting,obscure,onerous,opaque,misleading,obscure,opaque,obscure,opaque
17,"Since it was committed to the idea of science as an international, politically neutral enterprise, the Royal Society of London refused to _______ members from enemy nations during world wars of the twentieth century.",由于坚持科学是一项跨国界且政治中立的事业，伦敦皇家学会在二十世纪的两次世界大战期间拒绝开除来自敌对国家的会员。,betray,expel,endorse,oust,sanction,condemn,expel,oust,expel,oust
18,Coagulation factors are useful proteins whose simple names—many are known only by Roman numerals—_______ their importance and the specificity of their roles in the thinning and clotting of blood.,凝血因子是一类非常重要的蛋白质，它们简单的名称——许多仅用罗马数字命名——掩盖了它们的重要性以及在血液稀释和凝固中所起作用的特异性。,nullify,obviate,mitigate,belie,mask,accentuate,belie,mask,belie,mask
19,"Despite her rather _______ choices, Moreland was neither a rebellious spirit nor someone who saw herself as anything out of the ordinary.",尽管莫兰的选择相当特立独行，但她既没有叛逆精神，也不认为自己有任何非同寻常之处。,unconventional,impractical,quirky,flamboyant,successful,lucrative,unconventional,quirky,unconventional,quirky
20,"Despite their cultural and social significance, rapid growth, and widespread appeal in China, video games—unlike traditional media—have received _______ attention from international communication researchers.",尽管电子游戏在中国具有重要的文化与社会意义、增长迅猛且广受欢迎，但与传统媒体不同，它受到的国际传播学研究者的关注却极少。,undue,scant,excessive,focused,limited,dwindling,scant,limited,scant,limit
21,Miller reminded his clients that labor relationship is inherently _______: the interests of business owners are diametrically opposed to those of employees.,米勒提醒他的客户，劳资关系本质上是对抗性的：企业主的利益与雇员的利益截然对立。,adversarial,exploitative,mercenary,antagonistic,variable,changeable,adversarial,antagonistic,adversarial,antagonistic
22,"Progressive and reactionary populist movements are not necessarily _______: each may, and usually does, possess features of the other.",进步主义和反动民粹主义运动并不必然是截然对立的：二者都可以、且通常确实拥有对方的特征。,dichotomous,untenable,unsustainable,contradictory,subversive,efficacious,dichotomous,contradictory,dichotomou,contradictory
23,"Although one can adduce a myriad of examples of ecosystem disruption by nonindigenous species, nevertheless most introduced species that survive in fact appear to have quite _______ effects on the ecosystem they have invaded.",尽管人们可以列举出大量非本土物种破坏生态系统的例子，然而大多数存活下来的引进物种对其入侵生态系统的影响实际上似乎微乎其微。,minimal,trifling,marked,conspicuous,intriguing,deleterious,minimal,trifling,minimal,trifl
24,"Although field studies have linked inbreeding to declines among song sparrow populations, some researchers argue that, in nature, inbreeding proves _______ as a factor when compared with crushing blows from weather changes.",尽管野外研究将近亲繁殖与歌带鹀种群数量的下降联系在一起，但一些研究人员认为，在自然界中，与气候变化的毁灭性打击相比，近亲繁殖作为一个影响因素显得微不足道。,hazardous,momentous,trivial,significant,precarious,inconsequential,trivial,inconsequential,trivial,inconsequential
25,"Harper Lee’s narration in To Kill a Mockingbird is _______, mixing an adult’s and a child’s perspective according to no logic other than the immediate exigencies of the plot.",哈珀·李在《杀死一只知更鸟》中的叙述是大杂烩式的拼凑，仅仅根据情节的当下需要将成年人与儿童的视角混合在一起，毫无其他逻辑可言。,a paradigm,a hodgepodge,a model,an innovation,a patchwork,an embarrassment,a hodgepodge,a patchwork,hodgepodge,patchwork
26,"The employee had a reputation for fractiousness, but his coworkers found him to be, on the contrary, quite _______.",这名员工虽有脾气暴躁的名声，但他的同事却发现他恰恰相反，其实十分随和平易。,insightful,affable,sagacious,capable,easygoing,productive,affable,easygoing,affable,easygo
27,"Even though women in the United States would not gain the right to vote until 1920, throughout the nineteenth century many feminist goals were gradually _______, especially the rights of married women to control their own property.",尽管美国女性直到1920年才获得选举权，但在整个十九世纪，许多女权目标已逐步得以实现，尤其是已婚女性支配自身财产的权利。,realized,abandoned,eroded,modified,revised,achieved,realized,achieved,realize,achiev
28,"Edited collections of scholarly essays generally tend to be somewhat uneven: they suffer from the _______ subject matter of the various essays, the lack of an overarching and consistent thesis, and the variable quality of the contributions.",汇编的学术论文集通常往往参差不齐：它们受累于各篇论文主题的庞杂各异、缺乏统领且一致的核心论点，以及各篇文章质量的高低不一。,intriguing,heterogeneous,comprehensive,disparate,mediocre,engaging,heterogeneous,disparate,heterogeneou,disparate
29,"In matters of taste, the art patron and collector Peggy Guggenheim was _______: she was for the strangest, the most surprising, the most satisfying, the best, the unique.",在品味方面，艺术赞助人和收藏家佩吉·古根海姆是一个追求极致的狂热者：她崇尚最奇特、最惊艳、最令人满意、最出色以及独一无二的事物。,a neophyte,a novice,a realist,an extremist,a pragmatist,a zealot,an extremist,a zealot,extremist,zealot
30,"The laboratory maze has grown ever less _______ since it was first invented; instead of hoping to lose a rodent in a labyrinth, today’s scientists design mazes to elicit a few simple, easily measured behaviors.",实验室迷宫自最初发明以来变得越来越不复杂；如今的科学家不再期望让啮齿动物迷失在迷宫中，而是设计迷宫来诱发几种简单且易于测量的行为。,intricate,extensive,effective,convoluted,useful,prevalent,intricate,convoluted,intricate,convolute
31,"In mathematics, judgments about the validity of proofs are mediated by peer-reviewed journals; to ensure _______, reviewers are carefully chosen by journal editors, and the identity of scholars whose papers are under consideration are kept secret.",在数学界，对证明有效性的评判是通过同行评审期刊来进行的；为确保客观公正，期刊编辑会审慎挑选审稿人，并且对受审论文作者的身份保密。,timelessness,originality,fairness,comprehensiveness,objectivity,novelty,fairness,objectivity,fairness,objectivity
32,"Since some contemporary Western dieticians believe that the only function of food is to provide nourishment, these dieticians view an emphasis on the aesthetic dimension of the culinary arts as _______.",由于一些当代西方营养学家认为食物的唯一功能是提供营养，这些营养学家认为强调烹饪艺术的美学维度是毫无根据且毫无必要的。,unprecedented,unwarranted,illuminating,groundless,promising,novel,unwarranted,groundless,unwarrant,groundless
33,"Members of the union’s negotiating team insisted on several changes to the company’s proposal before they would support it, making it clear that they would _______ no compromise.",工会谈判团队成员坚持要求对公司的提议进行若干修改后才予以支持，明确表示他们绝不容忍任何妥协。,disclose,reject,brook,tolerate,repudiate,weigh,brook,tolerate,brook,tolerate
34,"Wilson is wont to emphasize the _______ of ants, how ants with full stomachs will regurgitate liquid food for those without, or how the old will fight so the young can survive.",威尔逊习惯强调蚂蚁的利他行为，例如饱腹的蚂蚁会为饥饿的同伴吐出流质食物，或者年老的蚂蚁会奋勇战斗以让年幼的蚂蚁生存下来。,beneficence,altruism,unpredictability,intelligence,fecundity,fertility,beneficence,altruism,beneficence,altruism
35,"During the Renaissance, the use of optical lenses, which were capable of projecting images onto blank canvases, greatly aided artists by allowing them to accurately observe and depict the external world; in other words, these lenses were instrumental in conveying _______.",在文艺复兴时期，能够将图像投射到空白画布上的光学透镜极大地帮助了艺术家，使他们能够精确地观察和描绘外部世界；换句话说，这些透镜在传达逼真感方面发挥了重要作用。,idealism,optimism,ambition,realism,sanguinity,verisimilitude,realism,verisimilitude,realism,verisimilitude
36,"The professor’s habitual air of _______ was a misleading front, concealing amazing reserves of patience and a deep commitment to his students’ learning.",这位教授习惯表现出的暴躁神情只是一种具有误导性的假象，掩盖了他惊人的耐心以及对学生学业的深切投入。,cordiality,irascibility,disorganization,conviviality,diffidence,exasperation,irascibility,exasperation,irascibility,exasperation
37,"The beauty of the scientific approach is that even when individual researchers do _______ bias or partiality, others can correct them using a framework of evidence on which everyone broadly agrees.",科学方法的妙处在于，即使个别研究人员确实屈从于偏见或不公，其他人也可以利用大家普遍认同的证据框架来纠正他们。,overreact to,deviate from,succumb to,recoil from,yield to,shrink from,succumb to,yield to,succumb to,yield to
38,The reconstructed known work is beautiful and also probably _______: it is the only Hebrew verse written by a woman.,这部复原的已知作品不仅优美，而且很可能是独一无二的：它是唯一由女性创作的希伯来语诗歌。,singular,unique,archaic,counterfeit,valuable,fake,singular,unique,singular,unique
39,"In a book that inclines to _______, an epilogue arguing that ballet is dead arrives simply as one more overstatement.",在一本通篇倾向于夸大其词的书里，断言芭蕾舞已死的尾声只不过是又一句言过其实的说辞罢了。,pessimism,misinterpretation,imprecision,vagueness,exaggeration,hyperbole,exaggeration,hyperbole,exaggeration,hyperbole
40,"The political upheaval caught most people by surprise: despite the _______ warnings of some commentators, it had never seemed that imminent.",这场政治剧变让大多数人措手不及：尽管一些评论员曾发出具有先见之明的警告，但这场剧变此前似乎从未如此迫在眉睫。,stern,prescient,prophetic,indifferent,repeated,apathetic,prescient,prophetic,prescient,prophetic
41,"Asserting a need to preserve the _______ that became the hallmark of her predecessor’s tenure, the new director of federal monetary policy refused to subscribe to rigid or mechanistic rules in policy making.",新任联邦货币政策主管坚称需要保持灵活性——这一特点已成为其前任任期的标志，因此她拒绝在政策制定中遵循僵化或机械的规则。,firmness,adaptability,unpredictability,autonomy,strictness,flexibility,adaptability,flexibility,adaptability,flexibility
42,"At first, most of the famous fairy tales seem so implausible and so irrelevant to contemporary life that their _______ is hard to understand.",起初，大多数著名童话故事显得如此难以置信且与当代生活毫无关联，以至于它们能够经久不衰流传至今令人难以理解。,universality,persistence,appeal,ephemerality,survival,transience,persistence,survival,persistence,survival
43,"Far from _______ innovations, as the patent system was designed to do, the patenting of concepts such as gene sequences gives individuals and corporations a legal chokehold over ideas that should be useful to all.",专利制度本旨在激励创新，然而对基因序列等概念授予专利非但没有促进创新，反而让个人和企业对本应造福全人类的理念形成了合法的垄断扼杀。,spurring,recognizing,codifying,acknowledging,fostering,cataloging,spurring,fostering,spurr,foster
44,"Advocates for workers’ rights have adopted a new strategy, one that will require considerable ingenuity but that, if successful, could _______ a movement aimed at making labor rights an unassailable feature of American democracy.",劳工权利倡导者采取了一项新策略，该策略需要极大的智慧，但若取得成功，便能激发一场旨在使劳工权利成为美国民主制度中不可动摇之一环的运动。,frustrate,galvanize,presume,affect,animate,thwart,galvanize,animate,galvanize,animate
45,"Anne Carson’s book Nox is, very deliberately, _______ literary object, the opposite of an e-reader, which is designed to vanish in your palm as you read on a train.",安妮·卡森的书《诺克斯》（Nox）非常刻意地被设计成一件笨重的文学实物，与专为在火车上阅读时隐于手掌而设计的电子阅读器截然相反。,an evanescent,a cumbersome,an immutable,an unwieldy,an ephemeral,a flexible,a cumbersome,an unwieldy,cumbersome,unwieldy
46,"One of the peculiarities of humans is that we irrationally gravitate to the predictable and avoid risk; whatever the reasons for this _______, it is hardly a sound basis for dealing with complex, long-term problems.",人类的怪癖之一在于我们会非理性地倾向于可预测的事物并规避风险；无论这种偏好的原因是什么，它都很难成为解决复杂的长期问题的合理基础。,eccentricity,predilection,vacillation,proclivity,wavering,cowardice,predilection,proclivity,predilection,proclivity
47,"Williamson had a fierce commitment to achieving an accord, spending an enormous amount of time trying to forge a consensus out of an often _______ assembly.",威廉森坚定致力于达成协议，花费了大量时间试图在往往充满分歧且躁动不安的议会中凝聚共识。,apathetic,fractious,restive,cynical,compliant,tractable,fractious,restive,fractiou,restive
48,"One _______ is that so far, web services have turned out to be much harder to deliver than their champions had hoped.",一个意料之外的障碍是，到目前为止，网络服务的实现难度远超其拥护者的预期。,hope,snag,prospect,hitch,upshot,reason,snag,hitch,snag,hitch
49,"Science is arguably a very high-minded pursuit, but that is not to say that all of its practitioners are _______, as numerous articles alleging overly generous pharmaceutical industry payments to medical researchers have tried to show.",科学固然是一项崇高的追求，但这并不意味着所有从业者都是无可挑剔的，正如大量指控制药行业向医学研究人员提供过高报酬的文章所试图揭示的那样。,conventional,clever,unimpeachable,ingenious,blameless,predictable,unimpeachable,blameless,unimpeachable,blameless
50,"In a field of egotists, Bloomfield is _______, often praising her competitors and punctuating her correspondence with self-deprecating remarks.",在一个自大狂云集的领域中，布卢姆菲尔德显得十分谦逊，她经常赞美竞争对手，并在信件往来中不时流露自嘲之词。,unassuming,complimentary,acerbic,ingenuous,cutting,modest,unassuming,modest,unassum,modest
51,"Because its previously _______ beliefs had become core tenets of mainstream politics, the activist group disbanded; with no more skeptics to persuade, its purpose had evaporated.",因为该激进团体此前被视为不切实际的信念已成为主流政治的核心信条，该团体便告解散；既然不再有怀疑者需要去说服，其存在的目的也就荡然无存了。,arcane,seditious,quixotic,idealistic,popular,conventional,quixotic,idealistic,quixotic,idealistic
52,"Although scientific progress leads to constant revision of ideas, one observation that has remained _______ over the years is that there are a lot of insects in the world: some 950,000 species have been identified.",尽管科学进步导致观念不断被修正，但多年来始终确凿不移的一项观察是世界上有大量的昆虫：目前已确认的物种约有95万种。,robust,significant,strong,perplexing,confounding,obscure,robust,strong,robust,strong
53,"After rising continuously over the summer, commodity prices fell, leaving analysts wondering whether the downward trend is a turning point or merely a _______ before demand picks up in the winter months.",在整个夏季持续上涨之后大宗商品价格出现下跌，令分析师们纳闷这种下跌趋势是一个拐点，还是仅仅是在冬季需求回升前的暂时停歇。,spike,upsurge,harbinger,portent,lull,respite,lull,respite,lull,respite
54,"Doris Kearns Goodwin’s elegant, incisive study of Lincoln _______ those whose knowledge of Lincoln is an amalgam of high school history and popular mythology as well as those who are experts.",多丽丝·肯斯·古德温对林肯所作的优雅而深刻的研究，既让那些对林肯的认知仅是高中历史与通俗神话杂糅的大众感到满意，也让相关专家赞赏有加。,gratifies,entices,inspires,confuses,perplexes,pleases,gratifies,pleases,gratify,please
55,Explorers could not build on each other’s knowledge if they could not trust records of previous explorers; thus exploration depended on the _______ of those who had gone before.,如果探险家们无法信任先前探险者的记录，他们就无法在彼此知识的基础上更进一步；因此，探险依赖于先驱者的严谨与精确。,collegiality,endurance,exactitude,meticulousness,eminence,tenacity,exactitude,meticulousness,exactitude,meticulousness
56,"Well organized and researched and including all significant discoveries and medical scientists, this history of Western medicine has justly been called _______.",这部西方医学史结构严谨、考据详实，囊括了所有重大发现与医学家，被公认为是一部详尽全面的百科全书式著作。,encyclopedic,long-winded,exhaustive,rambling,overbearing,undiscriminating,encyclopedic,exhaustive,encyclopedic,exhaustive
57,"Though it may seem as if more than a century of _______ has made the electrical grid an all-encompassing web connecting the whole of the continent, many vast and beautiful areas remain without power.",尽管一个多世纪以来的扩张看似已使电网成为覆盖整个大陆的无所不包的网络，但许多广袤而美丽的地区仍然没有通电。,refinement,expansion,ubiquity,augmentation,omnipresence,isolation,expansion,augmentation,expansion,augmentation
58,"Much of the literature of railroads seeks someone to _______, and it is thus replete with encomiums on entrepreneurs and managers.",许多关于铁路的文献都在寻找值得歌颂的对象，因此充斥着对企业家和管理人员的赞美之词。,indict,rehabilitate,exalt,valorize,emulate,excoriate,exalt,valorize,exalt,valorize
59,"Not only was this writer content to leave the reading public in the dark, she seems to have _______ the role of trickster, seeding her works with apparent clues that led nowhere.",这位作家不仅乐于让广大读者蒙在鼓里，而且似乎十分享受扮演骗术师的角色，在作品中布满看似明显却毫无所指的线索。,rejected,disdained,relished,participated in,delighted in,developed,relished,delighted in,relish,delight in
60,The major _______ of much popular history is that it betrays no interest in making intellectual contributions to our understanding of an issue.,许多通俗历史读物的主要缺陷在于，它们丝毫无意为我们对某一问题的深刻理解做出学术性贡献。,characteristic,shortcoming,dilemma,quandary,ploy,fault,shortcoming,fault,shortcom,fault
61,"The jazz style called bebop was born and nurtured in New York City, and despite a _______ initial reception, it resonated three thousand miles away on the West Coast.",被称为比博普（bebop）的爵士乐风格在纽约诞生并成长，尽管最初反响混乱令人困惑，但它却在三千英里外的西海岸引起了共鸣。,wary,warm,confused,muddled,convivial,hostile,confused,muddled,confus,muddl
62,"Despite the _______ of medical information available through e-mail, the Internet, and mobile devices, not many patients are taking advantage of the potential of electronic communications for health-related needs.",尽管通过电子邮件、互联网和移动设备可以获取海量的医疗信息，但利用电子通信潜力来满足健康相关需求的患者却并不多。,wealth,complexity,intricacy,profusion,resurgence,overload,wealth,profusion,wealth,profusion
63,"Reversing a decade-long trend on global _______, earth’s surface has become brighter since 1990, scientists are reporting.",科学家报告称，自1990年以来地球表面变得更加明亮，扭转了长达十年的全球变暗趋势。,warming,cooling,diffusing,dimming,darkening,heating,dimming,darkening,dimm,darken
64,"All Shaker furniture implies _______ humanism in design: the Shakers made objects that look like objects, following a nonhuman law of design and rejecting the unconscious self-flattery inherent in making anthropomorphic objects.",所有夏克式家具都体现了对设计中人文主义的摒弃：夏克教徒制作的器物纯粹呈现器物本身的模样，遵循非人类中心的设计法则，并摒弃了制造拟人化器物所固有的无意识自我奉承。,a rejection of,a liberation from,a belief in,an affinity for,an attraction to,a misunderstanding of,a rejection of,a liberation from,rejection of,liberation from
65,"The controversial social analysis that Moynihan offered in the 1960s is now generally recognized as having been prescient; in fact, it has been the _______ upon which much of our discussion of social pathology must base.",莫伊尼汉在20世纪60年代提出的备受争议的社会分析，如今被普遍认为具有先见之明；事实上，它已成为我们许多关于社会病理学讨论所必须依凭的基石。,concession,bedrock,imperative,compromise,foundations,vision,bedrock,foundations,bedrock,foundation
66,"The Great Lakes wolf is a _______, stumping scientists as to whether it is a subspecies of the gray wolf or a distinct species.",五大湖狼是一个谜团，令科学家们困惑不解，无法断定它是灰狼的一个亚种还是一个独立的物种。,prototype,riddle,paragon,model,legend,conundrum,riddle,conundrum,riddle,conundrum
67,The book aims to illuminate how science has changed the meaning of nothingness from _______ philosophical concept to something we can almost put under a microscope.,该书旨在阐明科学如何将“虚无”的含义从一个模糊的哲学概念转变为几乎可以置于显微镜下观察的事物。,a tangible,a palpable,a nebulous,a nettlesome,an incontrovertible,a vague,a nebulous,a vague,nebulou,vague
68,"Readers have long considered Lawd Today!, Richard Wright’s first written and last published novel, _______; the novel simply seems inconsistent with the image of what a Wright text should do or be.",读者长期以来一直将理查德·赖特创作最早却最晚出版的小说《今天的主啊！》视为一部反常之作；这部小说看起来根本不符合人们对赖特作品应有风貌的既定印象。,an artifact,a prototype,an anomaly,a mainstay,an aberration,a model,an anomaly,an aberration,anomaly,aberration
69,It is hardly _______ for today’s film to try to blur the boundaries between the moral and the immoral. Hollywood has been doing that since at least the 1960s.,如今的电影试图模糊道德与不道德之间的界限绝非什么新颖之举；好莱坞至少从20世纪60年代起就一直在这么做了。,entertaining,original,novel,pertinent,relevant,insightful,original,novel,original,novel
70,"For those of us who have been intoxicated by the power and potential of mathematics, the mystery isn’t why that fascination developed but why it isn’t _______.",对于我们这些沉醉于数学力量与潜力的人来说，令人不解的不是这种着迷何以产生，而是为何这种着迷未能普遍存在。,advantageous,discounted,prevalent,undervalued,celebrated,widespread,prevalent,widespread,prevalent,widespread
71,The nation’s robust economic performance could be _______ by the persistent flaws in its economic institutions and structure that are the result of half-finished and misguided government policies.,该国强劲的经济表现可能会受到其经济体制和结构中持续存在的缺陷的损害，而这些缺陷正是半途而废且被误导的政府政策所造成的。,neutralized,concealed,undermined,impaired,obscured,outstripped,undermined,impaired,undermin,impair
72,"An abundance of nutrient-rich pollution in estuaries causes algae to _______, much as houseplants grow better when their soil contains added fertilizer.",河口处大量富含养分的污染物导致藻类大量繁殖，正如室内植物在土壤施肥后会长得更好一样。,abound,proliferate,stagnate,coalesce,collect,diversify,abound,proliferate,abound,proliferate
73,"Taking to the mountains to escape the chaos occasioned by the collapse of the ruling dynasty, artists looked to nature for _______ and a serenity not evident in human society.",为了逃避王朝覆灭所引发的混乱，艺术家们隐入山林，在自然中寻求人类社会中所缺失的秩序与宁静。,an order,a stability,a fragility,a decadence,an interaction,a degeneracy,an order,a stability,order,stability
74,"Changes made to ecosystems in order to achieve a goal, such as food production or flood control, often _______ significant unforeseen trade-offs between other important products and services the ecosystems provide.",为了实现粮食生产或防洪等目标而对生态系统做出的改变，往往会引发意想不到的重大权衡取舍，影响到该生态系统提供的其他重要产品和服务。,predict,delay,foretell,obscure,yield,engender,yield,engender,yield,engender
75,The union states its position polemically; its leaders say they are fighting to save good jobs while _______ corporations replace full-time workers with part-time ones in order to cut down on both wages and benefits.,工会以激烈辩论的姿态陈述其立场；其领袖表示，贪婪的企业为了削减工资和福利而用兼职员工取代全职员工，而他们正在为保住优质就业岗位而斗争。,precarious,enterprising,rapacious,troubled,influential,avaricious,rapacious,avaricious,rapaciou,avariciou
76,"When the atmosphere over the city is at its best, it is peculiarly _______, and this clarity seems to distill the very special beauty of the place.",当城市上空的大气处于最佳状态时，空气异常澄澈通透，而这种澄澈感似乎升华了这座城市极其独特的美感。,limpid,acute,calm,sharp,pellucid,tranquil,limpid,pellucid,limpid,pellucid
77,"The book brings together many valuable reports on conservation projects, but with less variety than might have been wished: nearly half the contributions are from the same state, and consequently, the case studies are similarly _______ geographically.",这本书汇集了许多有关保护项目的有价值的报告，但多样性不及人们所期望：近半数的文章来自同一个州，因此这些案例研究在地理上同样呈现出相互关联的特征。,rudimentary,interdependent,interrelated,complex,heterogeneous,dissimilar,interdependent,interrelated,interdependent,interrelate
78,"Culture, like speech, is primarily a human faculty, although both functions may exist in a more _______ form in lesser primates.",文化与言语一样主要是人类特有的机能，尽管这两种机能可能以更为原始初级的形式存在于较低等的灵长类动物中。,indispensable,crucial,primitive,intelligible,recognizable,rudimentary,primitive,rudimentary,primitive,rudimentary
79,"Tompkinson’s prior donations to the university, while very generous, failed to _______ the magnitude of her latest gift.",汤姆金森此前对该大学的捐赠虽然非常慷慨，却未曾预示出她最新这笔捐款规模之巨大。,compensate for,portend,clarify,predict,offset,undermine,portend,predict,portend,predict
80,"The first images of Jupiter’s moon Callisto show bright regions of material, as if older and darker ice had slid downhill and exposed the _______ ice underneath.",木卫四（Callisto）的首批图像显示出明亮的物质区域，就好像较古老、颜色较深的冰层滑落到山下，露出了下方纯净无瑕的冰层。,ancient,murky,pristine,unblemished,grimy,weathered,pristine,unblemished,pristine,unblemish
81,"Mortoris is dour and _______, seemingly incapable of smiling, let alone laughing.",莫托里斯性格冷酷阴郁，似乎根本不会微笑，更不用说开怀大笑了。,mirthful,jovial,intelligent,tepid,lugubrious,gloomy,lugubrious,gloomy,lugubriou,gloomy
82,"His premiership, seemingly cast-iron a year ago, is now so vulnerable that even a good day at the office does no more than buy him a few weeks of _______ from rebels within his own party.",他的首相职位一年前看似坚不可摧，如今却如此脆弱，以至于即便政务顺遂的一天，也最多只能为他从党内反叛者那里换来几周的喘息之机。,controversy,reproach,respite,relief,blame,deference,respite,relief,respite,relief
83,"Even before she went to art school, Veronica found the standard design categories _______: she didn’t understand why designing buildings and designing tables should require different sensibilities.",甚至在进入艺术学院之前，维罗妮卡就觉得标准的设计分类充满局限与束缚：她不明白为什么设计建筑物和设计桌子需要不同的感知力。,provocative,limiting,stimulating,confusing,confining,exhilarating,limiting,confining,limit,confin
84,"The author engages the subject from diverse perspectives, supports his argument well with many examples, and manages to avoid antagonizing others in dealing with a very _______ subject.",作者从多元角度切入该课题，运用大量实例有力支撑其论点，并在处理这一颇具争议的主题时成功避免了招致他人的反感。,contentious,pedestrian,controversial,perplexing,mundane,intriguing,contentious,controversial,contentiou,controversial
85,"Space is often referred to as the final frontier, as the only realm of which humankind has still to gain substantial understanding, yet the ocean is also another vast area about which our knowledge is _______.",太空常被称为最后的边疆，是人类尚待获得实质性了解的唯一领域，然而海洋同样是另一个浩瀚的领域，我们对它的了解依然十分粗浅匮乏。,erroneous,confusing,frustrating,rudimentary,delusive,sketchy,rudimentary,sketchy,rudimentary,sketchy
86,"Few ideas are more _______ than the notion that cultures evolve in Darwinian fashion; many academics have begun writing about cultural evolution, but few treat the underlying Darwinian logic with the care it deserves.",很少有观点能像“文化以达尔文式演化”这一概念那样被如此滥用；许多学者已开始撰文探讨文化演进，但很少有人以应有的审慎态度对待其背后的达尔文逻辑。,abused,archaic,misused,outdated,divisive,derivative,abused,misused,abus,misus
87,"After many years of feeling _______ by his senior managers, Clark was becoming hopeful of advancement.",在多年感到受阻于高级管理人员之后，克拉克终于对晋升重燃希望。,vilified,stymied,hindered,aggrieved,circumvented,overlooked,stymied,hindered,stymy,hinder
88,Readers looking for another condemnation of private equity firms should look elsewhere; this book is not _______ such firms.,读者如果想寻找另一篇对私募股权公司的谴责，应当去别处寻找；这本书并不是对这类公司的痛斥抨击。,a rant against,a diatribe on,an exculpation,a disquisition on,a vindication of,an argument about,a rant against,a diatribe on,rant,diatribe on
89,"Although the biography never explicitly assesses what role the dynamic between Mr. Merrill’s parents might have played in the development of his personality, the author offers plenty of _______.",尽管该传记从未明确评估美林先生父母之间的互动关系在其性格形成中所起的作用，但作者提供了大量的推测与猜想。,mystification,elucidation,speculation,reflection,obfuscation,conjecture,speculation,conjecture,speculation,conjecture
90,"There are great _______ in countries’ greenhouse gas emissions, especially in per capita terms: while the United States and China are similar in aggregate emissions, United States per capita emissions are a huge multiple of China’s.",各国的温室气体排放量存在巨大差异，尤其是在人均排放量方面：虽然美国和中国的排放总量相近，但美国的人均排放量却是中国的数倍之多。,distortions,disparities,fluctuations,advances,variances,vacillations,disparities,variances,disparity,variance
91,There is frequently a protracted time interval between the introduction of an innovative musical composition and its public acceptance; the concert-going public often spurns the _______ in favor of the familiar for a prolonged period.,一部创新的音乐作品从问世到被公众接纳往往隔着漫长的时间跨度；常常去听音乐会的公众往往会在相当长的一段时间内摒弃新颖之作，而偏爱熟悉的作品。,comprehensive,intricate,novel,original,intelligible,complex,novel,original,novel,original
92,"The concept of the Hellenistic period in ancient history has proved useful but also _______, with scholars disagreeing on the dates when the period began and ended.",古代史中“希腊化时代”的概念已被证明是有用的，但同时也是难以精确界定的，学者们对于该时期开始和结束的具体日期一直存在分歧。,slippery,elusive,fruitless,deceptive,futile,compelling,slippery,elusive,slippery,elusive
93,A cure for the common cold has been so elusive that it has become a modern symbol of _______.,治愈普通感冒的疗法一直如此难以寻觅，以至于它已成为现代徒劳无功的象征。,danger,futility,unease,pointlessness,sloth,apathy,futility,pointlessness,futility,pointlessness
94,The dictator’s gleaming military uniform and imperial paraphernalia sharply contrast with the _______ fashion favored by most other contemporary political leaders.,这位独裁者闪闪发光的军装和帝国行头，与当今大多数其他政治领导人所偏爱的低调朴素风貌形成了鲜明对比。,unostentatious,modest,august,majestic,formal,casual,unostentatious,modest,unostentatiou,modest
95,"If giant X-ray flares churn circumstellar disks enough to keep newborn planets, such as Earth once was, from spiraling into their suns, it would be an ironic twist on our conception of X-ray flares as _______.",如果巨大的X射线耀斑对星周盘的搅动足以阻止新生行星（如曾经的地球）螺旋式坠入其恒星，那么这将是对我们认为X射线耀斑极度危险这一观念的讽刺性颠覆。,dangerous,predictable,ancient,ephemeral,perilous,foreseeable,dangerous,perilous,dangerou,perilou
96,"The Chavez Pass archaeological site was initially interpreted as indicative of _______ society, since it was thought to have been at the center of a cluster of smaller, contemporary settlements that it presumably controlled.",查韦斯山口考古遗址最初被解释为等级分化社会的象征，因为人们认为它曾处于一组同时期较小定居点的中心，并推测它对这些定居点拥有控制权。,an expansionist,a hierarchical,an urban,a heterogeneous,a diverse,a stratified,a hierarchical,a stratified,hierarchical,stratify
97,"Although the insistence on balancing spending against tax revenues has contributed to the economy’s stagnation, unfortunately, the government does not seem likely to _______ this rigid policy.",尽管坚持收支平衡已导致经济陷入停滞，但不幸的是，政府似乎不太可能废除这项僵化的政策。,initiate,persist in,publicize,repudiate,continue,recant,repudiate,recant,repudiate,recant
98,"Although its director _______ that the movie uses a documentary approach in portraying the famous sit-down strike, in practice its characters are heavily fictionalized and fall into familiar Hollywood types.",尽管该片导演坚称电影在刻画那场著名的静坐罢工时采用了纪录片手法，但实际上片中人物经过了大量虚构，沦为了好莱坞常见的人物类型。,asserts,concedes,guarantees,disputes,grants,maintains,asserts,maintains,assert,maintain
99,"For all the _______ the new CEO has received from the press recently, her staff have a decidedly less rosy view of her.",尽管这位新任首席执行官最近得到了媒体的诸多赞誉，但她的员工对她的看法却明显没有那么乐观。,encomiums,tributes,evaluations,critiques,attention,publicity,encomiums,tributes,encomium,tribute
100,"In the absence of a surface gradient, the new laws of refraction and reflection are _______ the conventional laws, so they represent more of an extension than a complete revolution.",在不存在表面梯度的情况下，新的折射和反射定律可以由传统定律推导出来，因此它们更多体现的是一种延伸，而非彻底的革命。,inferable from,entailed by,antithetical to,coincident with,antecedent to,oppositional to,inferable from,entailed by,inferable from,entail by
101,"Flawed as it may be because it is conducted by subjective scientists, science itself has methods that help us _______ our biases and talk about objective reality with some validity.",尽管科学由带有主观性的科学家所开展因而不免存在缺陷，但科学本身拥有一系列方法，能够帮助我们规避自身偏见，并在一定程度上确凿地探讨客观现实。,bypass,reduce,exacerbate,magnify,acknowledge,circumvent,bypass,circumvent,bypass,circumvent
102,"In Japanese aesthetics, especially but not only in Noh, beauty contains the idea of _______: beauty must have an air of evanescence, the intimation of its own demise.",在日本美学中——尤其是在能剧中，但不仅限于此——美蕴含着凋零与衰败的意象：美必须带有一种转瞬即逝的气息，隐喻着其自身的消亡。,transience,symmetry,decay,simplicity,balance,deterioration,decay,deterioration,decay,deterioration
103,"The uniquely human ability to rethink and revise our social arrangements is a mixed blessing, allowing us to create systems that are as likely to _______ us as to liberate us.",人类重新思考和修正社会安排的独有能力是一把双刃剑，它使我们创造的体制既有可能解放我们，也有可能束缚和扼杀我们。,cheer,shackle,admonish,educate,stifle,enliven,shackle,stifle,shackle,stifle
104,"While it is always clear that the author’s message is heartfelt, it is mostly buried by shortcomings of style, organization, and production, although the book does become more _______ toward the end.",尽管显而易见作者传达的信息发自肺腑，但大多被文风、结构和制作上的缺陷所掩盖，不过这本书在接近结尾处确实变得更加通俗易懂了。,sincere,intelligible,orthodox,readable,frank,voluble,intelligible,readable,intelligible,readable
105,A clever form of diplomacy involves subtly inducing the other party to propose your preference so that your _______ their requests appears as the granting of a concession.,一种高明的外交手段是巧妙地诱导对方提出你所期望的方案，从而使你对他们要求的顺从与同意看起来像是一种让步。,accession to,inattention to,subversion of,abnegation of,repudiation of,acquiescence to,accession to,acquiescence to,accession to,acquiescence to
106,"Films that critics have slumbered through rarely generate industry excitement, even though the critics’ _______ reception may be less the fault of the movie than of its unfortunate time slot near a fatiguing film festival’s conclusion.",影评人在放映中打瞌睡的电影很少能在业界引起轰动，即便影评人昏昏欲睡且冷淡的反应可能并非电影本身的过错，而是因为其不幸被安排在令人疲惫的电影节临近尾声的时段。,somnolent,impartial,lethargic,laconic,befuddled,evenhanded,somnolent,lethargic,somnolent,lethargic
107,"Even the cleverest use of time management techniques is powerless to _______ the sum of minutes in a person’s life (over 52 million, optimistically assuming a life expectancy of 100 years), so people squeeze as much as they can into each one of them.",即使最高明的时间管理技巧也无法增加一个人一生中的总分钟数（乐观地按100岁寿命计算，约为5200多万分钟），因此人们竭力将尽可能多的事情塞进每一分钟里。,justify,quantify,augment,enrich,measure,extend,augment,extend,augment,extend
108,"Publicity surrounding celebrities’ donations to charity is often greeted with cynicism, but a study of celebrity donations shows that they do _______ other donations.",名人慈善捐赠的宣传往往遭到人们的冷嘲热讽，但一项关于名人捐款的研究表明，这些举动确实能带动并吸引其他捐赠。,preclude,elicit,allow,draw,bar,replace,elicit,draw,elicit,draw
109,Aerial viewings of the gigantic stone horse attributed to the Native American Quechan people fail to _______ the considerable artistry required to create the piece: the horse appears crudely constructed unless carefully examined from the ground.,从空中俯瞰据传由美洲原住民奎臣人建造的巨型石马，无法展现出创作该作品所需的高超艺术技艺：除非从地面上仔细观察，否则这匹石马看起来建造得颇为粗糙。,reveal,justify,manifest,mitigate,diminish,undercut,reveal,manifest,reveal,manifest
110,Jackie Wullschlager’s biography of Hans Christian Andersen _______ the insipid sweetness with which Andersen coated his life and reveals a vulnerable gingerbread man with a bitter almond where his heart should be.,杰基·伍尔施拉格所著的安徒生传记剥去了安徒生为自己生活粉饰的寡淡甜美，展现出一个脆弱的姜饼人形象，在其本该是心脏的位置却嵌着一颗苦杏仁。,conjures up,imagines,strips away,overlooks,removes,ignores,strips away,removes,strip,remove
111,"The researcher noted that microbes, although _______, make up far more of the living protoplasm on Earth than all humans, animals, and plants combined.",研究人员指出，微生物尽管体型微小，但构成了地球上绝大多数的有生命的原生质，其总量远远超过所有人类、动物和植物的总和。,invisible,omnipresent,diminutive,ubiquitous,minuscule,ethereal,diminutive,minuscule,diminutive,minuscule
112,"In Inuit culture, elaborate carving has often been used to enhance _______ objects such as harpoon heads and other tools.",在因纽特文化中，精巧的雕刻常被用来美化鱼叉头及其他工具等实用物品。,utilitarian,functional,domestic,decorative,manufactured,ornamental,utilitarian,functional,utilitarian,functional
113,Benjamin Franklin’s reputation is so much one of approaching scientific investigations with commonsense empiricism that it is somewhat startling to realize how _______ the great experimenter’s mentality truly was.,本杰明·富兰克林以凭借常识性经验主义开展科学调查而闻名，以至于当人们意识到这位伟大实验家的思维方式实际上是多么具有思辨和推测性时，会感到颇为惊讶。,reasonable,speculative,pragmatic,conjectural,careless,judicious,speculative,conjectural,speculative,conjectural
114,"Scientists reported last month on a sign of relative solar _______: the solar wind, a rush of charged particles continually spewed from the Sun at a million miles an hour, had diminished to its lowest level in 50 years.",科学家上个月报告了一个相对太阳平静期的迹象：以每小时百万英里速度不断从太阳喷涌而出的带电粒子流——太阳风，已减弱至50年来的最低水平。,quiescence,turbulence,isolation,calm,remoteness,instability,quiescence,calm,quiescence,calm
115,"In a number of instances, investors hoping to tap into the region’s meteoric growth have instead faced problems ranging from unpredictable management practices to outright _______.",在许多情况下，希望从该地区飞速发展中获利的投资者所面临的问题，从小到不可预测的管理惯例，大到公然的违法欺诈行径。,malfeasance,incompetence,fraudulence,capriciousness,hysteria,impulsiveness,malfeasance,fraudulence,malfeasance,fraudulence
116,"To call Kermode the finest English critic of his generation would be a _______ compliment, since not many of its population are professionally engaged in literary criticism.",称科莫德为其同代人中最优秀的英国评论家算不上什么了不起的赞美，因为在同代人中以文学批评为职业的人本就寥寥无几。,sincere,backhanded,paltry,heartfelt,meager,plausible,paltry,meager,paltry,meager
117,"Even though the original settlement may not hold up, it at least proves that the deadlock can be broken and that a hitherto _______ party is ready to bargain.",尽管最初达成的协议可能无法维持，但它至少证明了僵局可以被打破，并且一个迄今为止毫不妥协的政党已准备好进行谈判。,implacable,unyielding,impeccable,flawless,unqualified,capricious,implacable,unyielding,implacable,unyield
118,In sharp contrast to the novel’s scenic realism and precisely characterized figures is its persistent philosophical _______.,与这部小说对场景的现实主义描摹和对人物的精准刻画形成鲜明对比的，是其始终贯穿的哲学抽象性。,naturalism,abstraction,generality,impartiality,sincerity,objectivity,abstraction,generality,abstraction,generality
119,"When studying the ancient Greek astronomers, Copernicus realized that despite the intrinsic beauty of many of their arguments, the ancients often made claims that _______ logic.",在研究古希腊天文学家时，哥白尼意识到，尽管古人的许多论证本身很优美，但他们往往提出违背逻辑的主张。,refuted,questioned,influenced,swayed,defied,disregarded,defied,disregarded,defy,disregard
120,"Although Wynne claims to recognize that _______ evidence is available to make definitive statements, she offers them nonetheless, arriving at some sweeping generalizations.",尽管温恩声称自己清楚可用于作出定论的证据不足，但她还是提出了这些定论，从而得出了一些以偏概全的结论。,concrete,finite,insufficient,indirect,conclusive,meager,insufficient,meager,insufficient,meager
121,"In order to cultivate new repertoire, the music industry is providing a hearing for previously _______ female composers.",为了开拓新的演奏曲目，音乐界正在为以往默默无闻的女性作曲家提供展示作品的机会。,idle,thwarted,celebrated,renowned,anonymous,obscure,anonymous,obscure,anonymou,obscure
122,"Although many skeptics of the scientific theory _______ critiques that have long since been disproved, some of the doubters arguably bring up valid points.",尽管该科学理论的许多怀疑者反复搬出早已被驳倒的批评意见，但不得不说，其中一些质疑者确实提出了有理有据的观点。,overlook,revise,recycle,utilize,neglect,rehash,recycle,rehash,recycle,rehash
123,It’s hardly _______ the committee calls for: rudimentary competence would be an improvement on the current chaos.,委员会要求的绝非十全十美：哪怕具备最基本的能力，也比当前的混乱局面有所改善。,accountability,disarray,unruliness,faultlessness,loyalty,perfection,faultlessness,perfection,faultlessness,perfection
124,One of the vocalists who auditioned for a leading part in the local production of Sweeney Todd seemed to prefer _______ to any attempt at producing a melody; a more unpleasant voice was hard to imagine.,参加当地《理发师陶德》剧目主角试镜的一位歌手似乎更喜欢尖声嚎叫，而不是尝试唱出旋律；人们很难想象还有比这更难听的嗓音了。,warbling,imitating,improvising,shrieking,crooning,caterwauling,shrieking,caterwauling,shriek,caterwaul
125,"Even if the story now seems a surprisingly innocuous overture to the author’s later, more fully developed narrations, it _______ some of the key traits of those bleaker tales.",即使这个故事现在看来只是作者后来那些更成熟叙事中一段令人惊讶的温和序曲，但它已经预示了那些更为灰暗的故事的某些关键特征。,avoids,belies,undercuts,anticipates,possesses,prefigures,anticipates,prefigures,anticipate,prefigure
126,"While recognizing that recent reports of cyber warfare, phone-hacking scandals, and identity thefts have tended to accent the destructive connotation of the word, Sue Halpern maintains that “hacking” is such _______ term that its meaning nearly always derives from its context.",尽管苏·哈尔彭承认，近期关于网络战、窃听丑闻和身份盗窃的报道往往强化了该词的破坏性含义，但她坚持认为“黑客行为”是一个极其宽泛笼统的词，其确切含义几乎完全取决于上下文。,a generic,an inclusive,a positive,a subjective,an affirmative,a technical,a generic,an inclusive,generic,inclusive
127,"Joshua Gisemba Bagaka found that the pedagogical results of group projects and other engaged learning activities in Kenyan mathematics classrooms were _______; such activities, then, may not be the best way of improving mathematics education.",约书亚·吉森巴·巴加卡发现，在肯尼亚的数学课堂上，小组项目和其他参与式学习活动的教学效果参差不齐；因此，此类活动可能并非提高数学教育水平的最佳途径。,overstated,counterintuitive,mixed,discouraging,inconsistent,inexplicable,mixed,inconsistent,mix,inconsistent
128,"Architects may be more extroverted and therefore the more _______ members of a bridge design team, but they are not always the most essential.",建筑师可能性格更为外向，因而成为桥梁设计团队中更引人注目的成员，但他们并不总是最核心的角色。,indispensable,conscientious,reliable,visible,valuable,salient,visible,salient,visible,salient
129,"Excessive focus on what might have been can cause in us feelings of restlessness and regret, but some scientists are beginning to think that fancying an alternative reality might have _______ effects as well.",过分关注“本可能会怎样”会让我们感到焦躁和悔恨，但一些科学家开始认为，设想另一种现实也可能具有令人恢复精神、带来慰藉的有益效果。,subtle,adverse,restorative,pleasurable,unfavorable,tonic,restorative,tonic,restorative,tonic
130,Apparent flaws in the sculptor’s work have not _______ its respectful reception by most modern critics.,这位雕塑家作品中显而易见的瑕疵，并没有妨碍大多数现代评论家对其给予高度尊重的评价。,determined,controlled,undermined,prevented,overshadowed,precluded,prevented,precluded,prevent,preclude
131,"The initial, widely shared pessimism turned out to be _______, because it ignored the many things that could be done with resources left behind.",最初普遍存在的悲观情绪最终被证明是毫无根据的，因为它忽略了利用遗留下来的资源仍能做很多事情。,unintelligible,unfathomable,unfounded,unimaginative,unjustified,unimportant,unfounded,unjustified,unfound,unjustify
132,"Despite a tendency to be overtly _______, her poetry does not consist solely of pious sentiments: it often sparks the imagination and provides lively entertainment.",尽管她的诗歌有明显爱说教的倾向，但它并非仅仅由虔诚的说教情绪组成：它往往能激发人们的想象力，并带来生动愉悦的体验。,preachy,querulous,insincere,sanctimonious,plaintive,disingenuous,preachy,sanctimonious,preachy,sanctimoniou
133,"William Perkins, his _______ speaking style notwithstanding, has long been seen as the moderate face of his political party.",威廉·珀金斯尽管演讲风格慷慨激昂，但长期以来一直被视为其政党中的温和派代表。,fiery,genteel,bumbling,unremarkable,affable,impassioned,fiery,impassioned,fiery,impassion
134,"Although in his new book he tends to repeat himself like a _______ uncle, McHughen makes a persuasive case for the safety of tinkering with genes to create new foods.",尽管麦克休根在他的新书中像个唠叨不休的叔叔一样常常翻来覆去地说，但他对通过基因改造创造新食品的安全性提出了令人信服的论证。,taciturn,reserved,prototypical,cantankerous,loquacious,garrulous,loquacious,garrulous,loquaciou,garrulou
135,"In the northeastern United States, beaver populations had been critically reduced or even _______ in large areas at the end of the nineteenth century; as a result, several states instituted prohibitions on beaver trapping.",在19世纪末的美国东北部，大片地区的海狸数量锐减甚至完全灭绝；因此，有几个州颁布了禁止捕猎海狸的法令。,diminished,extirpated,eliminated,devalued,weakened,underrated,extirpated,eliminated,extirpate,eliminate
136,"The preliminary analysis is, on the whole, reassuring; its confirmation would _______ concerns about the dangers of the project.",初步分析总体上令人安心；如果得到证实，将消除人们对该项目危险性的担忧。,explain,deflate,rationalize,soothe,reflect,hide,deflate,soothe,deflate,soothe
137,"Some kinds of deadly bacteria, including those that cause tetanus, tuberculosis, and botulism, remain _______ until something triggers their insidious activity.",一些致命细菌，包括导致破伤风、肺结核和肉毒中毒的细菌，在某种诱因触发其潜在破坏性活动之前，始终保持无害状态。,harmless,innocuous,anomalous,aberrant,efficacious,undetectable,harmless,innocuous,harmless,innocuou
138,"Titan, Saturn’s largest moon, looks surprisingly _______, even though it is a cold, dimly lit world made from unknown materials.",土星最大的卫星土卫六看起来出人意料地让人感到熟悉，尽管它是一个由未知物质构成、寒冷而昏暗的世界。,habitable,familiar,forbidding,placid,daunting,recognizable,familiar,recognizable,familiar,recognizable
139,"Historically, the depletion of soil’s nitrogen has been one of the most _______ problems faced by farmers: an essential nutrient, nitrogen is quickly leached from soil, and farmers have struggled to find ways to replenish it.",从历史上看，土壤中氮元素的枯竭一直是农民面临的最棘手顽固的问题之一：氮作为一种必需营养素极易从土壤中流失，而农民一直难以找到有效补充它的方法。,capricious,ubiquitous,worrisome,stubborn,intractable,unpredictable,stubborn,intractable,stubborn,intractable
140,"Although men still dominate the ranks of full professors in the field of astronomy, the increasing numbers of younger women in the field could _______ a change in its gender mix.",尽管在天文学领域正教授队伍中男性仍占主导地位，但该领域年轻女性数量的不断增加，可能预示着其性别结构即将发生改变。,require,alleviate,block,presage,portend,hinder,presage,portend,presage,portend
141,An apparent paradox led the scientists to pursue their present line of research. They were struck by the fact that a single mathematics formula can be used to describe physical phenomena that appear to be so _______.,一个明显的悖论引导科学家们开展了目前的研究。他们震惊于这样一个事实：同一个数学公式竟然可以用来描述看似截然不同的物理现象。,rudimentary,interdependent,interrelated,complex,heterogeneous,dissimilar,heterogeneous,dissimilar,heterogeneou,dissimilar
142,"In ways large and small, millions of people are taking active steps to _______ the medical mainstream, whether by taking herbal remedies for disease or by placing their hopes for a cure in alternative treatment.",数百万人正通过各种或大或小的方式积极规避主流医学，无论是通过服用草药治病，还是将治愈的希望寄托在替代疗法上。,augment,sidestep,support,vilify,circumvent,endorse,sidestep,circumvent,sidestep,circumvent
143,"Although its gray text blocks and black-and-white illustrations give it a sober mien, this one-stop resource can take the place of a dozen less _______ texts.",尽管灰色的文本块和黑白插图赋予了它朴素沉稳的外观，但这一站式资源完全可以取代十几本不够详尽全面的著作。,exhaustive,interesting,appealing,original,educational,comprehensive,exhaustive,comprehensive,exhaustive,comprehensive
144,The media have constantly disparaged the governor’s competence and have found a public only too eager to applaud their _______.,媒体不断贬低州长的能力，并发现公众极其乐于为他们这番冷嘲热讽拍手叫好。,assiduousness,stupefaction,mockery,incredulity,certitude,derision,mockery,derision,mockery,derision
145,"The _______ of ophthalmology as a field in the United States from 1820 to 1850 is evident in the opening of at least five eye hospitals during this period, offering new venues for ophthalmic treatment and experimentation.",1820年至1850年间眼科学在美国作为一门学科的蓬勃发展，清楚地体现在这一时期至少开设了五家眼科医院，为眼科治疗和实验提供了新的场所。,sophistication,retrenchment,burgeoning,resurgence,curtailment,expansion,burgeoning,expansion,burgeon,expansion
146,"Circulatory systems in organisms originated in widely separated epochs, according to the fossil record, and under a broad range of circumstances; the myriad forms they take attest to that _______ of origin.",根据化石记录，生物体的循环系统起源于相距甚远的各个地质时期，且产生于极其多样化的环境之下；它们千差万别的形态恰恰证明了起源的多样性。,mysteriousness,randomness,ambiguity,heterogeneity,indeterminacy,diversity,heterogeneity,diversity,heterogeneity,diversity
147,"Compared to their predecessors, who were more nationalist than feminist in political orientation, Roman women activists of the younger generation are more inclined to _______ women’s rights, often creating organizations focused primarily on women’s issues.",与政治倾向重国家主义甚于女权主义的前辈相比，年轻一代的罗马女性活动家更倾向于捍卫妇女权利，并经常建立主要关注女性议题的组织。,expand,de-emphasize,champion,idealize,downplay,defend,champion,defend,champion,defend
148,"Individuals, governments, and companies show ample ability to _______ themselves by setting goals based on current conditions and then blindly following them even when those conditions change drastically.",个人、政府和企业充分表现出束缚和削弱自身的能力——他们根据现状设定目标，即便情况发生了翻天覆地的变化，依然盲目遵循这些目标。,hamstring,reinvent,promote,revitalize,impair,invigorate,hamstring,impair,hamstr,impair
149,"The performer can be _______ in his comedy, but he is fundamentally a bighearted person who displays a core sweetness even at his most manic.",这位表演者在喜剧中可能言辞挑衅甚至煽动人心，但他本质上是一个宽厚仁慈的人，即使在情绪最狂躁的表演中也能展现出内心的善良。,inflammatory,pedestrian,gloomy,uninspired,puerile,provocative,inflammatory,provocative,inflammatory,provocative
150,The ambassador’s critical remarks seemed to be less a product of _______ and more the careless utterances of a fatigued or undisciplined individual.,这位大使的批评性言论似乎并非出于深思熟虑的刻意图谋，而更像是一个疲惫或缺乏约束的人漫不经心的失言。,intensity,optimism,purposefulness,design,confidence,caution,purposefulness,design,purposefulness,design
151,"The cat known to researchers as M-120—beefy, audacious, and apparently smart enough to spot a free lunch—is perhaps the world’s least _______ lynx: the scientists catch him several times a year.",被研究人员称为M-120的那只大猫体格健壮、胆大妄为，而且显然足够聪明以发现免费午餐，它或许是世界上最不善于躲避捕捉的猞猁：科学家们一年能抓到它好几次。,intelligent,evasive,fearless,furtive,elusive,intrepid,evasive,elusive,evasive,elusive
152,"While normal floods resulting from usual monsoon rainfall are _______ the growth of crops, recently there has been an increase in the frequency of high-intensity floods that do not have such welcome effects.",虽然正常季风降雨引发的常规洪水对农作物的生长是必不可少的，但近期高强度洪水的发生频率有所增加，而这些洪水并不会带来如此受人欢迎的益处。,conducive to,hindered by,devastating for,deleterious for,essential for,indispensable to,essential for,indispensable to,essential for,indispensable to
153,The difficulty of reforming electoral politics is not lack of the right tools but the need to put them into the hands of impartial agents: the goal should be to build capacity while _______ partisanship.,选举政治改革的难点不在于缺乏适当的工具，而在于需要将这些工具交到公正无私的执行者手中：其目标应当是在提升治理能力的同时限制党派偏见。,expediting,constraining,facilitating,deterring,exacerbating,lamenting,constraining,deterring,constrain,deterr
154,"That guild of experts has always appraised the economic stimulation plan as bootless, while the advocates of the policy do not take their _______ evaluation for granted.",那个专家协会一直认为经济刺激计划毫无成效，而该政策的倡导者并不认为他们这种贬损性评价是理所当然的。,tendentious,meticulous,detracting,indifferent,ubiquitous,deprecatory,detracting,deprecatory,detract,deprecatory
155,"In noting that critical and popular opinions about Li’s art coincided, Chuang _______ the existence of an exception to her general theory of art criticism, which posits that critics’ views do not intersect with those of the general public.",庄在注意到批评界与大众对李的艺术作品评价一致时，承认了自己的艺术批评通论中存在一个例外，该理论原本假定批评家的观点与普通公众的观点绝无交集。,asserted,conceded,acknowledged,doubted,pondered,questioned,conceded,acknowledged,conced,acknowledg
156,Shifting Fortunes takes a conventional approach to American union history by simply explaining the reasons behind union growth and decline in the nineteenth and twentieth centuries: it is a chronologically and thematically _______ study and nothing more.,《风云变幻》（Shifting Fortunes）对美国工会史采取了传统的研究方法，仅仅解释了19和20世纪工会兴衰背后的原因：它充其量只是一项在时间跨度和主题上都十分局限的研究。,complicated,confined,multifarious,onerous,circumscribed,taxing,confined,circumscribed,confin,circumscrib
157,"The author takes issue with the ideological blinders that have distorted much migration research, especially _______ modernization theorists and others for their untested assumptions of an immobile preindustrial past.",作者对扭曲了诸多人口迁移研究的意识形态偏见提出了异议，尤其是严厉谴责了现代化理论家及其他人，因为他们未经检验就假定前工业社会是一个毫无人口流动的时代。,undermining,citing,castigating,chastising,endorsing,commending,castigating,chastising,castigat,chastis
158,The _______ nature of the approval process for new drugs suggests that incentives to promote more expeditious decision making may be necessary.,新药审批过程的迟缓拖沓表明，可能有必要采取激励措施来促进更迅速的决策。,pecuniary,commercial,arbitrary,sluggish,capricious,dilatory,sluggish,dilatory,sluggish,dilatory
159,"The critic claims that, contrary to its reputation for _______, the novelist’s prose is full of opaque language games.",该评论家指出，与以朴实无华著称的名声相反，这位小说家的散文充满了晦涩难懂的文字游戏。,scrupulousness,simplicity,mendacity,artlessness,polish,meticulousness,simplicity,artlessness,simplicity,artlessness
160,"Not only is the advent of bookless or largely bookless libraries too large and powerful a change to be _______, it also offers too many real advantages for it to be considered a tragedy.",无纸化或基本无纸化图书馆的出现不仅是一场势不可挡、无法阻拦的变革，而且它带来了太多实际益处，根本不能被视为一场悲剧。,understood,averted,foreseen,forestalled,endured,anticipated,averted,forestalled,avert,forestall
161,"Her attempts to wrest fiction free from traditional constraints like plot and character were never entirely popular with readers; nonetheless, her fiction has had _______ influence on critical theory, novel, cinema, and even psychology.",她试图让小说摆脱情节和人物等传统束缚的努力从未真正受到读者的全面欢迎；尽管如此，她的小说对批评理论、小说创作、电影乃至心理学产生了不容置疑的决定性影响。,a studied,a negligible,a decisive,an unmistakable,an insignificant,a restorative,a decisive,an unmistakable,decisive,unmistakable
162,"As a historical genre, biography is best when _______, a careful reconstruction of the past in all its unfamiliar particularity.",作为一种历史体裁，传记在严谨细致、一丝不苟时才是最优秀的，它需要对过去的一切陌生细节进行审慎的重构。,imaginative,reflective,concrete,concise,meticulous,thorough,meticulous,thorough,meticulou,thorough
163,"Citing the corruption and intrigue that pervaded politics in the city, my colleague _______ the newspaper’s trove of journalism prizes, declaring that finding great stories in the city must be effortless.",我的同事以该市政治中普遍存在的腐败与阴谋为由，贬低了该报所斩获的大量新闻奖项，声称在那座城市挖掘重大新闻必然毫不费力。,slighted,ignored,lauded,disparaged,confounded,commended,slighted,disparaged,slight,disparag
164,"Even though his opponent is currently trying to portray him as a wild-eyed radical, voters will likely reject this charge because it does not _______ his moderate political record.",尽管他的对手目前正试图将他描绘成一个狂热的激进分子，但选民们很可能会拒绝这种指控，因为它与他温和的从政记录并不相符。,defer to,conform to,accede to,argue with,meddle with,square with,conform to,square with,conform to,square with
165,"Communicating articulately is typically regarded as an aggressive, persuasive talent, but it can also be protective: it allows a certain _______ closeness, conveying proximity while actually maintaining distance.",善于清晰表达通常被视为一种具有进取心和说服力的才能，但它也可以是一种保护机制：它允许一种虚假的亲近感，表面上传递出亲近，实则保持着距离。,feigned,secretive,dubious,subtle,false,furtive,feigned,false,feign,false
166,"Although the essayist’s arguments did not _______ her most perceptive readers, the extreme subtlety of the points she made explains why she was misinterpreted by most critics of her day.",尽管这位随笔作家的论述并没有难倒她最有洞察力的读者，但她所阐述观点的极度微妙精深，解释了为什么她会被当时的大多数评论家所误解。,convince,confound,entertain,persuade,perplex,enlighten,confound,perplex,confound,perplex
167,"Because movie studios, under pressure to generate international sales, have favored big-budget pictures with fantasy plots, the representation of everyday domestic life has largely been _______ other media, such as television and literature.",由于电影制片厂在追求国际票房的压力下青睐带有奇幻情节的大制作影片，对日常家庭生活的描绘很大程度上已经让给了电视和文学等其他媒介。,left to,ceded to,ascribed to,attributed to,substituted for,replaced with,left to,ceded to,left to,ced to
168,"Contrary to certain recent analyses that paint a dire portrait of soil loss from farmland, a new study of surveying data reaching back to the 1930s shows that erosion rates have been steadily _______.",与某些近期将农田水土流失描绘得极其严峻的分析相反，一项对可追溯至20世纪30年代的调查数据的新研究表明，土壤侵蚀率一直在稳步下降。,intensifying,waning,accelerating,worsening,declining,deteriorating,waning,declining,wan,declin
169,"The town’s air was consistently _______: depending on the breeze, one might be greeted with the sour effluvia of twenty breweries, choking fumes from the coal factory, or brackish smells from the nearby river.",该镇的空气始终散发着恶臭：随着微风的吹拂，人们可能会迎面闻到二十家啤酒厂排出的酸腐气味、煤厂呛人的浓烟，或是附近河流传来的咸腥臭味。,malodorous,toxic,redolent,benign,noisome,anodyne,malodorous,noisome,malodorou,noisome
170,Some experts estimate that the recreational salmon fishery in British Columbia contributes more to the province’s economy than the commercial salmon fishery does—a surprising statistic given the political _______ of the commercial fishery in the province.,一些专家估计，不列颠哥伦比亚省的休闲鲑鱼捕捞业对该省经济的贡献超过了商业鲑鱼捕捞业——考虑到商业捕捞业在该省政治上的显要地位，这一统计数据令人颇感意外。,naïveté,prominence,supremacy,ingenuousness,salience,resurgence,prominence,salience,prominence,salience
171,"In 1884, Sewall and Dow agreed to join Roosevelt in the Dakota territory for reasons that appear to have been _______: Sewall later recalled that Roosevelt guaranteed them a share of anything made in his cattle business.",1884年，休厄尔和道同意前往达科他领地加入罗斯福，其原因似乎纯粹是出于经济金钱方面的考虑：休厄尔后来回忆说，罗斯福向他们保证可以从其牧牛业的利润中分一杯羹。,pecuniary,straightforward,economic,selfless,quixotic,altruistic,pecuniary,economic,pecuniary,economic
172,"The physics graveyard is strewn with the skeletons of failed theories, unexplained effects, and anomalous particles that briefly _______ the research spotlight, then rapidly fade from view.",物理学的墓地上散落着失败理论、未解效应和反常粒子的遗骸，它们曾短暂占据科学研究的焦点，随后便迅速淡出人们的视线。,douse,intensify,perpetuate,capture,extinguish,secure,capture,secure,capture,secure
173,"The 1840s were _______ time for young women beginning to study science, particularly astronomy; in 1847 Maria Mitchell discovered the Nantucket comet, the first of several important astronomical discoveries of the era.",19世纪40年代对于开始学习科学（尤其是天文学）的年轻女性而言是一个大有希望的吉利时代；1847年玛丽亚·米切尔发现了南塔基特彗星，这是该时代几项重大天文发现中的第一项。,a favorable,an awkward,a perilous,a hazardous,an improbable,an auspicious,a favorable,an auspicious,favorable,auspiciou
174,"To keep the museum’s admission lines moving, security inspections are considerably _______.",为了保持博物馆入场队伍的顺畅流动，安检程序相当仓促草率。,thorough,annoying,cursory,casual,irritating,methodical,cursory,casual,cursory,casual
175,"The evil of class and race hatred must be eliminated while it is still in _______ state; otherwise, it may grow to dangerous proportions.",阶级和种族仇恨的罪恶必须在其仍处于萌芽雏形状态时予以消除；否则，它可能会蔓延滋长到危险的境地。,an amorphous,an overt,a rudimentary,a threatening,an independent,an embryonic,a rudimentary,an embryonic,rudimentary,embryonic
176,"Given the _______ of solid case studies of environmental degradation, this new study adds very little to our knowledge of the field.",鉴于有关环境恶化的扎实案例研究已经过剩充斥，这项新研究对我们在该领域的认知几乎没有增添什么新内容。,erroneousness,plethora,surfeit,inaccuracy,rigor,outcome,plethora,surfeit,plethora,surfeit
177,"Although his original mission was a failure, Russian botanist Michael Friedrich Adams achieved an unexpected _______ when he found, by chance, the carcass of a woolly mammoth.",尽管俄罗斯植物学家米夏埃尔·弗里德里希·亚当斯最初的任务失败了，但他偶然发现了一具猛犸象尸体，从而取得了意想不到的巨大成功。,conclusion,upheaval,triumph,bombshell,success,venture,triumph,success,triumph,success
178,The medical researchers replied to the charge that their proposed new treatment was _______ by demonstrating that it in fact observed standard medical practices.,针对他们提出的新疗法是非传统非常规疗法的指责，医学研究人员通过证明该疗法实际上遵循了标准医疗规范作出了反驳。,deleterious,untested,unorthodox,expensive,intricate,unconventional,unorthodox,unconventional,unorthodox,unconventional
179,"Because experience had convinced her that Hector was both self-seeking and avaricious, she rejected the possibility that the motivation behind his donation had been wholly _______.",因为经验让她坚信赫克托既自私自利又贪得无厌，所以她断然排除了他捐款的动机完全是出于无私利他的可能性。,redundant,frivolous,egotistical,ephemeral,altruistic,benevolent,altruistic,benevolent,altruistic,benevolent
180,"Although the company still loses the occasional lawsuit, the litigation threat that once seemed so _______ has become quite manageable.",尽管该公司偶尔仍会在诉讼中败诉，但曾经看似极其沉重棘手的诉讼威胁如今已变得相当容易应对。,burdensome,pedestrian,sporadic,mundane,promising,onerous,burdensome,onerous,burdensome,onerou
181,"The concept of increasing complexity of organisms has _______ history among evolutionary biologists, and yet many laypeople would unhesitatingly say that the pattern applies to the history of life on Earth.",在进化生物学家中，生物复杂性不断增加的概念有着充满争议的历史，然而许多外行人士却会毫不犹豫地认为这一规律适用于地球生命的演化史。,an illustrious,a sordid,a curious,a contentious,a distinguished,a fraught,a contentious,a fraught,contentiou,fraught
182,"The story lines of silent dramas may often have been _______, yet within those basic narrative outlines, the true artists among silent-film actors could express emotional shadings that have no analogue in spoken language.",默剧的故事情节往往十分简陋粗浅，然而在那些基本的叙事轮廓之内，默片演员中的真正艺术家能够表达出有声语言无可比拟的情感细微层次。,implausible,incredible,conventional,elemental,rudimentary,confusing,elemental,rudimentary,elemental,rudimentary
183,"The candidate seeks to depict his opponent as being _______, as one who is simply unable to make a decision and stand his ground.",这位候选人试图将对手描绘成一个反复无常、变幻莫测的人，指责其根本无法作出决断并坚持自己的立场。,inconstant,cowardly,opportunistic,petty,capricious,spiteful,inconstant,capricious,inconstant,capriciou
184,"In Schaller’s contradictory introduction to the book, she alternately applauds and _______ humankind’s role in animal conservation.",在夏勒为该书所作的自相矛盾的序言中，她交替赞扬和严厉痛斥了人类在动物保护中所扮演的角色。,authorizes,endorses,denounces,discloses,relates,lambasts,denounces,lambasts,denounce,lambast
185,"The central idea of the worldview known as “consilience” is that all tangible phenomena are based on material processes that are ultimately reducible, however long and _______ the sequences, to the laws of physics.",被称为“大统合”的世界观的核心观点在于：所有有形现象都基于物质过程，而无论其过程链条多么漫长复杂迂回，最终都可以归结为物理学定律。,facile,ethereal,tortuous,superficial,convoluted,protracted,tortuous,convoluted,tortuou,convolute
186,"Although evolutionary psychologists do not seem quite as imperialist in their intellectual ambitions as their sociobiology forebears of the 1970s, they tend, in some critics’ view, to be no less _______ in their claims.",尽管进化心理学家的学术野心似乎不像他们20世纪70年代的社会生物学前辈那样具有帝国主义扩张色彩，但在一些评论家看来，他们的主张往往同样傲慢狂妄。,abashed,arrogant,impetuous,hubristic,narcissistic,diffident,arrogant,hubristic,arrogant,hubristic
187,"Although the four microclimates, observed over the three years, show very similar overall trends, suggesting spatial _______ in the rock surface temperature regime, relative humidity and surface wetness data show clear differences.",尽管在三年间观测到的四种微气候呈现出非常相似的总体趋势，表明岩石表面温度机制具有空间均一性，但相对湿度和表面湿度的数据却显示出明显的差异。,invariability,superiority,perception,homogeneity,resemblance,uniformity,homogeneity,uniformity,homogeneity,uniformity
188,"Because chemistry’s position as one of the natural sciences has long seemed _______, historians have generally treated the foundation of chemical professorships as an inevitable component of the progression of universities.",由于化学作为自然科学之一的地位长期以来似乎不言自明，历史学家普遍将化学教授职位的设立视为大学发展的必然组成部分。,manifest,impregnable,relevant,predictable,germane,self-evident,manifest,self-evident,manifest,self-evident
189,Her apparent _______ her background and ancestry seems inconceivable in an age when people tend to think of themselves to exhaustion.,在一个人人都过度反思自我乃至身心俱疲的时代，她对自己出身和祖先背景的全然无知似乎令人不可思议。,rejection of,deference to,unfamiliarity with,dishonesty with,ignorance of,fixation on,unfamiliarity with,ignorance of,unfamiliarity with,ignorance of
190,"For parents, the pleasure of letting children choose which book to read aloud together is not always _______: I well remembered my inner groans when my child would constantly pick my least favorite book from the shelf.",对父母而言，让孩子选择一起大声朗读哪本书的乐趣并不总是纯粹无瑕的：我还清楚地记得，每当孩子不断从书架上挑出我最不喜欢的那本书时，我内心深处的呻吟与无奈。,intangible,enduring,impalpable,unalloyed,ephemeral,unqualified,unalloyed,unqualified,unalloy,unqualify
191,"There are many ways in which rat brains and human brains are _______. Indeed, rat brains are often used as generalized models for all mammalian brains, including our own.",大鼠的大脑与人类的大脑在许多方面是相似且具有可比性的。事实上，大鼠大脑常被用作包括人类在内的所有哺乳动物大脑的通用模型。,identical,analogous,mysterious,comparable,adaptable,inexplicable,analogous,comparable,analogou,comparable
192,"The occasional minor errors, while annoying, do not _______ the basic scholarship or the valuable contribution of this book.",偶尔出现的小错误虽然令人恼火，但并没有损害这本书扎实的学术功底或其宝贵贡献。,support,uphold,expose,explain,vitiate,impair,vitiate,impair,vitiate,impair
193,"In American art, the line between the good and the goods is not a hard-and-fast boundary, for in a commercial society the membrane that separates spirit and store is always _______.",在美国艺术中，“美好之物”与“商品之物”之间并没有一条不可逾越的明确界限，因为在商业社会中，分隔精神殿堂与百货商店的那层薄膜始终具有渗透性。,porous,clogged,permeable,unwavering,steady,imaginary,porous,permeable,porou,permeable
194,"World music once represented the timeless and the _______, but now bands across the globe mix rock, dance music, and hip-hop with the sounds of their own cultures, creating new hybrids that are hard to resist.",世界音乐曾代表着永恒与纯粹不掺杂质的传统，但如今全球各地的乐队将摇滚、舞曲和嘻哈与本土文化之声相融合，创造出令人难以抗拒的全新混合风格。,untranslatable,superior,inclusive,unalloyed,unrivaled,unadulterated,unalloyed,unadulterated,unalloy,unadulterate
195,"In their quest for kinder cutting, physicians increasingly rely on endoscopic surgery, replacing large scalpels and clamps with cameras and _______ tools that snake into the body through tiny holes.",在追求创伤更小手术的过程中，医生们越来越依赖内窥镜手术，用微型摄像头和能通过细小孔隙蜿蜒穿入体内的柔韧工具取代了大号手术刀和医用钳。,flexible,rigid,pliant,supple,enormous,precise,flexible,supple,flexible,supple
196,The university’s once _______ department of economic history has lost prestige and transmogrified into a department of management and marketing.,这所大学曾经声名显赫、备受尊敬的经济史系如今威望尽失，并彻底蜕变成了一个管理与营销系。,respected,slighted,pretentious,gigantic,venerable,snubbed,respected,venerable,respect,venerable
197,"Travel writers have a special burden of forming _______ story—that is, one with a beginning, middle, and end—out of the unformed moments that make up the act of traveling.",旅行作家肩负着一种特殊的重担：必须将构成旅行行为的那些杂乱无章的片段，构造成一个连贯有序、有头有尾的故事。,a compelling,a coherent,an original,a serious,an orderly,an innovative,a coherent,an orderly,coherent,orderly
198,"As the biography makes plain, the scientist led _______ sort of life, rarely remaining in one place for long.",正如传记所明确指出的那样，这位科学家过着一种四处漂泊的生活，很少在一个地方长久停留。,an enigmatic,an idiosyncratic,an itinerant,a cautious,a peripatetic,a circumspect,an itinerant,a peripatetic,itinerant,peripatetic
199,"There is a revelation on almost every page of this book, and the author’s prose is _______ in the best possible way: blunt, sweet, off-kilter, and often quite funny.",这本书几乎每一页都有启迪人心的发现，作者的文笔更展现出一种妙不可言的笨拙生涩：直率、温情、不落窠臼，且往往十分风趣。,eloquent,austere,somber,awkward,solemn,ungainly,awkward,ungainly,awkward,ungainly
200,The potential reduction in water lost from the proposed reservoir from evaporation is _______ inconsequential: even the minimum projected reduction would save enough water to furnish the needs of a Denver-sized municipality.,拟建水库因减少蒸发而可能降低的蓄水损耗绝非微不足道：哪怕是预计的最小减少量，节约的水也足以满足一个丹佛规模城市的用水需求。,nearly,comparatively,scarcely,rarely,hardly,relatively,scarcely,hardly,scarcely,hardly
201,"_______ the notion that attention is a limited resource, scientists have found lots of evidence that drivers with cell phones drive slower and are more apt to miss important details than drivers who drive solely on the road.",为证实注意力是一种有限资源的观点，科学家们找到了大量证据，表明使用手机的驾驶员车速更慢，且比专心驾驶的司机更容易遗漏重要细节。,Controverting,Buttressing,Questioning,Bolstering,Perpetuating,Refuting,Buttressing,Bolstering,Buttress,Bolster
202,"The author first accused the official of espionage in a 1981 book, and—though the case was far from _______, full of suppositions rather than compelling evidence—the accusation has been repeated relentlessly ever since.",作者最早在1981年的一本书中指控该官员从事间谍活动；尽管这一指控远非确凿无疑，通篇充斥着推测而非令人信服的证据，但此后这一指控却一直被反复宣扬。,unambitious,unconvincing,unassailable,implausible,coherent,airtight,unassailable,airtight,unassailable,airtight
203,"One big challenge with placebo responses is that they are _______: people given the same inert pill or potion may show wildly different reactions, and the effects can vary widely according to each person’s illness.",安慰剂反应的一大挑战在于其变幻莫测、难以预测：服用相同无效药丸或药剂的人可能会表现出截然不同的反应，而且药效会因人因病而异。,capricious,illusory,unpredictable,chimerical,marginal,ephemeral,capricious,unpredictable,capriciou,unpredictable
204,"The Chicago journal known as Poetry has been the launching pad for many poets since its _______ in 1913; among them, T. S. Eliot, Gwendolyn Brooks, and John Ashbery.",芝加哥杂志《诗刊》自1913年创刊以来，一直是许多诗人的启航平台，其中包括T·S·艾略特、格温多林·布鲁克斯和约翰·阿什贝利。,extraction,foundation,partnership,employment,revival,inception,foundation,inception,foundation,inception
205,"Although most land snails are _______, the giant African snail is a notable exception; it can be 15 inches long and weigh 2 pounds.",尽管大多数陆生蜗牛体型极其微小，但非洲大蜗牛却是一个显著的例外，其体长可达15英寸，重达2磅。,gargantuan,juvenile,functional,diminutive,responsive,minuscule,diminutive,minuscule,diminutive,minuscule
206,"Origin, distribution, and habitat are included in the book for some but not all of the plants; offering this information for each species would have given readers a clearer appreciation of the differences between _______ and introduced species.",书中收录了部分而非全部植物的起源、分布和生境；如果为每种植物都提供这些信息，读者就能更清晰地认识到本土物种与外来引进物种之间的差异。,endemic,native,seasonal,rare,unusual,dominant,endemic,native,endemic,native
207,"Some have argued that naming scientific discoveries after the people who make them can _______ scientific progress, because the nomenclature lacks useful clarity, having no relationship to the underlying principles that govern nature.",有人认为，以发现者的名字来命名科学发现会阻碍科学进步，因为这种命名法缺乏实用的清晰度，与支配自然规律的底层原理毫无关联。,hamper,abet,instigate,obscure,nullify,impede,hamper,impede,hamper,impede
208,"Each of the country’s 26 states and most of its more than 2,000 municipalities have their own police forces, _______ communication and making it difficult to establish a coordinated law-enforcement strategy.",该国26个州以及2000多个自治市中的大多数都拥有各自独立的警察力量，这阻碍了彼此沟通，使制定协调一致的执法策略变得极为困难。,establishing,impeding,hampering,launching,obscuring,preventing,impeding,hampering,imped,hamper
209,"Although there is an incredible diversity of microbes across the body of each individual, the fact that specific body sites tend to host a few specific bacteria indicates that the body’s microflora are not _______ distributed.",尽管每个人体内的微生物种类繁多得令人难以置信，但特定身体部位往往寄居着特定细菌这一事实表明，人体的微生物群落并非随机随意分布的。,haphazardly,uniformly,effectively,heterogeneously,functionally,randomly,haphazardly,randomly,haphazardly,randomly
210,"Every illness is a story, and when Annie's began it was characterized by the kinds of _______ details that mean nothing until seen in hindsight.",每场疾病都是一个故事，而当安妮发病之初，其表现尽是些平淡无奇的细节，只有在事后回想时才具有意义。,salient,unexceptional,conspicuous,suggestive,abundant,nondescript,unexceptional,nondescript,unexceptional,nondescript
211,"People’s decisions about childbearing depend on innumerable personal considerations and societal factors, yet even knowing this, demographers are often _______: their projections of birth rates frequently turn out to be embarrassingly at odds with reality.",人们的生育决定取决于无数个人考量和社会因素，但即便深知这一点，人口学家也常常感到困惑不解：他们对出生率的预测往往与现实大相径庭，令人尴尬。,sanguine,flummoxed,inconsistent,overconfident,heartened,confounded,flummoxed,confounded,flummox,confound
212,"The brain has become, for many people, _______ the biological machinations of the self, and the self-knowledge promised by neuroscience has ignited a hunger to understand how new findings weigh in on age-old questions.",对许多人而言，大脑已等同于自我生物学机制的代名词，而神经科学所承诺带来的自我认知，激发起人们迫切想了解新发现如何解答古老哲学问题的渴望。,tantamount to,synonymous with,implicated in,divorced from,detached from,subservient to,tantamount to,synonymous with,tantamount to,synonymou with
213,"Rebecca West’s book Black Lamb and Grey Falcon is a singularly _______ achievement, 1,100 pages that meld the genres of travel narratives, autobiography, historical analysis, and philosophical meditation.",丽贝卡·韦斯特的著作《黑羊与灰鹰》是一部具有罕见博学百科全书式色彩的巨作，长达1100页的篇幅融合了游记叙事、自传、历史分析与哲学沉思。,evanescent,petty,polymathic,incongruous,encyclopedic,fleeting,polymathic,encyclopedic,polymathic,encyclopedic
214,"She expected her book to be _______, but in fact few of her readers disagreed with its premise that street art, long considered a mere sideshow entertainment, deserved to be regarded as high art.",她原本以为自己的书会极具争议性，但实际上几乎没有读者反对她提出的前提——长期仅被视为余兴娱乐的街头艺术理应被视为严肃的高雅艺术。,controversial,dramatic,impressive,acclaimed,provocative,popular,controversial,provocative,controversial,provocative
215,"Researchers have recorded around 60 separate behaviors for worker honeybees, a number that seems to _______ the achievements of many mammals: even the versatile bottlenose dolphin only performs about twice the number a worker honeybee manages.",研究人员记录了工蜂约60种独立行为，这一数字似乎令许多哺乳动物的表现相形见绌：即便是能力多样的宽吻海豚，其展现的行为种类也仅约为工蜂的两倍左右。,approximate,eclipse,reflect,compound,outdo,echo,eclipse,outdo,eclipse,outdo
216,"Despite its best efforts to stimulate sales, the bookselling business remains far from _______, for it has high fixed costs in wages and rent, and falling prices make these ever harder to meet.",尽管图书零售业竭尽全力刺激销售，其经营状况却依然远谈不上稳健繁荣，因为工资和租金的固定成本高昂，而不断走低的价格让承担这些开支变得愈发困难。,effective,healthy,innovative,robust,stingy,parsimonious,healthy,robust,healthy,robust
217,"Because archaeology explores the most profound changes in human history by means of a grossly incomplete record, it has invited the sort of bold, imaginative interpretation in which speculation too easily becomes _______ evidence.",由于考古学借助极不完整的记录来探索人类历史上最深刻的变革，这促成了一种大胆且富有想象力的诠释，而在这种诠释中，推论往往极易脱离客观证据。,replaced by,constrained by,untethered from,divorced from,substituted for,constricted by,untethered from,divorced from,untether from,divorc from
218,"During the eighteenth century, improvements in their material circumstances did not necessarily mean expanded independence for women in elite families and, arguably, the social conventions of gentility _______ more of their time and energy.",在18世纪，物质条件的改善并不必然意味着精英阶层女性独立空间的扩大；可以说，上流社会的体面礼俗反而苛求索取了她们更多的时间和精力。,provided,justified,demanded,granted,exacted,rationalized,demanded,exacted,demand,exact
219,"For certain economists, “pure” economic theory, that is, economic theory _______ a specific social structure, is impossible, much like a concept of anatomy that investigates no specific species.",对某些经济学家而言，“纯粹的”经济学理论——即脱离具体社会结构的经济学理论——是不可能存在的，正如一种不研究任何具体物种的解剖学概念一样荒谬。,attuned to,abstracted from,derived from,divorced from,sensitive to,analyzed in,abstracted from,divorced from,abstract from,divorc from
220,"Despite the general _______ of Roman archaeological studies toward the major cities and their monuments, archaeology has contributed much to a better understanding of rural developments in Roman territory.",尽管罗马考古学研究普遍偏向于主要城市及其纪念性建筑，但考古学依然极大促进了人们对罗马疆域内乡村发展的理解。,openness,indifference,hostility,animus,bias,orientation,bias,orientation,bia,orientation
221,Our mass media are much more fascinated by bad ideas or the failure of good ones than by successes: we drown in bad news—tales of how things went wrong—but we have only the most _______ discussion on how they might go right.,我们的大众媒体对糟糕的构想或良好构想的失败远比对成功更感兴趣：我们被各种坏消息——即事情如何出错的报道——所淹没，却对事情如何走向正轨仅进行着最草率敷衍的讨论。,incisive,tantalizing,trenchant,cursory,illusory,perfunctory,cursory,perfunctory,cursory,perfunctory
222,"A few decades ago, the idea of animal morality would have been met with _______: however, recent research suggests that animals not only act altruistically but also have the capacity for empathy, forgiveness, trust, and reciprocity.",几十年前，关于动物具备道德感的观点还会招致嘲笑与讥弄；然而，近期的研究表明，动物不仅有利他行为，甚至还具备同理心、宽恕、信任和互惠的能力。,derision,resentment,dismissal,conviction,ridicule,certainty,derision,ridicule,derision,ridicule
223,"It is not unusual for American education leaders to hold up another nation as a model for school reform: in the mid-nineteenth century, such figures _______ the professionalism and structure of the Prussian school system.",美国教育界领袖将他国树立为学校改革典范并不罕见：在19世纪中叶，这类人物就曾极力称赞普鲁士学校体制的专业性与组织架构。,envied,imitated,hailed,augmented,acclaimed,enhanced,hailed,acclaimed,hail,acclaim
224,"In her career as an editor, she pruned and shaped many a writer’s _______ prose into crisp lucidity.",在她的编辑生涯中，她曾对许多作家散漫失范的文稿进行删改雕琢，使其变得洗练清晰。,wayward,transparent,errant,urbane,elegant,incisive,wayward,errant,wayward,errant
225,"Philby secretly loathed the host of the party that he was attending, but it seemed _______ to say so publicly.",菲尔比暗地里厌恶他所参加聚会的主人，但公开发表这种看法似乎显得不明智且不得体。,recondite,tactless,clever,malign,deft,impolitic,tactless,impolitic,tactless,impolitic
226,"In American Indian art, the supposed distinction between modern and traditional was fabricated by critics, and when artists have control over interpretation of their own work, the distinction appears, happily, to have been _______.",在美洲印第安艺术中，现代与传统之间所谓的区分完全是评论家捏造出来的；而当艺术家掌握了对自己作品的阐释权时，令人欣慰的是，这一区分似乎已被彻底消弭。,eliminated,reinforced,put to rest,intensified,recognized,established,eliminated,put to rest,eliminate,put to
227,"What they see in Jiménez is the one candidate capable of decisive leadership, in stark contrast to Diaz, whose term in office has been marred by _______.",他们在希门尼斯身上看到了唯一具有果断领导力的候选人，这与迪亚斯形成了鲜明对比，后者的任期因优柔寡断和摇摆不定而备受诟病。,defensiveness,corruption,irresolution,vacillation,belligerence,pugnacity,irresolution,vacillation,irresolution,vacillation
228,"The research informing Gregory’s book on vegetarianism in Victorian England appears to be _______, with a great deal of revealing detail on display and more than a third of the text taken up with footnotes.",格雷戈里关于维多利亚时代英国素食主义著作的研究显得极为详尽全面，书中展现了大量启发性的细节，超过三分之一的篇幅都被脚注所占据。,uneven,excessive,exhaustive,mixed,inconsistent,comprehensive,exhaustive,comprehensive,exhaustive,comprehensive
229,"He was a man of few words, _______ around all but his closest friends.",他是个少言寡语的人，除了在最亲密的朋友面前外，平日里总是沉默寡言。,laconic,garrulous,ascetic,taciturn,tempestuous,ambiguous,laconic,taciturn,laconic,taciturn
230,"As a critic, Nelson is noteworthy for her _______: rather than presenting fully formed pronouncements, she is willing to let us watch as she works out her ideas.",作为一名评论家，纳尔逊的谦逊品质引人注目：她并不给出成熟定型的武断结论，而是乐于让我们目睹她推敲观点的思考过程。,generosity,humility,integrity,modesty,eloquence,rhetoric,humility,modesty,humility,modesty
231,"Although in the mid-1970s nuclear power seemed poised for a still greater role in energy supply, in fact the _______ of its prestige had already begun.",尽管在20世纪70年代中期核能看似有望在能源供应中扮演更重要的角色，但事实上，其声誉的日渐衰退早已悄然开始。,evaluation,waning,defense,undermining,ebbing,vindication,waning,ebbing,wan,ebb
232,"The women’s rights movement has been mostly _______ in the Middle East, but it is likely that activists will be newly galvanized by the political upheavals currently sweeping the region.",女权运动在中东大部分地区一直处于相对沉寂停滞的状态，但目前席卷该地区的政治动荡很可能会使活动人士重新焕发活力。,subverted,quiescent,interminable,bootless,abeyant,feckless,quiescent,abeyant,quiescent,abeyant
233,"Beatified by the Catholic Church in 1765, Italian cleric Ludovico Sabbatini is _______ each year on the day of his death, June 11.",意大利神职人员卢多维科·萨巴蒂尼于1765年被天主教会宣福，每年的6月11日（即他的逝世纪念日），人们都会对他表达崇敬与纪念。,pledged,evoked,deified,venerated,honored,christened,venerated,honored,venerate,honor
234,A small degree of _______ is always desirable in a published diary. A sense of authenticity is seldom worth the diarist’s questionable grammar or careless phrasing.,出版日记时进行适度的润色校订总是必要的；日记作者有瑕疵的语法或粗糙的措辞所带来的所谓真实感，往往得不偿失。,characterization,emendation,documentation,revision,substantiation,individualization,emendation,revision,emendation,revision
235,"In his heyday, Sonny Bono’s role in public was _______: he was an accomplished lyricist, a mayoral success story, a delegate from Palm Springs, and the husband of an internationally acclaimed vocalist.",在全盛时期，桑尼·博诺在公众面前扮演的角色丰富多变且多才多艺：他既是造诣颇深的词作家，也是成功连任的市长、棕榈泉选出的代表，还是一位国际知名歌唱家的丈夫。,protean,versatile,pedestrian,prominent,circumscribed,illustrious,protean,versatile,protean,versatile
236,"Criticized for decades of overproduction in their signature line of derivative goods, Rectangle Record has satiated the market with a _______ of repackaged old CDs, which interferes with its ability to innovate and produce new albums.",矩形唱片因数十年间在其标志性衍生产品上的过度生产而备受批评，它用泛滥成灾的重新包装旧CD充斥市场，从而阻碍了其创新和发行新专辑的能力。,dearth,glut,deficiency,surfeit,abundance,profusion,glut,surfeit,glut,surfeit
237,"His political view, harking back to the turmoil in 1934, is a _______ with no bearing on the present.",他的政治观点可追溯至1934年的动乱时期，如今已是与当下毫无关系的过时残余。,prototype,pretense,paradigm,relic,contradiction,vestige,relic,vestige,relic,vestige
238,"Although most scientists hold that quantum theory and the theory of general relativity ought to be intimately connected, the theories have remained stubbornly _______.",尽管大多数科学家认为量子理论与广义相对论理应紧密相连，但这两大理论至今依然顽固地割裂脱节。,consistent,unlinked,self-contradictory,estranged,arbitrary,congruent,unlinked,estranged,unlink,estrang
239,The _______ of biographies of antebellum capitalists is particularly striking in contrast with the abundance of life stories of industrialists in later eras.,与后世实业家传记的大量涌现相比，美国内战前资本家传记的匮乏显得格外引人注目。,brevity,banality,utility,paucity,triteness,dearth,paucity,dearth,paucity,dearth
240,"He was one of the most powerful chess players ever and one of the most _______; at the height of his fame he all but dropped out of chess, entering into a self-imposed exile.",他是有史以来最顶尖的国际象棋大师之一，同时也是最令人费解的谜一样的人物；在声望如日中天之际，他几乎彻底退出了棋坛，自我放逐隐居起来。,perplexing,creative,troubled,infuriating,enigmatic,imaginative,perplexing,enigmatic,perplex,enigmatic
241,"Many people remember a time when cutting-edge architects, who are these days treated like celebrities, had _______ relationship with the public: for much of the 1960s, big new buildings in cities were often cause for hostility, not celebration.",许多人仍记得，如今被视同明星的前沿建筑师在过去曾与公众维持着一种敌对对立的关系：在20世纪60年代的大部分时期，城市中的大型新建筑引发的往往是敌意而非庆贺。,an antagonistic,an inimical,an autocratic,a symbiotic,an indifferent,an apathetic,an antagonistic,an inimical,antagonistic,inimical
242,"It is surprising to see such a child that is at his sixteenth manifest a great measure of _______, for he delivers too cogent, brilliant a speech among adults.",看到一个十六岁的孩子展现出如此高超的早熟与成熟令人惊叹，因为他在成年人面前发表了一场极其逻辑严密且精彩绝伦的演讲。,maturity,precociousness,convolution,nefariousness,naïveté,ingenuousness,maturity,precociousness,maturity,precociousness
243,People from one community always take each other as _______ since they automatically classify the others as their family line.,来自同一社区的人总是将彼此视为亲眷血亲，因为他们自然而然地将对方归入自己的家族血统。,acquaintance,consort,neighborhood,kinfolk,relative,patron,kinfolk,relative,kinfolk,relative
244,The juxtaposition of fertile alluvial soils originating in the Andes with the infertile inland soils of central Amazon Basin is one example of _______ of the soil conditions that can be found in the tropics.,源自安第斯山脉的肥沃冲积土与亚马逊盆地中部贫瘠的内陆土并存，是热带地区土壤条件具有高度异质性与多样性的一个例证。,intractability,heterogeneity,incompatibility,disparateness,instability,fragility,heterogeneity,disparateness,heterogeneity,disparateness
245,"Price knew about how to do people favors, sometimes just from kindness, but often out of _______.",普莱斯懂得如何对人施以恩惠，有时纯粹是出于善意，但往往是出于自私自利的投机算计。,self-interest,benevolence,magnanimity,opportunism,disinterest,mercy,self-interest,opportunism,self-interest,opportunism
246,"Caricature can be revealing as well as amusing, and Ager’s novel is both: Ager’s delineation of class, ethnic, and generational struggle is exaggerated for comical effect, but it _______ nonetheless.",讽刺手法既能发人深省又诙谐有趣，而埃格的小说两者兼备：他对阶级、族群和代际冲突的描摹虽因追求喜剧效果而有所夸张，但依然让人深感真实可信、引起共鸣。,resonates,entertains,diverts,confuses,rings true,falls short,resonates,rings true,resonate,ring
247,"Although the claim that no one knows what dark matter is remains _______, some scientists dispute the parallel assertion that dark matter has not been detected.",尽管“无人知晓暗物质为何物”这一论断依然无懈可击且完全成立，但一些科学家对“暗物质尚未被探测到”的对应说法表示质疑。,contentious,sound,questionable,unassailable,unverifiable,prominent,sound,unassailable,sound,unassailable
248,"Church, Nussbaum, Waldman, and Wills have written very different books—Nussbaum and Wills range both farther and deeper—but each one of the four strives for _______, wanting to save us from the errors of partisans and zealots.",丘奇、努斯鲍姆、沃尔德曼和威尔斯写出了截然不同的著作——其中努斯鲍姆和威尔斯涉猎更广、开掘更深——但这四位作者都在力求客观公正，试图将我们从党派偏狭者和狂热分子的错误中解救出来。,concision,evenhandedness,frankness,trustworthiness,succinctness,impartiality,evenhandedness,impartiality,evenhandedness,impartiality
249,"Given that the department director was such a feeble contributor, sitting silently at important policy meetings and usually deferring to low-level aides, it was surprising that he had such a reputation for _______.",鉴于这位部门主管的贡献微乎其微——在重要政策会议上沉默不语，且通常听任初级助手的决断——他竟享有富有敏锐洞察力的声誉实在令人感到意外。,magnanimity,perspicacity,impartiality,detachment,benevolence,discernment,perspicacity,discernment,perspicacity,discernment
250,"Between the late 1800s and early 1900s, various institutional structures emerged that set researchers in scientific fields apart as a professional class and moderated disputes by _______ some kinds of knowledge as real science.",在19世纪末至20世纪初，各种机构体系相继确立，将科学领域的研究人员划分为一个专业阶层，并通过认可批准某些知识为真正的科学来平息争议。,differing,sanctioning,mischaracterizing,censuring,reprehending,endorsing,sanctioning,endorsing,sanction,endors
251,Analysis of the structural features that were thought to _______ kinship between the two species prompted an investigation that dispelled that presumption and revealed that the two share a family history.,对曾被认为会排除两物种间亲缘关系的结构特征展开分析后，引发了一项调查，彻底打破了此前的不相关假定，并揭示出两者拥有共同的演化谱系。,signify,underrate,point to,preclude,rule out,exaggerate,preclude,rule out,preclude,rule
252,The book captures the _______ of several politicians who spoke publicly of old-time virtues in order to mask private vices.,这本书刻画了几位政客虚伪伪善的嘴脸：他们公开大谈传统美德，以此掩盖私下的恶行恶习。,probity,dissemblance,opportunism,rectitude,ingenuousness,duplicity,dissemblance,duplicity,dissemblance,duplicity
253,"Baker was struck by the amount of _______ she saw at the renowned medical facility; for all their experience, the physicians could not seem to agree on the correct diagnosis for any given patient.",贝克对在这家著名医疗机构中见到的严重分歧争执深感震惊：尽管医生们经验丰富，但面对任何一位具体病患，他们似乎都无法就正确诊断达成共识。,discordance,contention,quackery,nepotism,indecision,cronyism,discordance,contention,discordance,contention
254,"The book reaffirms the idea that Africans on the continent have not stopped _______ or responding to their own creations; in fact, African creative agents have ushered in their own modern forms rooted in traditional ideas.",该书重申了这一观点：非洲大陆上的非洲人从未停止自主创造或回应自己的造物；事实上，非洲的文艺创造者已经开辟出植根于传统思想的独具特色的现代形式。,exposing,detecting,absorbing,noticing,generating,originating,generating,originating,generat,originat
255,"Flash floods are common in desert regions and were widespread before the evolution of trees and woodland soils; in contrast, flash floods are _______ in woodlands, where floodwaters, impeded by trees, form ponds.",暴洪在荒漠地区十分常见，并且在树木和林地土壤演化出现之前曾广泛肆虐；相比之下，森林林地中的暴洪则大为减弱缓和，因为洪水受到树木阻挡而蓄成了水塘。,overshadowed,redirected,obscured,precluded,mitigated,abated,mitigated,abated,mitigate,abate
256,"Those who read Empson’s correspondence for the first time may be disappointed that so much of it is professional rather than personal, but the distinction in this case is _______: every letter bears the full stamp of Empson’s personality.",初读燕卜荪书信的人可能会因内容多属公务而非私谊而感到失望，但在此情境下，这种区分纯属人为刻意且站不住脚：因为每一封信都深深烙印着燕卜荪独特的个性印记。,unambiguous,artificial,significant,spurious,clear-cut,unique,artificial,spurious,artificial,spuriou
257,"Since the data we have analyzed are so _______, it would be hazardous to draw a definite conclusion.",鉴于我们分析的数据如此贫乏匮乏，若轻易得出明确结论将是极其冒险的。,copious,overwhelming,abundant,meager,paltry,uncertain,meager,paltry,meager,paltry
258,The phrase “bread and circuses” refers to early Roman politicians’ plans to _______ the votes of the poor by handing out cheap food and entertainment.,“面包与马戏”这一短语指的是古罗马早期政客通过发放廉价食物和娱乐来争取并获得穷人选票的计策。,belie,surmount,secure,control,cherish,earn,secure,earn,secure,earn
259,"They applaud the musicals of the 1930s and 1940s, whose plethora of stars, jokes, dances, dialogue, and general gaiety make today’s offering seem _______ by comparison.",他们盛赞20世纪三四十年代的音乐剧，其璀璨的明星阵容、妙语连珠、欢歌载舞以及普遍的欢快氛围，让当下的作品相形之下显得索然无味且沉闷阴郁。,cheerless,vacuous,mirthful,insincere,gloomy,jovial,cheerless,gloomy,cheerless,gloomy
260,"It may not seem like a big deal for produce distributors to mix together soybeans from different farms, but a growing number of buyers are willing to pay a premium for soybeans the _______ of which is known: they like to know exactly where their food came from.",农产品分销商将来自不同农场的大豆混在一起看似无伤大雅，但越来越多的买家愿意为产地来源明确的大豆支付溢价：他们希望确切知道自己食物的产地。,purity,output,heterogeneity,origin,yield,provenance,origin,provenance,origin,provenance
261,"Experiments show that it is shockingly easy to elicit a sense of _______ among a group of strangers: just tell them they’ll be working as a team, and they immediately start working as a team.",实验表明，在一群陌生人中激发起团结互助与同志情谊异乎寻常地容易：只需告诉他们将作为一个团队展开合作，他们便会立即像团队一样紧密协作。,dominance,hierarchy,obedience,solidarity,camaraderie,optimism,solidarity,camaraderie,solidarity,camaraderie
262,"Typefaces, in one sense, are just like styles of shoes: they _______ because different people have different tastes and identities and because both creators and users value novelty for its own sake.",从某种意义上说，字体正如鞋子的款式：它们之所以层出不穷、数量繁多，是因为不同的人具有不同的品味和身份认同，且创作者和使用者都纯粹看重新颖本身的价值。,bemuse,converge,proliferate,abound,evolve,coincide,proliferate,abound,proliferate,abound
263,"It’s a sign of John Dramani Mahama’s skill as a writer that he is willing to consider his country’s future so _______: his memoir is appealingly honest, given to clear-eyed assessments rather than exaggerated accounts of achievements.",约翰·德拉马尼·马哈马愿意如此冷静客观且富有分析性地审视自己国家的未来，这体现了他作为作家的娴熟功力：他的回忆录令人赞赏地真诚坦率，通篇皆是清醒理智的评估，而非对成就的夸大其词。,cheerfully,dispassionately,insightfully,evocatively,analytically,blithely,dispassionately,analytically,dispassionately,analytically
264,"The action in Zadie Smith’s novel On Beauty is mediated by an unabashedly _______ narrator who does not hesitate to inform us, as once upon a time the narrators of novels were wont to do, how we behave in general and how society usually works.",查蒂·史密斯的小说《关于美》中的情节是通过一位毫不避讳、极其引人注目的叙述者来展开的，这位叙述者毫不犹豫地向读者指出世人通常的行为举止以及社会的一般运转规律，正如昔日的小说叙述者惯常所做的那样。,knowing,obtrusive,conspicuous,antiquated,mysterious,secretive,obtrusive,conspicuous,obtrusive,conspicuou
265,"Although people often describe the correct trajectory for a thrown or moving object, their efforts to explain that trajectory in terms of physics can reveal _______ understanding of the forces acting on the object.",尽管人们通常能够描述出抛掷物或运动物体的正确运动轨迹，但他们尝试用物理原理解释该轨迹时，往往暴露出对作用于该物体上的力缺乏深入认识且极其幼稚。,a naïve,a subtle,a fallacious,an unsophisticated,a nuanced,a fresh,a naïve,an unsophisticated,naïve,unsophisticate
266,"Appearing in the midst of so many equivocal comments, this unambiguous statement, whatever its intrinsic merit, plainly stands out as _______.",混杂在如此多模棱两可的言论之中，这句毫不含糊的明确表态无论其实际价值如何，都显然显得格外反常与罕见。,anomalous,arcane,irrelevant,superfluous,unusual,esoteric,anomalous,unusual,anomalou,unusual
267,"For decades, Pluto seemed to be the mysteriously _______ planet: it was first thought to be about as large as Earth, but, subsequently, measurements had it smaller and smaller.",几十年来，冥王星似乎是一颗不断神秘缩小的行星：人们最初以为它的大小与地球相当，但随后的测算却显示它越来越小。,morphing,appearing,dwindling,orbiting,contracting,emerging,dwindling,contracting,dwindl,contract
268,"The sociologist argued that criminal behavior is an impermanent condition because it is the result of cyclical forces operating through _______ factors, not the manifestation of deeply rooted personal characteristics.",该社会学家认为，犯罪行为是一种暂时性的状态，因为它是周期性力量通过偶发的情境因素发挥作用的结果，而非根深蒂固的个人特质的体现。,contingent,alarming,circumstantial,proliferating,unsustainable,intensifying,contingent,circumstantial,contingent,circumstantial
269,"British critics covering African American musicians performing in London in the 1910s had little idea how to distinguish what was authentic African American music from what was _______, but they knew such a distinction existed.",20世纪10年代在伦敦报道非裔美国音乐家演出的英国评论家们，几乎不知道如何区分真正地道的非裔美国音乐与虚假冒牌的音乐，但他们确信这种区别确实存在。,eclectic,genuine,derivative,spurious,legitimate,specious,spurious,specious,spuriou,speciou
270,"Any antimatter in our part of the universe is necessarily _______ because of the overwhelming preponderance of ordinary matter, by which antimatter is quickly annihilated.",在我们所处的宇宙区域中，任何反物质的存在必然是极其短暂短命的，因为普通物质占据绝对的压倒性优势，反物质很快就会被其湮灭。,short-lived,nebulous,scarce,concrete,substantial,ephemeral,short-lived,ephemeral,short-liv,ephemeral
271,"The territory’s tradition of simple and low taxes, combined with a comparatively easygoing government, has earned it the _______ of its citizens and is widely seen as a main reason for its stunning rise to prosperity.",该地区税制简便低廉的传统，加之相对宽松宽厚的政府治理，赢得了民众的一致赞赏与爱戴，并被广泛视为其惊人崛起与繁荣的主因。,opprobrium,vituperation,attention,dismissal,approbation,adulation,approbation,adulation,approbation,adulation
272,"Although the parents do not think highly of the educational system “as a whole”, they fail to treat teachers with _______ equally.",尽管家长们从“整体”上对教育体制评价不高，但他们也并未对教师给予同样一致的崇敬与尊重。,consideration,veneration,lucubration,opprobrium,reverence,disdain,veneration,reverence,veneration,reverence
273,"Economic growth has been identified as a _______ for poor countries to eradicate poverty, but this prescription also triggers great environmental concerns.",经济增长一直被视为贫穷国家消除贫困的灵丹妙药，但这一处方也引发了巨大的环境担忧。,panacea,refuge,remedy,heaven,culprit,recipe,panacea,remedy,panacea,remedy
274,"We do not always use words in accordance with their dictionary definitions, for meaning often fluctuates with context: that does not mean, however, that we are completely _______ in how we use language.",我们并不总是严格按照词典定义来使用词汇，因为词义往往随语境而波动；然而，这并不意味着我们在运用语言时是完全不受约束、随心所欲的。,rote,unconstrained,irrational,unpredictable,free,methodical,unconstrained,free,unconstrain,free
275,"Today the chair of the task force in charge of revising the psychiatric diagnostic manual is _______ post—people work for years to position themselves as candidates—but in the early 1970s, descriptive psychiatry was a backwater.",如今，负责修订精神疾病诊断手册的工作组主席是一份令人垂涎、令人艳羡的要职——人们多年苦心钻营以求跻身候选人之列——但在20世纪70年代初，描述性精神病学还只是一个无人问津的冷门领域。,a coveted,an arduous,a taxing,a lucrative,an enviable,an influential,a coveted,an enviable,covet,enviable
276,The astronomer admits that his interpretation of so-called Population III stars is _______ at present since no one has yet done any real calculations to see if it holds up under closer scrutiny.,该天文学家承认，他目前对所谓第三星族恒星的阐释纯属推测猜想性质，因为尚未有人进行过实质性计算来验证其能否经得起推敲。,spurious,speculative,predictive,conjectural,fabricated,implausible,speculative,conjectural,speculative,conjectural
277,"In the wild, no other mammal _______ individuals from another species: badgers do not tend hares, deer do not nurture baby squirrels, lions do not care for giraffes.",在野生环境中，没有任何哺乳动物会收养抚育其他物种的幼崽：獾不会照看野兔，鹿不会抚育幼松鼠，狮子也不会照顾长颈鹿。,protects,fosters,aids,cajoles,adopts,coaxes,fosters,adopts,foster,adopt
278,Recent research runs counter to the long-cherished notion that a small drop in body temperature during and after surgery is either _______ or actually protects the patient by slowing metabolism and reducing the body’s demand for blood and oxygen.,最新的研究推翻了人们长期以来的认知：即在手术过程中及术后体温轻微下降要么无足轻重，要么能通过减缓新陈代谢、降低机体对血液和氧气的需求来保护患者。,beneficial,immaterial,inconsequential,preventive,prophylactic,redundant,immaterial,inconsequential,immaterial,inconsequential
279,"A priori mathematics, according to Galileo, does not _______ the need for observation, but mathematics does allow us to deduce unobservable properties and thus to penetrate further into the structure of nature than observation does.",伽利略认为，先验数学并不能消除或取代观察的必要性，但数学确实使我们能够推导出不可观察的性质，从而比仅凭观察更深入地洞悉自然的结构。,address,acknowledge,obviate,diminish,displace,appreciate,obviate,displace,obviate,displace
280,"The historian argued that _______ are essential to science, claiming that these inherited and untested beliefs often form the conceptual framework necessary for further research.",这位历史学家主张先入之见与成见对科学而言至关重要，他声称这些传承而来且未经检验的信念往往构成了进一步研究所必需的概念框架。,hypotheses,mistakes,preconceptions,disagreements,controversies,prejudices,preconceptions,prejudices,preconception,prejudice
281,Governments are often willing to pay the direct costs of preparing for emergencies that may never happen: they make room in their budgets to prepare for _______ but unlikely events.,政府往往愿意为防范可能永远不会发生的紧急事件承担直接成本：他们在预算中预留空间，以应对那些看似合乎情理但极不可能发生的事件。,plausible,anticipated,dangerous,conceivable,foreseen,unimaginable,plausible,conceivable,plausible,conceivable
282,"Sports stars are often _______ figures, regarded as representative of the city or country for which they compete.",体育明星往往是图腾式、标志性的象征人物，被视为其所代表参赛的城市或国家的形象代言。,totemic,iconoclastic,protean,idealized,irreverent,emblematic,totemic,emblematic,totemic,emblematic
283,The writer’s indictment of the critic includes personal _______ such as jibes about his physical girth and style of delivery and is not the better for it.,该作者对批评家的控诉夹杂了人身攻击与诋毁，例如对其体型肥胖和言谈举止的嘲讽，这反而让其控诉失去了分量。,aspersions,commendations,falsehoods,fantasies,whims,slurs,aspersions,slurs,aspersion,slur
284,"Upon realizing that the indicators of a stressful situation can be extremely _______, the psychologist reconsidered her claim that a reliable way of reducing stress is to recognize stressful situations and then avoid them.",当意识到压力情境的表征可能极其微弱隐晦时，心理学家重新审视了自己的主张——即通过识别压力情境并加以规避是减轻压力的可靠途径。,acute,exiguous,persistent,overstated,tenuous,unrelenting,exiguous,tenuous,exiguou,tenuou
285,"Although the employees’ union and company management, entering into contract negotiations, both issued statements encouraging _______, acrimony between the two sides continued unabated.",尽管雇员工会和公司管理层在进入合同谈判时都发表声明呼吁礼貌友善，但双方之间的针锋相对与敌意依然丝毫未减。,pertinacity,compromise,patience,civility,comity,steadfastness,civility,comity,civility,comity
286,"As a way of _______ the negative impacts of overdependence on a single export product—crude oil, the Nigerian government passed legislation in 1999 intended to revitalize the moribund solid minerals sector.",为遏制过度依赖单一出口产品（原油）所带来的负面影响，尼日利亚政府于1999年通过立法，旨在重振奄奄一息的固体矿产行业。,assuming,checking,disguising,stemming,downplaying,shouldering,checking,stemming,check,stemm
287,The current _______ of repackaged music under Miles Davis’ name might prompt any reasonable person to conclude that the recording vault has been plundered bare.,当前冠以迈尔斯·戴维斯之名的重新包装音乐泛滥成灾，足以让任何理性的人认定其录音宝库已被彻底搜刮一空。,glut,revival,hodgepodge,surfeit,modicum,dearth,glut,surfeit,glut,surfeit
288,"People enjoy listening to the governor’s inspiring speeches, and his eloquence lulls his adversaries into underestimating his _______, the tempered steel beneath the sleek suits.",人们乐于聆听州长鼓舞人心的演说，而他的雄辩常常麻痹对手，使其低估了他坚韧不拔的决心——那是隐藏在笔挺西服之下的百炼精钢。,tenacity,resolve,resourcefulness,kindness,compassion,frankness,tenacity,resolve,tenacity,resolve
289,"Ancient cave painters explored every surface, and although they bypassed certain walls that to us seem just as suitable for decoration as ones they chose, the placement of the art apparently wasn’t _______.",古代洞穴画家探查了每一处岩壁表面；尽管他们跳过了一些在我们看来与其所选岩壁同样适合作画的墙面，但这些艺术作品的布局显然并非随意任性而为。,inconsequential,capricious,strenuous,undisclosed,arduous,impulsive,capricious,impulsive,capriciou,impulsive
290,"The recent exhibition on Dadaism is nothing if not _______, for the visual arts are currently awash in Dadaist gestures and gambits of one variety or another.",近期举办的达达主义展览可谓正当其时，因为当下的视觉艺术界正充斥着形形色色的达达主义姿态与手法。,sensational,timely,daunting,ill-advised,opportune,misguided,timely,opportune,timely,opportune
291,"Ascorbate readily oxidizes in aerated aqueous solutions, and the pH of such solutions, in part, _______ the rate of oxidation, since the higher the pH, the greater the rate of oxidation.",抗坏血酸在充气的水溶液中极易被氧化，而此类溶液的pH值在一定程度上决定了氧化速率，因为pH值越高，氧化速率就越快。,determines,accelerates,consolidates,governs,compounds,stabilizes,determines,governs,determine,govern
292,"Consuming 25 to 35 percent of their body weight each day, sea otters are not only _______ but highly specialized eaters, organizing themselves into groups that zero in on specific kinds of prey.",海獭每天消耗相当于自身体重25%至35%的食物，它们不仅食量惊人、极度贪食，而且是高度特化的进食者，会分群专门捕食特定种类的猎物。,prodigious,undiscriminating,fastidious,picky,voracious,omnivorous,prodigious,voracious,prodigiou,voraciou
293,"Even though the man was reserved in his speech, he thoroughly understood his mother, which made him far from _______ as people usually thought.",尽管这个男人寡言少语，但他对母亲却了如指掌，这使他远非人们通常所认为的那样天真单纯。,comprehensive,ingenuous,sophisticated,foolish,simple,sententious,ingenuous,simple,ingenuou,simple
294,"Mark Messina’s book The Simple Soybean and Your Health exudes recognition much less unrestrained in the description of soy’s medical efficiency than its versatility, but the author cautions against soy being a _______.",马克·梅西纳在《大豆与健康》一书中对大豆药用功效的认可远不如对其多功能性的赞誉那般毫无保留，并且作者告诫人们切勿将大豆视为包治百病的万能灵药。,cure-all,solitude,efficacy,effectuality,panacea,placebo,cure-all,panacea,cure-all,panacea
295,"Three of the nation’s largest airlines could be operating under bankruptcy protection in coming weeks, analysts say, the latest sign of the industry’s _______ as it lurches through a historic transformation.",分析人士指出，全美最大的三家航空公司可能在未来几周内申请破产保护运营，这是该行业在蹒跚经历历史性转型过程中陷入动荡剧变的最新迹象。,upheaval,exorbitance,affluence,peril,convulsion,opulence,upheaval,convulsion,upheaval,convulsion
296,"While the group’s street protests assumed an assertory uncompromising tenor, once admitted to the halls of power to begin formal lobbying, the group’s leadership wisely chose to _______ the stridency of their rhetoric.",尽管该团体在街头抗议时表现出坚定且绝不妥协的姿态，但一旦获准进入权力殿堂开展正式游说，其领导层便明智地选择缓和其言辞的尖锐锋芒。,metamorphose,gild,wane,palliate,succor,dampen,palliate,dampen,palliate,dampen
297,"His own writing style was _______: colorful and tart in its choice of language, willing to run risks in its allusions, metaphors, and verbal juxtapositions, prone to irreverent conclusions designed to surprise or startle.",他本人的写作风格很大胆醒目：用词生动辛辣，在典故、隐喻和文字并置上敢于冒险，且倾向于得出意在让人惊奇或震惊的离经叛道的结论。,effusive,audacious,lyrical,striking,ornate,emotional,audacious,striking,audaciou,strik
298,"Debate rages on between proponents of corporal punishment and the death penalty and their detractors, even though the most rabid supporter agrees that punishments must be _______ and the justice system should be evenhanded and thorough.",肉刑及死刑的支持者与反对者之间争论不休，尽管即使是最狂热的支持者也认同惩罚必须罪刑相符且司法体系应当公正严谨。,meet,clement,delimited,condign,tantamount,merciful,meet,condign,meet,condign
299,"In its few decades of existence, the field of technology assessment has undergone large changes: its original high ambitions to predict the consequences of technology have been _______ if not discarded.",在其存在的几十年间，技术评估领域经历了巨大变化：即使没有被彻底放弃，其最初预测技术后果的宏伟抱负也已经被大大收敛了。,deferred,subverted,abandoned,relinquished,tempered,modulated,tempered,modulated,temper,modulate
300,"Individuals interested in longevity have sought to fine-tune their bodies with all kinds of _______ diets: only raw foods; only plants; only the flesh, fruit, and nuts that prehistoric humans would have hunted and foraged.",热衷于长寿的人们试图通过各种严苛规约的饮食来微调自己的身体：只吃生食，只吃植物，或者只吃史前人类可能狩猎和采集到的肉类、水果与坚果。,eccentric,meager,salutary,proscriptive,trendy,exacting,proscriptive,exacting,proscriptive,exact
301,"The baseball players’ performance during last night’s game was impressive, although not _______; others have performed similar feats.",棒球运动员们在昨晚比赛中的表现令人印象深刻，但并非前所未有，其他人也曾取得过类似的辉煌战绩。,decisive,unexampled,significant,novel,outstanding,spectacular,unexampled,novel,unexampl,novel
302,"If Wilson’s artistic style changed over time, it was in the wrong retrograde direction, _______ experimentation and inclining toward works that seemed hobbled by a fear of risk.",如果说威尔逊的艺术风格随着时间的推移有所改变，那也是朝着错误的倒退方向发展——回避实验性探索，偏向于那些因害怕风险而显得束手束脚的作品。,belaboring,shunning,eschewing,overemphasizing,misconstruing,mocking,shunning,eschewing,shunn,eschew
303,"Considering how difficult it is to prove or disprove the existence of life on Mars, which is practically our neighbor, it is quite _______ challenge to do the same for any Earthlike planets that might exist outside our solar system.",考虑到证明或证伪近在咫尺的火星上是否存在生命是何等困难，若要对太阳系外可能存在的任何类地行星进行同样的求证，无疑是一项令人望而生畏的巨大挑战。,a formidable,an impossible,a hopeless,a daunting,an urgent,an immediate,a formidable,a daunting,formidable,daunt
304,"While it’s hard to know for sure, I suspect that the well-known authority’s silence on this contentious topic reflects the cautious _______ of a sensible scientist confronted with mixed data and mountains of speculation.",尽管难以确切知晓，但我推测这位著名权威在这一争议话题上的沉默，反映了一位理智的科学家在面对相互矛盾的数据和堆积如山的推测时所采取的审慎中立态度。,neutrality,impartiality,optimism,diffidence,commitment,buoyancy,neutrality,impartiality,neutrality,impartiality
305,"Very few companies take the trouble to discover where the wood in their products originates; consumers do not demand this information, and consequently _______ regarding illicit timber has become the norm.",极少有公司会费心去探究其产品所用木材的来源；消费者也不索求这方面的信息，因此对非法木材的漠不关心已经成为常态。,greed,indifference,outrage,timidity,apprehension,apathy,indifference,apathy,indifference,apathy
306,"Until 1992, microprocessor types were identified by number, and for a long time they were considered so _______ that manufacturers would share design specifications for them.",直到1992年，微处理器型号都是用数字来标识的，并且在很长一段时间里，它们被认为具有高度可互换性，以至于制造商会彼此共享其设计规范。,fungible,interchangeable,perishable,integral,inimitable,essential,fungible,interchangeable,fungible,interchangeable
307,"The apparent simplicity of a savanna or a prairie landscape is illusory, but the illusion takes real effort to _______ because much of what actually occurs in these places takes place underground.",热带稀树草原或温带草原景观表面上的单一简单只是一种错觉，但要消除这种错觉需要付出真正的努力，因为这些地方实际发生的大部分生态活动都位于地下。,dispel,acknowledge,confirm,disavow,dismiss,perceive,dispel,dismiss,dispel,dismiss
308,Lustig’s critics argue that what makes him a compelling public speaker is his practice of citing evidence that is merely suggestive in support of a claim and insisting that this evidence is _______.,卢斯蒂格的批评者认为，之所以他能成为一名极具煽动力的公众演说家，是因为他惯于引用仅仅具有暗示性的证据来支持某种主张，并坚称这些证据是不容置疑的。,invaluable,irrelevant,indubitable,immaterial,insignificant,incontrovertible,indubitable,incontrovertible,indubitable,incontrovertible
309,"The series of documentaries certainly does not promote the country’s recent diplomatic initiatives; in fact, some of the films appear to be _______ those initiatives.",这套纪录片系列绝非在宣传该国近期的外交倡议；事实上，其中一些影片似乎是对这些倡议的谴责与控诉。,commendations of,reparations of,tributes to,rationalizations of,denunciations of,indictments of,denunciations of,indictments of,denunciation of,indictment of
310,"The tribes’ _______ a settled mode of living was derived from their long-standing traditions, which, though differing from one tribal group to another, always included resistance to nomadic lifestyles.",这些部落对定居生活方式的偏好源自其悠久的传统；尽管各部落群体之间的传统有所不同，但总是包含着对游牧生活方式的抵制。,curiosity about,proclivity toward,predilection for,unfamiliarity with,rejection of,disdain for,proclivity toward,predilection for,proclivity,predilection for
311,"In politics, tactical calculations about which groups a candidate should appeal to are never pleasant, but they are not always _______, and sometimes they are necessary.",在政治中，关于候选人应该迎合哪些群体的策略盘算从来都不是令人愉悦的，但它们并不总是卑鄙肮脏的，有时甚至实属必要。,injudicious,sleazy,effective,sordid,useful,exceptional,sleazy,sordid,sleazy,sordid
312,The spacecraft’s considerable heft forces an unusually _______ route that meanders through the solar system and depends on the gravitational pull of three heavenly bodies.,航天器巨大的质量迫使它采取一条极度迂回曲折的轨道，在太阳系中蜿蜒穿行，并依赖三个天体的引力助推。,predetermined,circuitous,indirect,truncated,shortened,sequential,circuitous,indirect,circuitou,indirect
313,"According to some political analysts, the candidate’s occasionally rambling responses to questions suggest that she has been out of circulation for a while and her debating skills need to be _______.",一些政治分析人士指出，这位候选人在回答问题时偶尔出现的东拉西扯表明她已经脱离公众视野一段时间了，其辩论技巧需要进一步磨砺提升。,honed,discredited,enhanced,reevaluated,remedied,de-emphasized,honed,enhanced,hon,enhanc
314,"Patterson thought the waste leaking into the river was _______ situation: by contrast, judging from their silence on the matter, the owners of the factory felt the problem did not require immediate action.",帕特森认为废物泄漏入河是一种紧急迫切的状况；相比之下，从工厂老板对此事的沉默来看，他们觉得这个问题并不需要立即采取行动。,a lingering,a convoluted,a pressing,an enervating,an exigent,an intricate,a pressing,an exigent,press,exigent
315,"Some historians represent the East India Company as _______ participant in political and military conflicts in India, only taking an interest in territorial power as a last-ditch effort to protect its trading activities.",一些历史学家将东印度公司描绘成印度政治与军事冲突中勉强不情愿的参与者，称其只是作为保护贸易活动的最后手段才对领土权力产生兴趣。,a shrewd,an ineffectual,an irregular,a canny,a reluctant,an unwilling,a reluctant,an unwilling,reluctant,unwill
316,Scientists are investigating odors so faint that people cannot _______ them in order to see whether such odors can nevertheless change the way people interact.,科学家正在研究微弱到人们无法察觉的气味，以探究这类气味是否仍能改变人与人之间的互动方式。,tolerate,endure,avoid,dispel,detect,discern,detect,discern,detect,discern
317,"Considering that space travel was science fiction only decades ago, we should be extremely reluctant to proclaim an idea forever technologically infeasible unless that idea _______ some hard physical constraint.",考虑到就在几十年前太空旅行还只是科幻小说的情节，除非某种想法违背了某些硬性物理定律的约束，否则我们应极力避免宣称它在技术上永远不可行。,violates,contravenes,overcomes,transcends,utilizes,introduces,violates,contravenes,violate,contravene
318,"The actor’s part in the film turned out to be _______: he had only one line, and by the time the film appeared in theaters, even that line had been removed.",该演员在电影中的戏份最终被证实是微不足道的：他只有一句台词，而等到影片在影院上映时，连那句台词都被删掉了。,misunderstood,mandatory,intriguing,fascinating,trivial,inessential,trivial,inessential,trivial,inessential
319,"Although _______ to please his audiences, Mozart was, at the same time, fully aware of his musical genius and had no intention of compromising his music.",尽管莫扎特乐于取悦他的听众，但与此同时，他充分意识到自己的音乐天赋，绝无妥协其音乐的打算。,disposed,loath,disinclined,eager,keen,compelled,disposed,eager,dispos,eager
320,"It is true that science, and more particularly scientists, _______ cherished paradigms with great reluctance and that when they do, scientific revolutions may result.",诚然，科学界——更具体地说是科学家们——往往极不情愿放弃长期珍视的范式，而一旦他们这样做了，便可能引发科学革命。,unify,share,cede,embrace,dismantle,relinquish,cede,relinquish,cede,relinquish
321,"The proposition that foraging Native Americans studied the skies is _______: anthropological evidence demonstrates, for example, that the Chumash Indians counted the lunar cycles and established the times of the solstices.",从事采集狩猎的美洲原住民曾观测天象这一命题是毋庸置疑的：例如人类学证据表明，丘马什印第安人曾计算月相周期并确定了二至点的时间。,unquestionable,unremarkable,undeniable,unprecedented,unexceptional,unparalleled,unquestionable,undeniable,unquestionable,undeniable
322,"In the nineteenth century, the circus, for all its glitz and even its glamour, was entertainment with an old soul, _______ the fast-forward pace of change in modern life.",在19世纪，马戏团尽管充斥着耀眼夺目的光芒甚至魅力，却是一种拥有古老灵魂的娱乐形式，让人们得以从现代生活飞速变化的节奏中获得片刻喘息。,a forerunner of,an antidote to,a respite from,a break from,a precursor to,a rebuke to,a respite from,a break from,respite from,break from
323,"Sokari Douglas Camp was _______ in the early 1990s by many of London’s commercially driven art dealers and galleries, some of whom apparently found her themes difficult to market.",在20世纪90年代初，索卡里·道格拉斯·坎普遭到了伦敦许多商业画商和画廊的冷落忽视，其中一些人显然觉得她的创作主题难以推向市场。,criticized,lionized,misrepresented,neglected,forsaken,eulogized,neglected,forsaken,neglect,forsaken
324,"It is troubling that blogs, which may be among the least reliable sources of information in human history, occupy such _______.",令人担忧的是，博客这种可能属于人类历史上最不可靠的信息来源之一，竟然占据着如此显著突出的地位。,enviable,conspicuous,suspect,dubious,controversial,prominent,conspicuous,prominent,conspicuou,prominent
325,"Many scholars studying leadership _______ the cult of celebrity that has been fostered both by the media and by politicians’ public relations staffs, arguing that it trivialized politics.",许多研究领导力的学者痛斥媒体和政客公关团队共同助长的名人崇拜，认为这使得政治变得庸俗浅薄。,abet,decry,question,analyze,countenance,condemn,decry,condemn,decry,condemn
326,"Experimentation in the arts often generates befuddlement, and even _______ of innovative art generally have voiced perplexity regarding this new, experimental artwork.",艺术领域的实验性探索往往会令人困惑，甚至创新艺术的支持者们普遍也对这件新的实验性艺术作品表达了不解。,proponents,vilifiers,defenders,belittlers,vendors,luminaries,proponents,defenders,proponent,defender
327,The sailors realized too late that winds had shifted the ice in such a way as to obstruct the ship’s path; this process had been so _______ that it was completed by the time they discovered the effect.,水手们意识到风向推动冰层阻断航道为时已晚；这一过程是如此隐蔽缓慢、难以察觉，以至于等他们发现其影响时，航道已被彻底封死。,gradual,negligible,unpredictable,time-consuming,inconsequential,imperceptible,gradual,imperceptible,gradual,imperceptible
328,What makes the precisely oriented flight of a honeybee swarm to its new home so _______ is that only a small percentage of its members know the swarm's travel route and final destination.,蜜蜂群向新家园精准定向飞行之所以如此令人惊叹，是因为蜂群中只有极少部分成员知晓行进路线和最终目的地。,exact,unpredictable,amazing,erratic,reliable,wondrous,amazing,wondrous,amaz,wondrou
329,"As clucks of disapproval about Americans’ political _______ have grown louder in recent years, many historians have looked for contrast to the decades before the Civil War as a time when Americans were enthusiastically engaged in politics.",近年来，对美国人政治冷漠的指责声越来越响亮，许多历史学家因而将南北战争前的几十年作为对照，认为那是美国人热情投身政治的时代。,zealotry,apathy,hypocrisy,partisanship,insincerity,passivity,apathy,passivity,apathy,passivity
330,The latest publications predicting disastrous coastal erosion are unlikely to _______ knowledgeable readers because variations on the same claims have been effectively refuted in the past few years.,最新预测灾难性海岸侵蚀的出版物不太可能让知情的读者感到惊慌不安，因为过去几年中类似说法的各种变体都已被有力反驳。,intrigue,reassure,baffle,alarm,unsettle,calm,alarm,unsettle,alarm,unsettle
331,"Some social insects, such as bees and ants, are celebrated for their industriousness and engineering feats, but popular culture has not generally _______ termites for theirs—even though they can build mounds twenty feet high.",蜜蜂和蚂蚁等一些社会性昆虫因其勤劳和工程壮举而备受赞誉，但大众文化通常并未颂扬白蚁的类似成就——尽管它们能建造高达二十英尺的蚁冢。,considered,reprehended,applauded,deprecated,exonerated,extolled,applauded,extolled,applaude,extoll
332,"Because the organization often trumpeted itself as a forum for _______ discussion, visitors were startled by the frequently heated tone of its recent debates.",由于该机构经常标榜自己是平和冷静讨论的论坛，来访者对其近期辩论中频繁出现的激烈火药味感到十分震惊。,elevated,vigorous,temperate,strenuous,dispassionate,strident,temperate,dispassionate,temperate,dispassionate
333,"In science, replicability comes with the idea that the pursuit of scientific truth should not be _______: researchers who make claims must allow others to test them empirically.",在科学中，可重复性伴随着这样一种理念，即对科学真理的追求不应是封闭孤立的：提出主张的研究人员必须允许他人进行实证检验。,incomplete,settled,private,unfinished,insular,unerring,private,insular,private,insular
334,"Even the most hard-nosed critics could hardly deny that the novelist’s best books are _______: they are filled with energy, imagination, and something close to a white-hot inspiration.",哪怕是最苛刻挑剔的批评家也很难否认，这位小说家最优秀的作品充满了蓬勃生机与活力：它们洋溢着充沛的精力、想象力，以及近乎白炽化的灵感。,inventive,engaging,spirited,compassionate,vigorous,warmhearted,spirited,vigorous,spirit,vigorou
335,"Liam Clancy described the young Bob Dylan as a sponge, eagerly absorbing the possibilities life and culture might provide, and Dylan presents himself as _______ in his intellectual and musical curiosity.",利亚姆·克兰西将年轻的鲍勃·迪伦比作一块海绵，急切地吸收生活和文化所能提供的一切可能，而迪伦也展现出自己在求知欲和音乐好奇心上的永不满足与如饥似渴。,insatiable,devious,unique,pretentious,voracious,cunning,insatiable,voracious,insatiable,voraciou
336,"The Red Sea town of Aydhab presents scholars with _______: medieval records describe it as a major port for ships engaged in trade, yet today there is no trace of a viable harbor at the site.",红海小镇艾达卜给学者们出了一道难题谜团：中世纪的文献记载它曾是商船停泊的主要港口，然而今天该遗址却没有留下任何可行港口的痕迹。,an illusion,a contradiction,a chimera,a puzzle,an anachronism,a conundrum,a puzzle,a conundrum,puzzle,conundrum
337,"It is normal for artists who achieve great acclaim during their lifetimes to be considered _______ shortly after their deaths, only to have their reputations restored by subsequent generations.",生前享有盛誉的艺术家在去世后不久被视为过时落伍是常见现象，其声誉往往要等到后代人才能得以恢复。,sacrosanct,outmoded,overrated,canonical,unfashionable,emblematic,outmoded,unfashionable,outmod,unfashionable
338,"Human perception is not a direct consequence of reality but rather requires imagination, because the data that people encounter in their lives are never complete and always _______.",人类的感知并非现实的直接结果，而是需要想象力的参与，因为人们在生活中接触到的数据从未完整，且总是模棱两可、充满歧义。,equivocal,ambiguous,apparent,clear,transient,contradictory,equivocal,ambiguous,equivocal,ambiguou
339,"Susanne Prediger argues that although rational decimals and fractions are mathematically equivalent, students generally deal with them in _______ ways, hence they are not cognitively equivalent.",苏珊娜·普雷迪格认为，尽管有理小数与分数在数学上是等价的，但学生通常会以截然不同的方式对待它们，因此它们在认知上并不等价。,variable,divergent,unique,cursory,dissimilar,superficial,divergent,dissimilar,divergent,dissimilar
340,"Although Lemettais was _______ computer engineering, he lacked the spirit or enthusiasm to pursue it as a lifelong occupation.",尽管勒梅泰精通计算机工程，但他缺乏将其作为毕生事业追求的精气神与热情。,fanatical about,adept at,indifferent to,diligent regarding,proficient in,apathetic about,adept at,proficient in,adept,proficient in
341,"When it comes to arriving at brilliant ideas, filtering out distractions might well be _______: if a person’s mind is wandering, that person tends to outperform peers in a range of tasks in which flashes of insight are important.",在孕育绝妙构想方面，过滤掉外界干扰很可能会适得其反：如果一个人思绪神游，在各类需要灵光乍现的任务中往往会比同龄人表现得更加出色。,indispensable,irrelevant,overrated,imperative,deleterious,counterproductive,deleterious,counterproductive,deleteriou,counterproductive
342,"Matsui is an extremely _______ political tactician, as she generally will withhold her support for a political faction or a policy until she is confident it will prevail.",松井是一位极其精明老练的政治战术家，因为在确信某个政治派系或政策能够胜出之前，她通常不会轻易表态支持。,successful,dogmatic,shrewd,flexible,canny,rigid,shrewd,canny,shrewd,canny
343,"There is ample evidence that men and women think, express themselves, and even experience emotions differently, but in the area of sensory perception, psychologists are hard-pressed to identify major _______.",已有充分证据表明男女在思考、自我表达甚至情感体验上均有差异，但在感官知觉领域，心理学家却很难发现重大差异。,difficulties,innovations,discrepancies,challenges,incongruities,trends,discrepancies,incongruities,discrepancy,incongruity
344,Robbins’ accomplishment is not _______ one: her book makes the topic accessible to a general audience while still providing the sort of analysis that scholars demand.,罗宾斯的成就绝非微不足道：她的著作不仅让大众读者易于理解这一主题，同时还提供了学者们所要求的严密分析。,a trivial,a fascinating,a questionable,an insignificant,an intriguing,an amusing,a trivial,an insignificant,trivial,insignificant
345,"Precipitation is not _______ in the Atacama Desert west of the Andes Mountains, and water scarcity is compounded by problems with water appropriation; the existence of agro-pastoralists is in jeopardy.",安第斯山脉以西的阿塔卡马沙漠降水极不规律，而水资源的争夺分配问题又加剧了缺水危机，使农牧民的生存陷入绝境。,regular,negligible,evident,consistent,insignificant,abundant,regular,consistent,regular,consistent
346,"What differentiates this book from more traditional works on grammar is that it reserves its _______ not for students of writing, but for teachers who harbor unduly restrictive views.",这本语法书与传统语法著作的不同之处在于，它的训斥责难不是留给写作的学生，而是留给那些持有过度僵化限制性观点的教师。,mockery,skepticism,scolding,approbation,admonishment,commendation,scolding,admonishment,scold,admonishment
347,"Like ants’ propensity to congregate on one food pile and neglect another, the human tendency to make choices that _______ the observed behavior of others is a self-reinforcing process.",正如蚂蚁倾向于聚集在一堆食物上而忽略另一堆一样，人类模仿观察到的他人行为做出选择的倾向也是一个自我强化的过程。,imitate,confirm,avoid,emulate,inhibit,constrain,imitate,emulate,imitate,emulate
348,"This book indulges in a number of convenient _______, including its dubious timeline and its veneer of collective authorship.",这本书沉湎于诸多便宜行事的虚构捏造，包括其可疑的时间线以及集体创作的伪装外衣。,fictions,contradictions,analyses,reminiscences,refutations,inventions,fictions,inventions,fiction,invention
349,"In spite of her fascination with chance, coincidence, and contingency, Stanning’s novels are _______ constructed, written from the head rather than the heart.",尽管斯坦宁痴迷于偶然、巧合与不可预知性，她的小说结构却构建得极其严密细致，全凭理性思考而非情感用事写就。,hastily,extravagantly,painstakingly,meticulously,evocatively,impulsively,painstakingly,meticulously,painstakingly,meticulously
350,"Although traditionally artists have rightly been seen as the most _______ audience for the work of their colleagues, today taste is also created by critics and curators and occasionally by collectors.",尽管传统上艺术家一直被恰如其分地视为同行作品中最具敏锐鉴赏力的受众，但如今的品味也由评论家、策展人以及偶尔由收藏家共同塑造。,arbitrary,volatile,perceptive,impulsive,subjective,discerning,perceptive,discerning,perceptive,discern
351,"Every serious attempt at a historical portrait of the past will subtly absorb the milieu and temperament of its living author, however _______ he or she sets out to be.",任何对过往历史进行严肃描摹的尝试，都会微妙地吸纳当世作者的所处环境与性情，无论作者起初立意多么客观公正。,entertaining,comprehensive,objective,engaging,rigorous,impartial,objective,impartial,objective,impartial
352,"Although we no longer have to rely on salt to keep food from spoiling, our appetite for it is _______: most people eat much more salt than they need.",尽管我们不再需要依靠盐来防止食物变质，但我们对盐的渴望却丝毫未减：大多数人摄入的盐量远远超过了实际需求。,involuntary,inconstant,unabated,unpredictable,undiminished,insatiable,unabated,undiminished,unabate,undiminish
353,"Nature-loving pilgrims from the eastern United States altered the country’s attitude toward California’s sequoia groves, transforming those stands of great trees from scientific curiosities to places of _______.",来自美国东部的热爱大自然的朝圣者改变了整个国家对加州红杉树林的看法，使这片参天大树群从科学上的奇观变成了令人肃然起敬的膜拜圣地。,recreation,mystery,veneration,solitude,reverence,acclamation,veneration,reverence,veneration,reverence
354,"Established scientists recognize that peer review of manuscripts submitted to scientific journals is critical to science, but this recognition _______ a certain ambivalence in them, since reviewing takes time away from their research.",资深科学家深知对投递给科学期刊的手稿进行同行评审对科学至关重要，但由于审稿会占用其科研时间，这种认知也在他们心中引发了某种矛盾心理。,obviates,mitigates,engenders,tempers,induces,exacerbates,engenders,induces,engender,induce
355,"Despite _______ leaving their old jobs behind, workers were eager to move because there were to be no layoffs under the union contract at the new location.",尽管对离开旧岗位心存顾虑担忧，工人们依然渴望搬迁，因为根据工会合同，新地点将不会进行任何裁员。,jubilation over,indifference to,misgivings about,outrage over,trepidation over,enthusiasm for,misgivings about,trepidation over,misgiving,trepidation
356,"After the Turkish Republic was established, traditional hamams (bathhouses) seemed to many Turks to be outmoded, but thanks to tourism, hamams have experienced a _______, becoming important cultural sites for foreign and Turkish visitors alike.",土耳其共和国成立后，传统土耳其浴场在许多土耳其人看来已经过时，但得益于旅游业的发展，土耳其浴场迎来了复兴，成为外国游客和土耳其本土游客的重要文化场所。,proliferation,retrenchment,transformation,revival,slump,renaissance,revival,renaissance,revival,renaissance
357,"Williams finds the appearance of Whitman’s Leaves of Grass in 1855 nearly _______ given the immense disparity between Whitman’s earlier published works, which Williams finds dismal, and the consummate mastery of Leaves.",威廉斯觉得惠特曼在1855年发表《草叶集》近乎匪夷所思、难以解释，因为惠特曼此前发表的作品在他看来糟糕透顶，与《草叶集》登峰造极的娴熟技巧之间存在着天壤之别。,oracular,prophetic,inevitable,inexplicable,inauspicious,incomprehensible,inexplicable,incomprehensible,inexplicable,incomprehensible
358,"Carr insists that the so-called information society might be more accurately described as the interruption society: it _______ attention, the scarcest of all resources, and stuffs the mind with trivia.",卡尔坚持认为，所谓的信息社会或许更应该被准确地称为‘打扰社会’：它摧毁了注意力这一最稀缺的资源，并在人们头脑中塞满了琐碎杂质。,guards,protects,diverts,destroys,annihilates,transcends,destroys,annihilates,destroy,annihilate
359,"Of all the singer’s works, this album is the most dependent on the musical conventions of her day; it was both the least _______ of her albums and the most commercially successful.",在所有这位歌手的作品中，这张专辑对当时流行音乐常规的依赖程度最高；它既是她所有专辑中最缺乏创新实验性的一张，也是商业上最成功的一张。,personal,well-known,experimental,innovative,acclaimed,recognizable,experimental,innovative,experimental,innovative
360,"The environmental advocacy group pushed for a single, overarching wetlands management plan that would _______ the existing efforts of various entities, resulting in a focused blueprint for saving the area’s wetlands.",该环保倡导组织推动制定一项统揽全局的湿地管理综合方案，该方案将融合各个实体现有的保护努力，形成一份聚焦拯救该地区湿地的蓝图。,combine,meld,undermine,spearhead,support,subvert,combine,meld,combine,meld
361,"Many theorists believe that measures to prevent industrial pollution necessarily increase production costs, but several recent reports document innovations that _______ environmental harm while also delivering economic benefits.",许多理论家认为防止工业污染的措施必然会增加生产成本，但近期的几份报告记录了一系列技术创新，这些创新在带来经济效益的同时也减轻削减了环境危害。,offset,preclude,disclose,mitigate,curtail,divulge,mitigate,curtail,mitigate,curtail
362,"A closer examination of the author’s footnotes explains the datedness of his argument: he has ignored most of the recent work in the field, drawing instead mainly on research that is now decidedly _______.",仔细审阅作者的脚注就能解释为何其论点如此陈旧：他忽视了该领域的大多数最新研究成果，主要依据的却是如今显然已经过时淘汰的研究。,familiar,germane,obsolete,relevant,discredited,outmoded,obsolete,outmoded,obsolete,outmod
363,"The environmental threat posed by the New Zealand mud snail, an invasive species, is _______ by the snail’s small size, which facilitates its spread across watersheds through human activity.",入侵物种新西兰泥螺所构成的环境威胁因其体型微小而进一步加剧，这种微小体型极易借助人类活动在不同流域间扩散蔓延。,initiated,ameliorated,exacerbated,extenuated,mitigated,aggravated,exacerbated,aggravated,exacerbate,aggravate
364,"Although the Kuiper Belt—the icy region of the solar system where Pluto orbits—was once much more crowded, today it has such a low density of objects that collisions between them are _______.",尽管冥王星所处的太阳系冰冻地带——柯伊伯带——曾经密集得多，但如今那里的天体密度极低，以至于彼此之间的碰撞几乎是不可能的。,inconsequential,ongoing,unthinkable,improbable,continuous,unlikely,improbable,unlikely,improbable,unlikely
365,"Contrary to popular myth, cockroaches are not especially tough or radiation resistant; indeed, they are pretty _______ as insects go.",与大众流传的迷思相反，蟑螂既没有特别顽强，也不具备超强的抗辐射能力；事实上，就昆虫而言，它们相当普通寻常、平平无奇。,harmless,average,strong,undistinguished,weak,hardy,average,undistinguished,average,undistinguish
366,Scientific discovery calls for a difficult balance: intrepid advocacy of new ideas must often be _______ by the results of self-imposed trials.,科学发现需要维持一种艰难的平衡：对新想法的大胆倡导往往必须受到严苛自我检验结果的节制与约束。,tempered,moderated,unhampered,preempted,superseded,prefaced,tempered,moderated,temper,moderate
367,"Reuters is not against _______ noteworthy architecture but suggests a cap on the amount to be protected at any one time: if you want to protect another ancient building, one should come off the list.",路透并不反对保护值得关注的古建筑，但他建议对同一时期受保护建筑的数量设定上限：如果想增加保护一座古建筑，就应该从名单中剔除一座。,preserving,rehabilitating,promoting,restoring,emulating,safeguarding,preserving,safeguarding,preserv,safeguard
368,Jaime Javier Rodriguez notes that popular art forms often conceal a daunting complexity: frequently what appears _______ becomes intricate and challenging when closely examined.,海梅·哈维尔·罗德里格斯指出，大众艺术形式往往掩盖着令人惊叹的复杂性：通常那些看似千篇一律、套路化的作品，在仔细审视下就会显现出错综复杂且极具挑战性的内涵。,tedious,canned,convoluted,vacuous,tortuous,formulaic,canned,formulaic,cann,formulaic
369,"While merchants and bankers in thirteenth-century Europe quickly embraced the Hindu-Arabic numeral system, the governing authorities were less _______ it.",尽管13世纪欧洲的商人和银行家迅速接纳了印度-阿拉伯数字系统，但统治当局对它却并不那么感冒和推崇。,persuaded by,guarded about,captivated by,open-minded about,inhibited about,enamored of,captivated by,enamored of,captivate by,enamor of
370,"It’s true that occasional _______ entries might have been edited without damaging the diary’s overall impact, but the very completeness of Clara’s eloquent reflections conveys a strong sense of the density of a young woman’s experiences.",诚然，偶有冗长啰嗦的篇目即便被删减也不会损害这本日记的整体感染力，但克拉拉雄辩思考的完整性本身，恰恰强烈传达出一位年轻女性人生体验的厚重与丰沛。,verbose,redundant,long-winded,curt,mundane,laconic,verbose,long-winded,verbose,long-wind
371,"Berwick, middle-aged, soft-spoken, and _______, with a keen sense of how to use this apparent ordinariness to his advantage, began with a gripping story about how a firefighter saved himself during a forest fire by using a completely improbable tactic.",伯威克人到中年，说话轻声细语，外表平平无奇、毫不起眼，但他敏锐地懂得如何将这种看似平凡的特质转化为自身优势；他以一个引人入胜的故事开场，讲述了一名消防员在森林大火中如何凭借一种完全不可思议的策略绝处逢生。,imperturbable,implacable,unimaginative,unprepossessing,unremarkable,unruffled,unprepossessing,unremarkable,unprepossess,unremarkable
372,"Because the literary club often trumpeted itself as a sanctuary for temperate discussion, visitors were startled by the frequently _______ tone of its recent debates.",由于该文学俱乐部经常标榜自己是温和讨论的避风港，来访者对其近期辩论中频繁出现的尖酸刻薄语调感到惊愕。,blunt,ingratiating,acerbic,unctuous,vitriolic,bombastic,acerbic,vitriolic,acerbic,vitriolic
373,"Since Venus and Earth are so similar in their mass and density, Mueller suggested that the two planets have similar compositions and, therefore, there must be surface features on Venus that have terrestrial _______.",鉴于金星和地球在质量和密度上极其相似，米勒提出这两颗行星具有相似的成分构成，因此金星表面必然存在与地球特征相对应的地貌。,causes,consequences,counterparts,parallels,properties,outcomes,counterparts,parallels,counterpart,parallel
374,"It turns out that the seeming spontaneity of his letters actually involved a good deal of _______: the writer carefully revised them before mailing them, and he worked hard to establish the right tone.",事实证明，他的信件看似随性挥洒，实则经过了大量的深思熟虑与字斟句酌：作者在寄出信件前都会仔细修改，并极力拿捏恰当的语调。,deliberation,whimsicality,inventiveness,effort,capriciousness,consideration,deliberation,consideration,deliberation,consideration
375,"There is _______ quality to Beryl Bainbridge’s best novels, what Hilary Mantel calls “an air of mystery, as if something has been inked in and then sponged away, leaving a faint trace for the reader to pick up”.",贝丽尔·班布里奇最优秀的小说中蕴含着一种神秘晦涩、难以捉摸的特质，正如希拉里·曼特尔所称的‘一种神秘的气息，仿佛某些东西刚被墨水写下就被擦拭掉，只留下一抹淡淡的痕迹供读者捕捉’。,an elegiac,a cryptic,a deceptive,a plaintive,an elusive,a mesmerizing,a cryptic,an elusive,cryptic,elusive
376,"Another challenge to biologists and land-use planners alike is that while human-induced changes to the landscape are sometimes _______, they can nevertheless drastically alter the habitat for some plants and animals.",对生物学家和土地利用规划者而言，另一个挑战在于：尽管人类对地貌造成的改变有时微弱得难以察觉，但它们却能极大地改变某些动植物的栖息地。,indisputable,inappropriate,unacceptable,unfathomable,imperceptible,indiscernible,imperceptible,indiscernible,imperceptible,indiscernible
377,"Humanity’s struggle with bedbugs is _______: archaeologists have recovered remains of the parasites dating back 3,500 years to the time of the Egyptian pharaohs.",人类与臭虫的斗争由来已久：考古学家发现了这些寄生虫的遗骸，其历史可以追溯到3500年前的埃及法老时代。,disconcerting,unexceptional,perennial,preordained,inevitable,long-standing,perennial,long-standing,perennial,long-stand
378,"The composer’s string quartets exhibit a structural _______ that seems to challenge the conventions of the string quartet genre, which have long been celebrated for their rigor and coherence.",这位作曲家的弦乐四重奏展现出一种结构上的不稳定与不确定性，似乎在挑战这一长期以严谨和连贯著称的传统音乐体裁的常规惯例。,austerity,restraint,uncertainty,ostentation,vitality,instability,uncertainty,instability,uncertainty,instability
379,"It is _______ and rather surprising, for someone with a considerable background in philosophy, that Taylor fails to distinguish adequately between forms of communication and forms of knowledge.",对于一个拥有深厚哲学背景的人来说，泰勒未能充分区分传播形式与知识形式，这不仅令人惊讶，更是应受指摘、令人遗憾的。,reprehensible,inexplicable,deplorable,dangerous,typical,characteristic,reprehensible,deplorable,reprehensible,deplorable
380,"As a proponent of women’s traditional roles, Sarah Hale was adamant against women’s suffrage as thrusting women into an improper sphere; yet she _______ female textile strikers when they publicly protested their mistreatment at mills.",作为女性传统角色的拥护者，萨拉·黑尔坚决反对女性参政权，认为这会将女性推向不合时宜的领域；然而，当女纺织工公开抗议工厂的不公待遇时，她却对罢工女性给予了支持与声援。,opposed,supported,criticized,championed,challenged,welcomed,supported,championed,support,champion
381,"Because the political situation seriously impeded international communication, French scientific research was at that time uncharacteristically _______.",由于当时的政治局势严重阻碍了国际交流，法国的科学研究在那个时期反常地表现得封闭狭隘、孤芳自赏。,biased,insular,competitive,misleading,deceptive,parochial,insular,parochial,insular,parochial
382,"Other monarchs have been accused by posterity of murder and treason without having come to be regarded with such _______, perhaps because the cases against them have never been satisfactorily proved.",后世也曾指控其他君主犯有谋杀和叛国罪，却没有哪位像他一样招致如此严厉的唾骂与恶名，这或许是因为针对其他君主的指控从未得到充分确凿的证实。,equivocation,opprobrium,trepidation,infamy,levity,ambivalence,opprobrium,infamy,opprobrium,infamy
383,Many macroscopic or higher-level properties on the basis of which we sort chemicals into types are not _______ the chemical structure itself but instead only manifest themselves under certain conditions or in particular contexts.,我们用来对化学物质进行分类的许多宏观或高阶属性，并非该化学结构本身所固有的，而只是在特定条件或特定环境下才会显现出来。,inherent in,intrinsic to,equivalent to,influenced by,affected by,separable from,inherent in,intrinsic to,inherent in,intrinsic to
384,"It is rare for a prominent member of the company to leave without some _______. Smith, who resigned with civility, is an exception.",公司高层要员离职时鲜有不产生嫌隙怨怼的；礼貌得体辞职的史密斯算是一个例外。,acrimony,bitterness,trepidation,apprehension,regret,embarrassment,acrimony,bitterness,acrimony,bitterness
385,"The use of retail coupons is commonly touted as a consumer benefit, discounting the price on an item; however, if the purchase relates to an item that the consumer neither needs nor wants, the discount is _______.",零售优惠券通常被吹捧为对消费者的实惠，能够折价购买商品；然而，如果购买的商品是消费者既不需要也不想要的，那么这种折扣便毫无意义、无关紧要。,immaterial,reduced,diminished,offset,irrelevant,unnecessary,immaterial,irrelevant,immaterial,irrelevant
386,"During the fifteenth century, three aspects of the mathematical sciences were usually singled out as _______: their preparatory value for the study of philosophy, their practical advantage for the community, and their antiquity.",在15世纪，数学科学的三个方面通常被专门挑出来赞誉为值得尊崇的：它们对哲学研究的铺垫价值、对社区的实用效益，以及其悠久的历史。,estimable,superlative,inflated,praiseworthy,unique,adventitious,estimable,praiseworthy,estimable,praiseworthy
387,Most of the drugs used to treat celiac disease that are now in development would not eliminate the need for a gluten-free diet but would help _______ symptoms when some gluten is unintentionally ingested.,目前正在研发的大多数治疗乳糜泻的药物并不能消除对无麸质饮食的需求，但有助于在意外摄入某些麸质时缓解减轻症状。,diagnose,extirpate,allay,palliate,ascertain,undermine,allay,palliate,allay,palliate
388,It is an ironic reversal that just those politicians who most vociferously _______ the distorting complexities of the country’s tax system are now the ones embracing an agreement that worsens the mess.,极其具讽刺意味的反转在于，恰恰是那些曾经最猛烈痛斥国家税收体系扭曲复杂的政客，如今却成了欣然接受一项使混乱局面进一步恶化的协议的人。,espoused,disregarded,lambasted,eschewed,derided,ignored,lambasted,derided,lambast,deride
389,There is very little _______ in culture; an art form or a practice (or a language or an institution) can become extinct in a generation if it does not evolve.,文化中几乎不存在停滞不前或惯性守旧；一种艺术形式或习俗（乃至语言或制度）如果不随之演进，短短一代人之间就可能走向消亡。,inertia,homogeneity,symbiosis,stasis,cooperation,waste,inertia,stasis,inertia,stasi
390,"Climate change within the Arctic is a recognized _______ change elsewhere: around the world, ocean levels and daily weather are interconnected with the fortunes of a region that was, until recently, largely ignored.",北极地区的气候变化公认是其他地区变化的晴雨表和指标：在世界各地，海平面与日常天气都与这个直到最近还很大程度上被忽视的地区的命运紧密相连。,catalyst for,factor in,measure of,outcome of,metaphor for,index of,measure of,index of,measure of,index of
391,"In spite of being one of the world’s biggest _______ of fossil fuels, the firm has made some environmentally responsible investments.",尽管作为全球最大的化石燃料供应商之一，该公司依然进行了一些对环境负责的投资。,buyers,purveyors,disparagers,exploiters,suppliers,maligners,purveyors,suppliers,purveyor,supplier
392,"It is commonly said that each person’s aesthetic taste is _______, yet that notion overlooks a large body of shared aesthetic preferences.",人们常说每个人的审美趣味都是独特各异的，但这种观点忽略了大量共有的审美偏好。,unchangeable,acquired,distinct,learned,idiosyncratic,inexplicable,distinct,idiosyncratic,distinct,idiosyncratic
393,"Unlike the theatrical adaptation of Nicholas Nickleby, which attempted to _______ its source precisely, the adaptation of Les Misérables chooses sweeping and hurtling motion over the savoring of minute details.",与戏剧改编版《尼古拉斯·尼克尔贝》试图精准再现原著不同，《悲惨世界》的改编版选择了宏大而迅疾的推进，而非细细品味微小细节。,gut,digest,render,reproduce,eviscerate,relish,render,reproduce,render,reproduce
394,"Our eating habits are rooted in our physiology, but they are also _______ the culture in which we grow up.",我们的饮食习惯植根于生理机制，但也受到我们成长所处文化的影响。,symbolic of,mediated by,influenced by,ascribed to,inferable from,universal in,mediated by,influenced by,mediate by,influenc by
395,"Though Fine leavens her work with humor and playfulness, she can be _______ writer, mincing no words in her judgements of other scientists’ work.",尽管法恩在作品中融入了幽默与风趣，但她有时也是一位言辞尖刻的作家，在评价其他科学家的工作时毫不留情、直言不讳。,an acerbic,a provocative,an ingratiating,a demanding,an obsequious,a harsh,an acerbic,a harsh,acerbic,harsh
396,"The _______ of highly social species like rhesus monkeys—and like humans—is that their complex sociality is the reason for their success, but it’s also the source of their greatest troubles.",像恒河猴以及人类这种高度社会化物种的讽刺之处在于，其复杂的社会性既是它们成功的原因，也是它们最大麻烦的根源。,virtue,irony,delight,paradox,myth,joy,irony,paradox,irony,paradox
397,"Since new movie stars seem to be cut from only a few bolts of the same bland cloth these days, it is _______ just to be in the presence, once again, of a true original.",既然如今的新生代影星似乎大多出自同一种平淡无奇的模子，那么能够再次见到一位真正独具风格的原创新星，确实令人耳目一新。,unremarkable,reassuring,routine,invigorating,overwhelming,refreshing,invigorating,refreshing,invigorat,refresh
398,"Once the judge had been found guilty of corruption, it was not long before he found himself _______ his position.",该法官一旦被判犯有腐败罪，不久之后便发现自己被剥夺了职位。,revolted by,divested of,stripped of,recognized by,enamored of,absorbed by,divested of,stripped of,divest of,stripp of
399,"Eschewing today’s hovered-over kids as less plausible characters for an adventure story, Rebecca Stead set her new children’s novel in nineteen-seventies New York to show children with a great deal of _______.",丽贝卡·斯蒂德认为如今备受父母过度呵护的孩子不太适合作为冒险故事的角色，因而避开了这一设定，将她的新儿童小说背景设在20世纪70年代的纽约，以展现具有高度自主性的儿童。,autonomy,independence,resilience,self-assurance,sympathy,sensitivity,autonomy,independence,autonomy,independence
400,"Whereas there has been extensive sociological research into how globalization affects finance, religion, and population, comparable studies of globalization’s impact on lawmaking and the practice of law have been _______.",尽管关于全球化如何影响金融、宗教和人口已有广泛的社会学研究，但关于全球化对立法和司法实践影响的同类研究却十分匮乏。,tedious,scarce,compromised,tiresome,nonexistent,inadequate,scarce,inadequate,scarce,inadequate
401,"The fact that most hypotheses turn out to be wrong does not mean that hypothesizing is _______. In fact, most hypotheses include useful ideas that survive to become part of the next model or scenario.",大多数假设最终被证明是错误的，但这并不意味着提出假设是徒劳无益的；事实上，大多数假设都包含有用的想法，能够保留下来并成为下一个模型或构想的一部分。,futile,reckless,fruitless,frustrating,exasperating,unnecessary,futile,fruitless,futile,fruitless
402,"New Zealand’s breakaway landmass proved _______ sanctuary for the tuatara, for the island lacked any terrestrial mammals that would dig up the tuatara’s slowly maturing eggs or pick off adolescents before they had a chance to breed.",新西兰分离出的陆块被证明是喙头蜥极佳的庇护所，因为该岛缺乏任何陆生哺乳动物来挖出其缓慢发育的卵，或在其幼体有机会繁衍之前将其捕杀。,a temporary,an excellent,an agreeable,an endangered,a complicated,a difficult,an excellent,an agreeable,excellent,agreeable
403,"Though he said nothing, James _______ his father’s meaning; the boy was far from being so obtuse as everyone thought him to be.",尽管詹姆斯一言不发，但他完全领会了父亲的意思；这个男孩远没有大家所认为的那么愚钝。,comprehended,distorted,respected,fathomed,underestimated,misjudged,comprehended,fathomed,comprehend,fathom
404,"Psychologists have discovered that some of the most _______ advice on study habits is flat wrong, leading them to revise the guidelines they offer to students.",心理学家发现，一些关于学习习惯的最受推崇的建议其实完全是错误的，这促使他们修正了向学生提供的指导建议。,popular,hallowed,respected,unassailable,effective,beneficial,hallowed,respected,hallow,respect
405,Scenes of bustling streets full of well-dressed citizens going about their business _______ the growing hardship faced by all but the richest local residents.,熙熙攘攘的街头上衣着光鲜的市民忙于事务的景象，与除最富有的当地居民外所有人所面临的日益加重的艰难处境相矛盾。,betoken,signify,contradict,gainsay,quell,forestall,contradict,gainsay,contradict,gainsay
406,"Though only nine years old, the dancer possesses _______ flexibility that suggests she may become a balletic superstar.",虽然年仅九岁，但这位舞者展现出了超乎寻常的柔韧性，这表明她有望成为一名芭蕾巨星。,an inchoate,an unexceptional,an ungainly,a preternatural,a prodigious,an awkward,a preternatural,a prodigious,preternatural,prodigiou
407,Upstream dam construction can be _______ aquatic fauna: the natural seasonal flow patterns to which the fauna had become adapted are altered and populations therefore fragmented.,上游水坝的建设可能对水生动物区系极为有害：水生生物早已适应的自然季节性水流规律遭到改变，种群也因此被割裂。,redundant for,disorienting for,inimical to,derogatory to,deleterious to,superfluous for,inimical to,deleterious to,inimical to,deleteriou to
408,"British composer Benjamin Britten would seem to have _______ place in the cultural pantheon, yet, at the same time that place is still contested by some.",英国作曲家本杰明·布里顿似乎在文化殿堂中拥有稳固的地位，然而与此同时，这一地位仍受到一些人的质疑。,an illustrious,an assured,a precarious,a modest,a settled,a tenuous,an assured,a settled,assur,settl
409,"Once the scientists began to research the matter, it didn’t take them long to find out that life far beneath the ocean floor was not only possible, but _______.",科学家们一旦着手研究这一课题，很快就发现深海海底深处的生命不仅可能存在，而且极为普遍。,vulnerable,prevalent,conspicuous,fragile,extensive,essential,prevalent,extensive,prevalent,extensive
410,"Compared with their parties, politicians are _______: they are considerably less enduring than the organizations in which they function.",与政党相比，政客是短暂易逝的：他们的持久性远不及他们所任职的政党组织。,essential,redundant,crucial,unreliable,transitory,temporary,transitory,temporary,transitory,temporary
411,The notion’s _______ notwithstanding—it was first proposed by a Nobel Prize-winning physicist—it was neglected for many years until some unexpected observations led to its revival.,尽管这一观点有着显赫的渊源——最初由一位诺贝尔奖物理学得主提出——但它仍被忽视了多年，直到某些意外的观测促成了它的复兴。,pedigree,antecedents,precursors,origin,brilliance,novelty,pedigree,origin,pedigree,origin
412,"For wily political press officers, the art of spin is not quite supplanting truth with lies, but instead it aspires to replace awkward complexity with catchy _______; successful spin creates the impression of unavoidable common sense.",对于老谋深算的政治新闻官而言，舆论引导的艺术并不完全是用谎言取代真相，而是力图用通俗易懂的简练表述来替代令人尴尬的复杂局面；成功的引导会营造出一种无可避免的常识感。,novelties,slogans,falsehoods,duplicity,simplicity,intelligibility,simplicity,intelligibility,simplicity,intelligibility
413,"We should be more _______ than we often are when making claims about antiquity—for example, the common statement, “The ancient Athenians invented democracy,” is simply not true when put like that.",在对古代历史下结论时，我们应该比平时更加审慎严谨——例如，“古雅典人发明了民主”这一常见说法如果就这样表述，根本是不准确的。,skeptical,credulous,precise,trusting,equivocal,circumspect,precise,circumspect,precise,circumspect
414,"The author advocates a diminished role for philosophy, aiming to show that many of the questions traditionally debated among philosophers can be _______ the realm of scientific inquiry.",作者主张削弱哲学的作用，旨在表明哲学家传统上争论的许多问题都可以让渡给科学探索的领域。,ceded to,inferred from,relevant to,initiated by,germane to,left to,ceded to,left to,ced to,left to
415,"With regard to verity, neutrality, and transparency, nothing about the Internet makes it any different than Gutenberg’s printing press, which could serve _______ just as well as truth.",在真实性、中立性和透明度方面，互联网与古腾堡印刷机并无二致，后者传播虚假谎言的能力与传播真理不相上下。,fantasy,bureaucracy,protocol,disinformation,mendacity,panic,disinformation,mendacity,disinformation,mendacity
416,"As astronomers do not yet have a good understanding of the fundamental nature of dark matter, it should not be a surprise that astronomy students’ ideas about dark matter are, at best, _______.",既然天文学家对暗物质的基本性质尚未有充分的认识，那么天文专业学生对暗物质的见解充其量也只是粗浅浮泛的，这便不足为奇了。,superficial,sketchy,inconsistent,mistaken,outdated,far-fetched,superficial,sketchy,superficial,sketchy
417,"Although it does contain some pioneering ideas, one would hardly characterize the work as _______.",尽管该著作确实包含一些开创性的思想，但人们很难将其评价为具有独创性的作品。,orthodox,eccentric,original,trifling,conventional,innovative,original,innovative,original,innovative
418,The corporation expects only _______ increases in sales next year despite a yearlong effort to revive its retailing business.,尽管为重振零售业务付出了长达一年的努力，该集团预计明年的销售额增长仍将十分微弱。,dynamic,predictable,expanding,modest,slight,volatile,modest,slight,modest,slight
419,"The spy’s repeated bungling was, above all else, _______ those who wished to thwart her efforts, since it was so unpredictable as to obscure any pattern that might otherwise lead to her capture.",这名间谍屡次出现的拙劣失误，最关键的是对那些试图挫败她图谋的人构成了阻碍，因为这些失误极其不可捉摸，掩盖了任何本可能导致她被捕的规律。,an obstacle to,a signal to,a hindrance to,an indication for,a snare for,a boon to,an obstacle to,a hindrance to,obstacle to,hindrance to
420,"Female video artists’ rise to prominence over the past 30 years has _______ the ascent of video as an art form: it is only within the past three decades that video art has attained its current, respected status.",在过去三十年中女性录像艺术家的声名鹊起与录像作为一种艺术形式的崛起是同步并行的：正是最近三十年来，录像艺术才获得了如今备受尊重的地位。,matched,politicized,paralleled,obviated,accelerated,forestalled,matched,paralleled,match,parallel
421,"Although the film is rightly judged imperfect by most of today’s critics, the films being created today are _______ it, since its release in 1940 provoked sufficient critical discussion to enhance the intellectual respectability of cinema considerably.",尽管当今大多数影评人合乎情理地认为这部电影存在瑕疵，但今天创作的电影仍对它深表感激，因为该片在1940年的上映引发了热烈的批评讨论，大幅提升了电影的知识阶层声望。,beholden to,indebted to,derivative of,based on,distinguishable from,biased against,beholden to,indebted to,beholden to,indebt to
422,The detective’s conviction that there were few inept crimes in her district led her to impute some degree of _______ to every suspect she studied.,这位侦探坚信自己辖区内的犯罪极少有拙劣之举，这使得她在调查每一位嫌疑人时，都会认为对方具备一定程度的精明敏锐。,deceit,acumen,duplicity,shrewdness,evasiveness,equivocation,acumen,shrewdness,acumen,shrewdness
423,"Alkan steadfastly refused to _______ her responsibilities as an author: for her an author had to be fearless and committed, and she was always both.",阿尔坎坚决拒绝逃避自己作为作家的责任：在她看来，作家必须无所畏惧且忠于使命，而她始终兼备这两点。,undertake,shirk,disclose,reveal,rationalize,neglect,shirk,neglect,shirk,neglect
424,"If emissions of heat-trapping gases continue to accumulate in the atmosphere at the current rate, Earth could experience global transformations, and while some of these changes might be _______, many could be downright disruptive.",如果温室气体继续以目前的速度在大气中积聚，地球可能会经历全球性转变，虽然其中某些变化可能是微不足道的，但许多变化可能会具有彻底的颠覆性。,catastrophic,calamitous,intolerable,irremediable,modest,unremarkable,modest,unremarkable,modest,unremarkable
425,"It may be that most of this film footage was shown somewhere, but the documentary is designed to make audiences feel that this footage has never been seen, or that, having been seen, it was deliberately _______.",尽管这些影片片段的大部分可能曾在某些地方放映过，但这批纪录片的设计却让观众觉得这些镜头从未公开展出，或者即便曾展出过，也是遭到了刻意的封杀压制。,censored,imitated,suppressed,underscored,counterfeited,misrepresented,censored,suppressed,censor,suppress
426,"Though feminist in its implications, Yvonne Rainer’s 1974 film _______ the filmmaker’s active involvement in feminist politics.",尽管伊冯娜·雷纳1974年的电影蕴含着女权主义意味，但它的诞生早于这位电影制作人积极参与女权主义政治活动的时间。,antedated,cloaked,portrayed,preceded,renewed,represented,antedated,preceded,antedate,preced
427,"The slower-learning monkeys searched _______ but unintelligently: although they worked closely together, they checked only the most obvious hiding places.",学习较慢的猴群合作搜寻却缺乏智慧：虽然它们彼此紧密配合，却只搜查了最显眼的藏匿处。,competitively,impulsively,cooperatively,deviously,craftily,harmoniously,cooperatively,harmoniously,cooperatively,harmoniously
428,"The report’s most significant weakness is its assumption that the phenomenon under study is _______, when in reality it is limited to a specific geographic area.",该报告最重大的缺陷在于其假设所研究的现象普遍存在，而事实上它仅局限于某一特定的地理区域。,unusual,exceptional,ubiquitous,absolute,universal,restricted,ubiquitous,universal,ubiquitou,universal
429,"By about age eight, children’s phonetic capacities are fully developed but still _______; thus children at that age can learn to speak a new language with a native speaker’s accent.",到大约八岁时，儿童的语音能力已发育完全但仍极具可塑性；因此这个年龄段的孩子能够以母语者的口音学会一门新语言。,plastic,vestigial,inarticulate,unformed,nascent,malleable,plastic,malleable,plastic,malleable
430,Each member of the journalistic pair served as _______ the other: each refrained from publishing a given piece if the other doubted that it was ready to be printed.,这对新闻搭档中的每一位成员都对另一方起到了制衡制约的作用：如果另一人怀疑某篇报道尚未达到发表标准，他们便会克制不予发表。,a check on,an advocate for,an impediment to,a brake on,an apologist for,an intermediary for,a check on,a brake on,check on,brake on
431,"That the book’s argument was _______ became clear as soon as reviews appeared: there were holes, and reviewers delighted in pointing them out.",书评一经发表，该书论点存在缺陷便昭然若揭：书中存在漏洞，而评论家们热衷于将其一一指出。,wanting,convoluted,unintelligible,penetrating,flawed,complex,wanting,flawed,want,flaw
432,"Some researchers worry that if there is a causal relationship between warming tropical sea surface temperatures and the marked increase in Atlantic hurricane activity since the early 1990s, this connection could _______ larger changes.",一些研究人员担心，如果热带海表水温变暖与20世纪90年代初以来大西洋飓风活动的显著增加之间存在因果关系，那么这种联系可能预示着更为剧烈的变化。,presage,exacerbate,obscure,avert,portend,forestall,presage,portend,presage,portend
433,"The dog’s appearance of _______ became increasingly irritating; his whines became more wheedling, his manner more imploring.",这只狗一副哀求乞讨的模样越来越令人心烦；它的哀鸣愈发讨好，举止也愈发哀求。,supplication,gratification,insolence,entreaty,willfulness,contentment,supplication,entreaty,supplication,entreaty
434,"The demands of _______ notwithstanding, a page or two in Dahl’s recent book on democracy that considered what public-choice economics has to say about “democratic failure”—or at least a clear signpost to that literature—would have been very well spent.",尽管受篇幅简短的要求所限，但如果在达尔近期关于民主的著作中能用上一两页篇幅探讨公共选择学派对“民主失灵”的看法，或者至少指明该文献的方向，都将是大有裨益的。,clarity,brevity,comprehensiveness,economy,cogency,thoroughness,brevity,economy,brevity,economy
435,Early critics of Emily Dickinson’s poetry mistook for simplemindedness the surface of artlessness that in fact she constructed with such _______.,艾米莉·狄金森诗歌的早期评论家误将她以如此精巧技艺营造出的表面朴拙当成了单纯幼稚。,astonishment,craft,cunning,innocence,naïveté,vexation,craft,cunning,craft,cunn
436,"Since becoming commissioner, Mr. Vincente has snapped at the heels of the dominant firms in European industry more _______ than his smoother predecessors and has consequently acquired many more enemies.",自出任专员以来，文森特先生比他那些处事圆融的前任更加好斗凶狠地紧咬欧洲工业的主导企业不放，因而招致了多得多的敌人。,sporadically,irascibly,persistently,pugnaciously,fitfully,judiciously,irascibly,pugnaciously,irascibly,pugnaciously
437,"Even in this business, where _______ is part of everyday life, a talent for lying is not something usually found on one’s resume.",即便在这个虚假欺瞒已成为家常便饭的行业里，说谎的才能通常也不会堂而皇之地写在个人的简历上。,aspiration,mendacity,prevarication,insensitivity,baseness,avarice,mendacity,prevarication,mendacity,prevarication
438,Economic competition among nations may lead to new forms of economic protectionism that hearken back to the mercantilism of an earlier age: there are signs today that such protectionism is indeed _______.,国家间的经济竞争可能导致让人重拾早期重商主义的新型经济保护主义：如今有迹象表明，这种保护主义确实正在死灰复燃。,evanescent,resurgent,recrudescent,transitory,controversial,inimical,resurgent,recrudescent,resurgent,recrudescent
439,"The vegetation at Stone Mountain, the best known of the large rock masses known as monadnocks, is far from _______, having been decimated by the hiking traffic.",作为最著名的孤丘巨石，石山上的植被远非原始未受破坏，它已经被徒步游客的踩踏破坏殆尽。,blighted,endangered,picturesque,pristine,undisturbed,vulnerable,pristine,undisturbed,pristine,undisturb
440,"The macromolecule RNA is common to all living beings, and DNA, which is found in all organisms except some bacteria, is almost as _______.",大分子RNA存在于所有生物中，而除某些细菌外的所有生物体中均有的DNA也几乎同样普遍存在。,comprehensive,fundamental,inclusive,universal,significant,ubiquitous,universal,ubiquitous,universal,ubiquitou
441,"The ex-minister’s real crime, in the eyes of his _______ political friends who subsequently abandoned him, was not so much that he was wrong as that he raised questions that must not be raised.",在后来背弃这位前部长的昔日政治盟友眼中，他真正的罪过与其说是犯了错，不如说是他提出了绝不该被提出的问题。,erstwhile,proxy,false,self-styled,onetime,surrogate,erstwhile,onetime,erstwhile,onetime
442,"Once White stepped down from a political platform, where his daring, _______ speeches provoked baying applause from audiences, he was courteous and considerate even to politicians he had just slandered in the speech.",怀特在政治讲台上发表大胆且极具诽谤性的演说并引来观众震耳欲聋的喝彩，可一旦走下讲台，他却表现得彬彬有礼且体贴周到，甚至对刚刚在演说中诽谤过的政客也是如此。,florid,defamatory,calumnious,inveigling,timorous,diffident,defamatory,calumnious,defamatory,calumniou
443,"It was her view that the country’s problems had been _______ by foreign technocrats, so that to ask for such assistance again would be counterproductive.",在她看来，该国的问题已被外国技术官僚进一步恶化加剧，因此再次请求此类援助只会适得其反。,ameliorated,ascertained,diagnosed,exacerbated,overlooked,worsened,exacerbated,worsened,exacerbate,worsen
444,"As my eyesight began to _______, I spent a lot of time writing about it—both poems and “eye journals”—describing what I saw as I looked out through damaged eyes.",随着视力开始衰退恶化，我花了大量时间记录这一过程——既写诗又写“眼疾日记”——描绘我透过受损的双眼所见的世界。,deteriorate,sharpen,improve,decline,recover,adjust,deteriorate,decline,deteriorate,decline
445,"The judge’s standing in the legal community, though shaken by phony allegations of wrongdoing, emerged, at long last, _______.",这位法官在法律界的声誉虽然曾受到不端行为虚假指控的冲击，但历经波折后最终依然丝毫无损。,unqualified,undiminished,undecided,undamaged,unresolved,unprincipled,undiminished,undamaged,undiminish,undamag
446,"Modern agricultural practices have been extremely successful in increasing the productivity of major food crops, yet despite heavy use of pesticides, _______ losses to diseases and insect pests are sustained each year.",现代农业实践在提高主要粮食作物产量方面取得了极大成功，但尽管大量使用农药，每年因病虫害造成的损失依然十分严重。,incongruous,reasonable,significant,considerable,equitable,fortuitous,significant,considerable,significant,considerable
447,"Ever a demanding reader of the fiction of others, the novelist Chase was likewise often the object of _______ analyses by his contemporaries.",小说家蔡斯在阅读他人小说时向来挑剔苛刻，同样，他也经常成为同代人尖刻批评分析的对象。,exacting,copious,respectful,acerbic,scathing,meticulous,acerbic,scathing,acerbic,scath
448,"Her _______ should not be confused with miserliness; as long as I have known her, she has always been willing to assist those who are in need.",她的节俭不应与吝啬混为一谈；自打我认识她以来，她向来乐于帮助那些有困难的人。,stinginess,diffidence,frugality,illiberality,intolerance,thrift,frugality,thrift,frugality,thrift
449,"A misconception frequently held by novice writers is that sentence structure mirrors thought: the more convoluted the structure, the more _______ the ideas.",初学写作者常有的一个误解是句子结构能映射思想：句式越错综复杂，思想就越复杂深奥。,complicated,engaged,essential,fanciful,inconsequential,involved,complicated,involved,complicate,involv
450,The government’s implementation of a new code of ethics appeared intended to shore up the ruling party’s standing with an increasingly _______ electorate at a time when the party is besieged by charges that it trades favors for campaign money.,当执政党深陷权钱交易换取竞选资金的指控而四面楚歌之际，政府推行新的道德准则似乎意在安抚日益焦躁不安的选民，以巩固执政党的威信。,aloof,placid,restive,skittish,tranquil,vociferous,restive,skittish,restive,skittish
451,"Overlarge, uneven, and ultimately disappointing, the retrospective exhibition seems too much like special pleading for a forgotten painter of real but _______ talents.",这场回顾展规模过大、水准参差不齐且最终令人失望，极像是在为一个确实有才华但才华有限的被遗忘画家做带有偏见的极力辩白。,limited,partial,undiscovered,circumscribed,prosaic,hidden,limited,circumscribed,limit,circumscrib
452,Newspapers report that the former executive has been trying to keep a low profile since his _______ exit from the company.,据报纸报道，自以不体面的方式离开公司以来，这位前高管一直试图保持低调。,celebrated,mysterious,long-awaited,fortuitous,indecorous,unseemly,indecorous,unseemly,indecorou,unseemly
453,"Dreams are _______ in and of themselves, but, when combined with other data, they can tell us much about the dreamer.",梦境本身无法提供实质信息，但如果与其他数据相结合，却能向我们透露关于做梦者的许多事情。,astonishing,disordered,harmless,inscrutable,revealing,uninformative,inscrutable,uninformative,inscrutable,uninformative
454,"Despite the pride that the play’s characters take in their worldly-wise absence of illusions, they are not above a degree of unjustified _______.",尽管剧中的人物为自己深谙世故、不抱幻想而感到自豪，但他们也难免带有某种毫无根据的自我陶醉。,prevarication,satisfaction,self-flattery,affectation,narcissism,indolence,self-flattery,narcissism,self-flattery,narcissism
455,At no point in her investigation does Tate allow _______ commentary from present-day partisans to skew her reckoning with past realities.,泰特在调查过程中，从未允许当今党派人士脱离历史现实的评论歪曲她对过去真相的审视。,apposite,ahistorical,anachronistic,disinterested,objective,germane,ahistorical,anachronistic,ahistorical,anachronistic
456,"Clearly the government faced a dilemma: it could hardly _______ trials, especially in the absence of irrefutable evidence, but it also would not welcome, in the midst of war, the scandal that would arise if trials were avoided.",显然，政府面临着两难抉择：特别是在缺乏无可辩驳的证据的情况下，它很难热衷于提起审判，但在战时它也绝不乐见因避免审判而引发丑闻。,be keen on,be inclined to,arrange,dispense with,turn its back on,credit,be keen on,be inclined to,be,be
457,The hodgepodge nature of local and federal law enforcement and the changing but often still inadequate regulations governing the credit industry make identity theft a particularly _______ crime.,地方与联邦执法部门各自为政的大杂烩局面，加上针对信贷行业虽在调整但往往仍显不足的监管，使得身份盗窃成为一种尤其棘手难控的犯罪。,unobjectionable,viable,dubious,innocuous,uncontrollable,intractable,uncontrollable,intractable,uncontrollable,intractable
458,"Retrofitted with stabilizing devices, some of which _______ its aesthetics, the bridge has been reopened, no longer prone to excessive swaying but not quite the breathtaking structure it originally was.",在加装了稳定装置（其中一些损害了其美感）后，大桥已重新开放，虽然不再容易过度晃动，但也不再完全是最初那座令人叹为观止的雄伟结构了。,impair,resist,improve,enhance,restore,compromise,impair,compromise,impair,compromise
459,"Although cosmic objects have struck Earth since the planet’s very formation, humanity has only recently become aware of these events: two centuries ago the idea that objects orbiting the Sun could collide with Earth was widely _______.",尽管自地球形成之初宇宙天体就一直在撞击地球，但人类直到最近才意识到这些事件：两个世纪前，绕日运行的天体可能与地球相撞的观点还普遍受到怀疑。,ridiculed,doubted,disseminated,promulgated,marginalized,disbelieved,doubted,disbelieved,doubt,disbeliev
460,"That people _______ the musical features of birdsongs suggests that despite the vast evolutionary gulf between birds and mammals, songbirds and humans share some common auditory perceptual abilities.",人们能够识别出鸟鸣中的音乐特征，这表明尽管鸟类与哺乳动物之间存在着巨大的演化鸿沟，鸣禽与人类依然具有某些共同的听觉感知能力。,mimic,recognize,relish,are confounded by,can make out,are puzzled by,recognize,can make out,recognize,can
461,"Torpey’s study has turned a seemingly _______ topic, the passport, into a fascinating one by making an original contribution to the sociology of the state.",托佩的研究对国家社会学做出了原创性贡献，从而将护照这一看似平淡乏味的话题转变成了一个引人入胜的课题。,ironic,banal,provocative,routine,insipid,stimulating,banal,insipid,banal,insipid
462,"Britain is attractive to worldwide advertisers because it is _______ market, so there is no need to tailor advertisements for different parts of the country.",英国对全球广告商极具吸引力，因为它是一个同质化的市场，因此无需为该国不同地区量身定制广告。,a global,an uncomplicated,a vast,a homogeneous,a uniform,an immense,a homogeneous,a uniform,homogeneou,uniform
463,The band’s long-standing strategy of laying leisurely explorations atop a steady funk beat has proven to be surprisingly _______: a concert in Cologne from 1972 sounds as if it could have taken place today.,该乐队长期以来在稳定的放克节奏上展开悠闲探索的策略被证明具有惊人的前瞻先见之明：一场1972年在科隆举办的音乐会，听起来仿佛就发生在今天。,fortuitous,foresighted,prescient,popular,serendipitous,lucrative,foresighted,prescient,foresight,prescient
464,Factory production made an absence of imperfections so blandly commonplace that the _______ of hand-produced goods were now cherished where they once might have been shunned.,工厂化生产使得毫无瑕疵变得平淡无奇，以至于手工制品的瑕疵缺陷如今备受珍视，而在过去它们本可能会遭到排斥。,advantages,revivals,benefits,pretensions,blemishes,defects,blemishes,defects,blemishe,defect
465,"Through its state associations, the American Medical Association controlled who could become a physician and dominated _______ professions like nursing and occupational therapy.",美国医学会通过其各州分会控制了何人可以行医，并主导了护理和职业治疗等相关附属职业。,commensurate,proportionate,kindred,affiliated,imperative,voluntary,kindred,affiliated,kindr,affiliate
466,"In a strong indication of the way the entire party is _______ the candidate with moderate credentials, the outspokenly conservative former mayor of a major city has promised to raise a substantial amount of money for the candidate’s campaign.",一座大城市直言不讳的保守派前市长承诺为这位持温和立场的候选人筹集巨额竞选资金，这有力地表明整个政党正在团结支持该候选人。,rallying behind,incensed over,undecided about,mortified over,embarrassed about,coalescing around,rallying behind,coalescing around,rally,coalesc
467,"Mr. Hirsch says he will aim to preserve the foundation’s support of _______ thinkers, individuals who are going against the trends in a field or an acknowledged set of opinions.",赫希先生表示，他将致力于维持基金会对反叛传统思想家的资助，这些人勇于违背某一领域的潮流或公认的主流观点。,iconoclastic,integrative,doctrinaire,heterodox,dogmatic,synthesizing,iconoclastic,heterodox,iconoclastic,heterodox
468,"In France cultural subsidies are _______: producers of just about any film can get an advance from the government against box-office receipts, even though most such loans are never fully repaid.",在法国，文化补贴无处不在：几乎任何电影的制作人都可以从政府获得一笔以票房收入为担保的预付款，尽管大多数此类借款从未全额偿还。,ubiquitous,invaluable,sporadic,scanty,questionable,omnipresent,ubiquitous,omnipresent,ubiquitou,omnipresent
469,The problem of avoiding duplicate names—such as for Internet domain names or for e-mail accounts—is particularly _______ when the name has to fit into a format that allows only a finite number of possibilities.,当名称必须遵循仅允许有限可能性的格式时，避免名称重复的问题（如互联网域名或电子邮件账户）就显得尤为尖锐严峻。,meager,acute,agreeable,severe,beneficial,productive,acute,severe,acute,severe
470,"At nearly 450 pages, the novel is _______: the author does not often resist the temptation to finish off a chapter, section, or even paragraph with some unnecessary flourish.",这部近450页的小说显得冗长啰嗦：作者常常难以抗拒在章节甚至段落结尾处添加不必要华丽辞藻的诱惑。,instructive,complex,prolix,educational,long-winded,explicit,prolix,long-winded,prolix,long-wind
471,"If researchers can determine exactly what is wrong with people who suffer from this condition, they may be able to suggest drug therapies or other treatments that could _______ the effects of the damage.",如果研究人员能够确切查明患有这种病症的患者究竟哪里出了问题，他们也许就能提出药物疗法或其他治疗手段，以缓解这种损伤带来的影响。,mitigate,exacerbate,specify,identify,ameliorate,stabilize,mitigate,ameliorate,mitigate,ameliorate
472,Some analysts worry about consumers’ perception that the electronics industry is always on the verge of major breakthroughs; that perception could hurt the industry by making consumers reluctant to buy products they believe will soon be _______.,一些分析师担心消费者会认为电子行业总是处于重大突破的前夕；这种观念可能会使消费者不愿购买他们认为很快就会过时淘汰的产品，从而损害该行业。,incompatible,devalued,obsolete,ubiquitous,everywhere,outmoded,obsolete,outmoded,obsolete,outmod
473,"After people began to make the transition from gathering food to producing food, human societies followed markedly _______ courses; some adopted herding, others took to tillage, and still others stuck to foraging.",自从人类开始从采集食物过渡到生产食物之后，人类社会走上了截然不同的发展道路：有的选择了放牧，有的转向耕作，还有的依然坚持采集。,divergent,rural,novel,unfamiliar,disparate,quotidian,divergent,disparate,divergent,disparate
474,"In The Simple Soybean, the author is much less restrained in his enthusiasm for the bean’s medical efficacy than he is in his technical writings, but he still cautions against treating soy as a _______.",在《朴实的大豆》一书中，作者对大豆药用功效的热情远不如在学术著作中那样克制，但他依然告诫人们不要把大豆当作包治百病的万灵药。,staple,supplement,herald,panacea,cure-all,harbinger,panacea,cure-all,panacea,cure-all
475,Parkin’s characterization of the movement as neoscholastic is too _______ to be accepted without further investigation.,帕金将该运动定性为新经院哲学的做法过于草率敷衍，在未经进一步调查之前很难令人接受。,cursory,detailed,perfunctory,biased,self-evident,complete,cursory,perfunctory,cursory,perfunctory
476,"A recent study suggests that vitamin E supplements, despite widespread belief in their _______, are no better than sugar pills for delaying the onset of the degenerative disease.",最近的一项研究表明，尽管人们普遍相信维生素E补充剂的功效，但在延缓这种退行性疾病的发病方面，它们并不比糖丸更有效。,potential,misuse,popularity,efficacy,prevalence,usefulness,efficacy,usefulness,efficacy,usefulness
477,"Despite her relaxed and flexible style, Ms. de la Fressange is _______ businesswoman who knows how to market her brand: herself.",尽管德拉弗雷桑热女士风格随性灵活，但她是一位精明的女商人，深谙如何营销自己的品牌：也就是她自己。,a ruthless,a creative,a canny,an industrious,a shrewd,an effective,a canny,a shrewd,canny,shrewd
478,"For literary critics and book reviewers, the notion of critical authority has become _______ in an age of quick, teeming Internet response, where all the old critical standards and parameters are in the process of being reinvented.",对于文学批评家和书评家而言，在互联网反应迅速且铺天盖地的时代，批评权威的概念已变得变动不居，所有旧的批评标准和维度都正处于被重塑的过程之中。,fluid,transparent,obvious,unstable,justifiable,defensible,fluid,unstable,fluid,unstable
479,"Although initially it may be difficult to discern the essay’s message of peace and conciliation, a close reading reveals its essentially _______ nature.",尽管起初可能很难察觉该散文中和平与和解的讯息，但细读之后便会发现它本质上是爱好和平的。,pacific,indolent,banal,lethargic,austere,dovish,pacific,dovish,pacific,dovish
480,"While the band’s music is loud and aggressive, it is never _______.",虽然该乐队的音乐嘈杂且具侵略性，但绝不简单浅薄。,simpleminded,unsophisticated,subdued,restrained,melodious,disingenuous,simpleminded,unsophisticated,simplemind,unsophisticate
481,There is a risk in _______ vagueness in speech: all kinds of distortions and lies can go unrecognized in the general haziness and so come off as facts.,纵容言论中的含糊其辞是存在风险的：在普遍的模糊不清中，形形色色的歪曲和谎言可能难以被察觉，从而被当作事实接受。,detecting,sanctioning,castigating,countenancing,discerning,perpetuating,sanctioning,countenancing,sanction,countenanc
482,"French’s tone was reasonable, _______ almost, but the gaze she fixed on Backhouse over her reading spectacles had something of defiance in it.",弗伦奇的语气合情合理，甚至近乎恭敬顺从，但她越过老花镜落在巴克豪斯身上的目光中却带着一丝挑战意味。,distracted,preoccupied,deferential,apprehensive,respectful,inquisitive,deferential,respectful,deferential,respectful
483,"The book is impressively _______, drawing from multiple disciplines and perspectives, and resting on diverse and extensive archival sources, autobiographies, published collections of letters, and works of history.",这本书体现出令人叹服的博学多识，融合了多个学科和视角，并基于丰富而广泛的档案史料、自传、出版书信集以及历史著作。,learned,progressive,comprehensive,concise,succinct,erudite,learned,erudite,learn,erudite
484,"Ursula Le Guin claims that looking at schoolbooks from around 1900 can be _______, given that the level of literacy and general cultural knowledge expected of a mere ten-year-old was, she notes, “rather awesome”.",厄休拉·勒古恩称，翻阅1900年左右的教科书可能会让人感到望而生畏，因为正如她所指出的，当时对一个年仅十岁的孩子所要求的读写水平和通识文化知识“相当令人震撼”。,reassuring,stimulating,dreary,tedious,scary,intimidating,scary,intimidating,scary,intimidat
485,"Conchita evinced _______ the arts: her favorite activities included visiting museums, attending plays or concerts, and reading poetry aloud.",康奇塔表现出了对艺术的喜爱偏好：她最喜欢的活动包括参观博物馆、观看戏剧或听音乐会，以及大声朗诵诗歌。,a proclivity for,a preoccupation with,an indifference toward,an optimism about,an affinity for,a detachment from,a proclivity for,an affinity for,proclivity for,affinity for
486,"Computerized facial-recognition systems can be _______ by any number of factors, from the dirt caked on a camera lens to a hat pulled low over a subject’s face.",计算机面部识别系统可能会受到诸多因素的阻碍妨碍，从摄像头镜头上结块的污垢，到拍摄对象压得很低遮住面部的帽子。,neutralized,calibrated,augmented,ameliorated,stymied,confounded,stymied,confounded,stymy,confound
487,Some social scientists who begin their studies of small communities with the intention of remaining detached revise their initial approach on discovering that personal involvement with subjects can actually _______ the gathering of important data.,一些社会科学家在开始研究小型社区时本打算保持客观超然，但在发现与研究对象建立个人联系实际上能够促进重要数据的收集后，改变了他们最初的做法。,influence,expedite,facilitate,circumvent,affect,intensify,expedite,facilitate,expedite,facilitate
488,"Since their first appearance in the nineteenth century, commuter suburbs have been widely _______ in print as both a social disaster and an aesthetic desert.",自19世纪初次出现以来，通勤郊区在出版物中便广受谴责，被视为一种社会灾难和审美荒漠。,condemned,identified,discussed,diagnosed,decried,embraced,condemned,decried,condemn,decry
489,"In denying him a promotion, management cited his _______ decision making, charging that his judgements were based on vagaries rather than careful forethought.",管理层在拒绝给他晋升时指责其决策反复无常，抨击他的判断是基于心血来潮而非周密的深思熟虑。,capricious,dogmatic,atrocious,cavalier,authoritative,cogent,capricious,cavalier,capriciou,cavalier
490,"Investigating physiological _______ is not how biologists typically study function and structure, but it is not entirely unreasonable—if abnormalities in the lungs hinder breathing, then the lungs are very likely the organ required for breathing.",研究生理异常并非生物学家研究功能与结构的典型方式，但这并非完全没有道理——如果肺部异常会阻碍呼吸，那么肺极有可能就是呼吸所必需的器官。,deficiencies,properties,theories,irregularities,conjectures,anomalies,irregularities,anomalies,irregularity,anomaly
491,"Many great ghost stories remain _______ about the existence of their phantoms, whereas others leave no doubt about their ghosts’ reality.",许多优秀的鬼故事对其幽灵的存在依然含糊其辞，而另一些则让人对其鬼魂的真实性确信无疑。,ambiguous,mute,arch,ominous,positive,confident,ambiguous,mute,ambiguou,mute
492,"Although the courts have _______ an extremely flexible test for determining the admissibility of expert testimony, that does not mean that all experts will be allowed to testify.",尽管法院支持了一项用于判定专家证词可采性的极其灵活的标准，但这并不意味着所有专家都会被允许出庭作证。,underwritten,administered,waived,renounced,endorsed,rescinded,underwritten,endorsed,underwritten,endors
493,"For more than 100 years, anarchism has been an embarrassing estranged sibling in the family of international radicalism, and its bad behavior had made it easy to _______ the awkward but important questions anarchism poses.",一百多年来，无政府主义一直是国际激进主义阵营中一个令人尴尬且被疏离的异类，其不良行径让人们很容易忽视它所提出的棘手却重要的问题。,exacerbate,answer,dismiss,ignore,aggravate,embrace,dismiss,ignore,dismiss,ignore
494,"Rosen argues that in the early years of the United States, individual states played important roles in the governance of American Indians, thereby _______ the common assumption that Indian policy was exclusively the federal government’s domain.",罗森认为，在美国建国初期，各州在美洲印第安人治理中发挥了重要作用，从而驳斥了印第安政策完全属于联邦政府专属管辖的普遍假设。,reinforcing,belying,adducing,contradicting,increasing,demonstrating,belying,contradicting,bely,contradict
495,Katherine’s disobedient behavior earned her a _______ from her parent.,凯瑟琳不服管教的行为招致了父母的斥责。,eulogy,rebuke,panegyric,mockery,reprimand,agreement,rebuke,reprimand,rebuke,reprimand
496,One can only bemoan how the wonderfully rich collections of genuine fossil specimens seen of yore in museum displays are being replaced by the _______ talking plastic of so-called virtual reality.,人们只能叹息，以往博物馆展出中那些极其丰富的真正化石标本，如今正被所谓虚拟现实中那些华而不实、会发声的塑料展品所取代。,ubiquitous,exasperating,estimable,showy,meretricious,worthwhile,showy,meretricious,showy,meretriciou
497,"Potential readers may well be put off by the rather opaque quality of the prose in this book, which at times seems deliberately _______ the uninitiated reader.",潜在读者很可能会被本书相当晦涩的行文劝退，书中的文字有时似乎故意让缺乏背景知识的外行读者难以理解。,aimed at,inclined toward,inconvenient for,tailored for,inaccessible to,insurmountable for,inaccessible to,insurmountable for,inaccessible to,insurmountable for
498,"If aging is merely an avoidable by-product of life rather than a necessary progression, it is possible that we might eventually forestall _______.",如果衰老只是生命中可以避免的副产品，而非不可避免的必然进程，那么我们最终或许能够延缓衰老。,senescence,dynamism,decrepitude,privation,ennui,voidness,senescence,decrepitude,senescence,decrepitude
499,"The idea that Jim was _______, that he loved fighting for the sake of fighting, was a mistake; in reality he was a kind and gentle person.",认为吉姆生性好斗、喜欢为了打架而打架的想法是错误的；事实上，他是一个善良温和的人。,truculent,audacious,brazen,obtuse,pugnacious,sapiential,truculent,pugnacious,truculent,pugnaciou
500,"Meera Mukherjee observed that while the work of the artisan has its well-defined contours, the artist is without palpable _______: like an explorer, the artist continually faces new regions of experience.",米拉·慕克吉指出，工匠的工作有明确的轮廓边界，而艺术家则没有明显的界限限制：如同探险家一般，艺术家不断面对崭新的经验领域。,opportunities,rewards,bounds,risks,limits,hazards,bounds,limits,bound,limit
501,"The panel’s failure to acknowledge the microbiologist as important in her field cannot be _______ a lack of accomplishment on her part, since her status as an important contributor to biology has been indisputably established.",专家评审组未能承认这位微生物学家在其领域的重要性，不能归咎于她缺乏学术成果，因为她作为生物学重要贡献者的地位早已毋庸置疑。,attributed to,tantamount to,related to,explained by,obviated by,averted by,attributed to,explained by,attribute to,explain by
502,"In 1839, working-class revolutions had been a real possibility in the industrialized countries of western Europe, but because revolutionary groups were poorly organized and led, government and employers regarded the movements with understandable _______.",1839年，工人阶级革命在西欧工业化国家曾是切实存在的可能，但由于革命团体组织松散且缺乏领导，政府和雇主对这些运动表现出可以理解的泰然自若与从容不迫。,distaste,placidity,concern,complacency,foreboding,solicitude,placidity,complacency,placidity,complacency
503,"Many innovative breakthroughs come about when people venture beyond their own areas of expertise, because often it takes an outsider to ask the naïve questions that may yield _______ solution.",许多创新突破都是在人们跨出自身专业领域时产生的，因为往往需要局外人提出看似天真的问题，从而催生出独创且非常规的解决方案。,a constructive,an unconventional,an amicable,an agreeable,a practical,an original,an unconventional,an original,unconventional,original
504,"In a major _______ for bat populations in the United States, on average 90 percent of the hibernating bats in four important caves and mines in New York died in the space of one year.",对美国的蝙蝠种群来说这是一场巨大的灾难，纽约四个重要洞穴和矿井中平均有90%的冬眠蝙蝠在短短一年内死亡。,achievement,reversal,venture,calamity,undertaking,disaster,calamity,disaster,calamity,disaster
505,"Human and animal shyness are not _______: in humans, shyness refers to an individual’s awkwardness and apprehension in social situations, a different meaning than that used for animals.",人类和动物的害羞并不具有可比性：在人类身上，害羞指个体在社交场合中的局促与担忧，这与用于动物身上的含义完全不同。,prevalent,comparable,useful,disadvantageous,detrimental,analogous,comparable,analogous,comparable,analogou
506,"Spiderwebs suspended on flexible supports _______ even in low airflow in patterns that are erratic, enhancing the probability of insect capture over a volume of space.",悬挂在柔韧支撑物上的蛛网即使在微弱的气流中也会以不规则的方式摆动，从而提高了在一定空间范围内捕获昆虫的几率。,stretch,waver,contract,shrink,oscillate,attenuate,waver,oscillate,waver,oscillate
507,"Enlightened thinkers in late-eighteenth-century Europe broadly endorsed the concept of progress, yet theories of progress were usually _______ a strong streak of pessimism, a sense of the challenges inherent in the human condition.",18世纪晚期的欧洲启蒙思想家普遍认同进步观念，但进步理论通常受到浓厚悲观情绪的调和，即伴随着对人类生存境遇固有挑战的清醒认识。,rooted in,requisite for,essential for,contradicted by,tempered by,moderated by,tempered by,moderated by,temper by,moderate by
508,We hold our breath so naturally and casually that it may come as a surprise to learn that the full details of this ability still _______ scientists.,我们屏住呼吸是如此自然随性，以至于当得知科学家至今仍未完全破解这一能力的全部细节时，人们可能会感到惊讶。,impress,mollify,elude,placate,divide,puzzle,elude,puzzle,elude,puzzle
509,"The work is alive and heterodox, the kind of ambitious failure that is more _______ than many finely crafted critical successes.",这部作品充满活力且离经叛道，属于那种雄心勃勃的失败之作，但它比许多精心打磨且备受好评的成功作品更加引人入胜。,compelling,interesting,innovative,lauded,inspired,celebrated,compelling,interesting,compell,interest
510,"In the face of competition from the Internet, television’s beleaguered leaders should take heart: disruptive technologies nearly always _______ new ways to profit, sometimes even for the incumbent players whose business model is being upended.",面对来自互联网的竞争，饱受困扰的电视业领袖应当振作起来：颠覆性技术几乎总会催生出新的盈利方式，有时甚至能让商业模式正被颠覆的既有企业从中获益。,obviate,clarify,preclude,beget,create,imitate,beget,create,beget,create
511,"Prior to fermentation, cacao seeds are not _______: they begin as something like apple pits and need fermentation to develop the chocolate taste.",在发酵之前，可可种子并不可口：它们最初类似于苹果核，需要经过发酵才能形成巧克力的风味。,marketable,palatable,recognizable,appetizing,nourishing,nutritious,palatable,appetizing,palatable,appetiz
512,"The arrival of the manual describing procedures for adding content to the Web site may mark a new, more _______ phase in the site’s history, and some contributors will no doubt become nostalgic for the unpredictable do-it-yourself days.",规范网站内容添加流程的操作手册的推出，可能标志着该网站进入了一个更加严肃规范的新阶段，无疑会有一些撰稿人开始怀念当初充满未知、亲力亲为的早期时光。,fickle,reticent,indecisive,sober,prescribed,staid,sober,staid,sober,staid
513,"Madame Germaine de Staël, famous for her opinionated views, sometimes made enemies with her _______ comments.",热尔梅娜·德·斯塔尔夫人以坚持己见著称，有时她尖酸刻薄的言辞会为自己树立敌人。,caustic,acerbic,eccentric,laudatory,placatory,conciliatory,caustic,acerbic,caustic,acerbic
514,"Many people perceive an unearned grandiosity at work in the news business and given that perception, it should be no surprise that they have such a strong _______ for the business.",许多人觉得新闻业充斥着名不副实的自命不凡，鉴于这种看法，他们对这个行业产生如此强烈的蔑视也就不足为奇了。,preference,passion,esteem,disdain,fervor,contempt,disdain,contempt,disdain,contempt
515,"The archives of the museum, containing a plethora of documents that shed light on Picasso’s work, may, for a time, give us the illusion of total comprehension, but in the end, it seems that Picasso is no more _______ than he ever was.",博物馆档案中阐明毕加索作品的大量文献，或许一时会让我们产生完全读懂了他的错觉，但归根结底，毕加索似乎并未变得比以往更容易被人理解。,orthodox,abstract,prolific,understandable,transparent,conceptual,understandable,transparent,understandable,transparent
516,"The plan, which the engineers said would save the aquifer by reducing pumping to _______ levels, has passed a governmental environmental review but faces opposition from outdoor and environmental groups.",工程师表示该计划将通过把抽水量降至无害水平来保护含水层，该方案已通过政府的环境审查，但仍面临户外运动与环保团体的反对。,innocuous,feasible,practicable,minimal,remedial,benign,innocuous,benign,innocuou,benign
517,"Congress is having great difficulty developing a consensus on energy policy, primarily because the policy objectives of various members of Congress rest on such _______ assumptions.",国会很难在能源政策上达成共识，主要是因为不同国会议员的政策目标建立在截然不同且分歧巨大的假设之上。,commonplace,disparate,divergent,fundamental,trite,trivial,disparate,divergent,disparate,divergent
518,"During the opera’s most famous aria, the tempo chosen by the orchestra’s conductor seemed _______, without necessary relation to what had gone before.",在这部歌剧最著名的咏叹调中，乐团指挥所选择的节奏显得十分随意武断，与前面的部分缺乏必然的联系。,arbitrary,capricious,cautious,compelling,exacting,meticulous,arbitrary,capricious,arbitrary,capriciou
519,"Because they had expected the spacecraft Voyager 2 to be able to gather data only about the planets Jupiter and Saturn, scientists were _______ the wealth of information it sent back from Neptune twelve years after leaving Earth.",由于科学家原本只期望“旅行者2号”探测器收集木星和土星的数据，因此当它在离开地球12年后从海王星发回海量信息时，科学家们欣喜若狂。,anxious for,confident in,thrilled about,keen on,elated by,eager for,thrilled about,elated by,thrill,elate by
520,Only by ignoring decades of mismanagement and inefficiency could investors conclude that a fresh infusion of cash would provide anything other than a _______ solution to the company’s financial woes.,投资者只有忽视几十年来管理不善和效率低下的问题，才会认为注入新资金能为该公司的财务困境提供哪怕不仅仅是短暂的解决办法。,complete,fleeting,momentary,premature,trivial,total,fleeting,momentary,fleet,momentary
521,Some scientists argue that carbon compounds play such a central role in life on Earth because of the possibility of _______ resulting from the carbon atom’s ability to form an unending series of different molecules.,一些科学家认为，碳化合物之所以在地球生命中扮演如此核心的角色，是因为碳原子能够形成无穷无尽的不同分子，从而带来了多样性的可能。,diversity,deviation,variety,reproduction,stability,invigoration,diversity,variety,diversity,variety
522,"Given the flood of information presented by the mass media, the only way for someone to keep abreast of the news is to rely on _______ accounts.",鉴于大众媒体呈现的信息泛滥成灾，一个人跟上最新新闻的唯一办法就是依赖提纲挈领的概括性报道。,synoptic,abridged,sensational,copious,lurid,understated,synoptic,abridged,synoptic,abridg
523,"Always circumspect, she was reluctant to make judgments, but once arriving at a conclusion, she was _______ in its defense.",她一向谨慎，不轻易下结论，但一旦得出结论，她就会坚定不移地予以捍卫。,deferential,intransigent,lax,negligent,obsequious,resolute,intransigent,resolute,intransigent,resolute
524,The climate researchers’ _______ method of presentation caused a stir among those who felt that scientific papers should be dispassionate in their delivery of evidence.,气候研究人员带有明显倾向性的呈现方式引起了轩然大波，那些认为科学论文在陈述证据时应当保持冷静客观的人对此尤为不满。,prejudicial,slapdash,tendentious,perfunctory,meticulous,incohesive,prejudicial,tendentious,prejudicial,tendentiou
525,"Notwithstanding their _______ regarding other issues, township residents have consistently passed the board of education’s annual budget.",尽管在其他问题上存在分歧，该镇居民还是一贯通过了教育委员会的年度预算。,accord,indecision,consensus,disagreement,divergence,enthusiasm,disagreement,divergence,disagreement,divergence
526,Some of the company’s supporters charged that the negative report had been motivated by a broader political assault on the company that was designed to help market rivals who would like to see the company _______.,该公司的一些支持者指责称，这份负面报告是出于对该公司进行更大范围政治攻击的动机，旨在协助那些希望看到该公司受到约束制约的市场竞争对手。,reined in,bolstered,indemnified,propped up,manacled,lionized,reined in,manacled,rein in,manacl
527,"Skeptics contend that any scheme for charging visitors to Web sites that rewards the vendor adequately would require steep prices, _______ the kind of frequent, casual use of Web sites that surfers now take for granted.",怀疑论者认为，任何能给予供应商足够回报的网站访问收费方案都需要高昂的费用，从而抑制了如今网民习以为常的频繁、随意的网站浏览习惯。,bridling,exciting,forbidding,inhibiting,provoking,reversing,bridling,inhibiting,bridl,inhibit
528,"It would have been disingenuous of the candidate to appear _______ when her opponent won the election, but she congratulated the victor, nonetheless.",如果这位候选人在对手赢得选举时表现得欣喜若狂，那未免太虚伪了，但她还是向胜利者表达了祝贺。,gracious,ecstatic,crestfallen,indifferent,euphoric,disgruntled,ecstatic,euphoric,ecstatic,euphoric
529,"As market forces penetrate firms and bid up the value of attributes of labor that are more measurable than is the knowledge born of experience, it can be expected that trends in wages will not _______ those whose main value lies in such experiential knowledge.",随着市场力量渗透到企业中，并抬高那些比经验知识更容易量化的劳动力特性的价值，可以预料的是，工资走势将不会有利于那些主要价值体现在经验知识上的人。,favor,aid,affect,forsake,betray,differentiate,favor,aid,favor,aid
530,"The point we might still take from the First World War is the old one that wars are always, as one historian aptly put it, _______: they produce unforeseeable results.",我们或许仍能从第一次世界大战中汲取的观点是一个老生常谈的道理，正如一位历史学家贴切描述的那样，战争总是令人震惊的：它们总是产生无法预见的结果。,unsurprising,astounding,conventional,ruinous,stunning,devastating,astounding,stunning,astound,stunn
531,"This is the kind of movie—stuffed with intimations of faraway strife and people in suits talking frantically on cell phones and walkie-talkies—that is conventionally described as a political thriller, but the film is as apolitical as it is _______.",这部电影充斥着对远方冲突的暗示，以及身着西装的人拿着手机和对讲机疯狂通话的场景，通常被称为政治惊悚片，但该片既毫无政治内核，又单调乏味。,intense,unprecedented,subtle,humdrum,refined,dull,humdrum,dull,humdrum,dull
532,Some historians of science maintain that the gulf between successive scientific paradigms is so _______ that scientists adhering to the new model find it all but impossible to understand what their predecessors could have been thinking.,一些科学史学家认为，相继的科学范式之间的鸿沟是如此巨大，以至于坚持新模型的科学家发现几乎无法理解前辈们当初的想法。,great,inconsequential,profound,imponderable,quantifiable,trivial,great,profound,great,profound
533,"In conversations with Vivian, one received the impression that she had access to an infinite store of _______, short, pithy, and wise.",在与维维安的交谈中，人们会觉得她似乎掌握着无数简短、精炼且充满智慧的名言警句。,dictums,bromides,monologues,aphorisms,theorems,platitudes,dictums,aphorisms,dictum,aphorism
534,"Though often conflated by outsiders at the time, the Beat poetry scene and the folk-music revival were actually in many ways _______, despite sharing certain ancestral connections in the Depression-era Left.",尽管当时常被局外人混为一谈，但垮掉派诗歌圈与民谣复兴运动在许多方面实际上是对立的，尽管它们在大萧条时期的左翼阵营中共享某些渊源。,unappreciated,countercultural,antagonistic,influential,neglected,opposed,antagonistic,opposed,antagonistic,oppos
535,"Because the author sometimes loses track of her line of argument, her work includes a number of _______.",由于作者有时会偏离自己的论证思路，她的作品中包含了不少偏离主题的题外话。,insights,descriptions,lessons,tangents,morals,digressions,tangents,digressions,tangent,digression
536,One of the strangest aspects of the trend is that it is so _______: the data show that the trend does not slow or stop and restart but just keeps increasing steadily.,这一趋势最奇怪的方面之一就是它的持续不衰：数据显示该趋势既没有放缓，也没有停滞后再重启，而是一直在持续稳步上升。,positive,benign,innocuous,severe,persistent,relentless,persistent,relentless,persistent,relentless
537,"In the Southwestern United States, periodic droughts constrict fish into refuge areas when waters dry up, but historically there was greater connectivity of stream systems, which _______ recolonization of desiccated reaches when precipitation returned.",在美国西南部，当水体干涸时，周期性干旱会将鱼类局限在避难水域中，但在历史上，河流系统具有更好的连通性，这在降雨恢复时促进了鱼类重新回到干涸河段栖息。,precluded,facilitated,revealed,forestalled,expedited,required,facilitated,expedited,facilitate,expedit
538,"Because of the newspaper’s policy of _______ joint bylines, lots of reporters were forced to do anonymous work on stories credited to other people.",由于报社禁止联合署名的政策，许多记者被迫为署名归于他人的报道进行匿名的采写工作。,banning,provoking,disallowing,condemning,instigating,intercepting,banning,disallowing,bann,disallow
539,"Victorian women endured constricting expectations, yet against that their era did feature a number of social and political movements that _______ women’s participation in the public realm.",维多利亚时代的女性承受着严苛的社会束缚，但与此同时，她们所处的时代也确实出现了一些鼓励女性参与公共领域的社会与政治运动。,showcased,thwarted,ridiculed,encouraged,fostered,confounded,encouraged,fostered,encourag,foster
540,"The physical layout of the laboratory, although suitable for the research being pursued when it was built, was not _______, making a thorough redesign necessary before a proposed new experimental program could be undertaken.",该实验室的空间布局虽然适合其刚建成时所开展的研究，但缺乏可变性与适应性，因此在启动拟议的新实验项目之前，必须进行彻底的重新设计。,favorable,typical,adaptable,unfitting,plastic,inappropriate,adaptable,plastic,adaptable,plastic
541,"Even before Charles Darwin introduced his theory of evolution, other scientists had become increasingly _______ the prevailing idea that every form of life remained eternally unchanged.",甚至在查尔斯·达尔文提出进化论之前，其他科学家就已经对当时盛行的“所有生命形式都永恒不变”的观点产生了越来越大的怀疑。,palliated by,assuaged by,skeptical about,dubious about,opposed to,weary of,skeptical about,dubious about,skeptical,dubiou
542,"Some paleontologists argue that despite the paucity of known specimens, the dinosaur Tyrannosaurus rex probably left _______ bite marks that have been preserved.",一些古生物学家认为，尽管已知的标本十分匮乏，但霸王龙可能留下了无数被保存下来的咬痕。,varied,few,myriad,unusual,multitudinous,negligible,myriad,multitudinous,myriad,multitudinou
543,"Until about the mid-1600s, biographies written in Western culture were intended to be edifying and inspirational, as evidenced by their _______ depictions of the exemplary lives of heroes and the odious lives of malefactors.",直到17世纪中叶左右，西方文化中的传记都是为了启迪和教化人心而创作的，这从传记对英雄的模范人生和罪犯的丑恶行径所做的道德说教式描写中可见一斑。,cynical,didactic,jaded,moralizing,vigorous,sentimental,didactic,moralizing,didactic,moraliz
544,"French writer Marcel Proust’s letters reflect such an eagerness to please and contain so many compliments, apologies, and expressions of politeness directed toward their addressees that they are borderline _______.",法国作家马塞尔·普鲁斯特的信件反映出极强的讨好心理，其中对收信人充斥着如此多的赞美、道歉和客套言辞，以至于几乎到了谄媚奉承的地步。,risible,sycophantic,facetious,obsequious,maundering,waggish,sycophantic,obsequious,sycophantic,obsequiou
545,"Painfully aware that his inquiry betrayed his ignorance, Desmond could not help feeling he had earned the _______ glance the shop assistant directed at him.",德斯蒙德痛切地意识到自己的提问暴露了无知，不禁觉得店员向他投来的轻蔑目光是自己咎由自取。,contemptuous,supercilious,furtive,sedulous,conspiratorial,ingratiating,contemptuous,supercilious,contemptuou,superciliou
546,"It is truly paradoxical that the Amazon, the lushest of all rainforests, is rooted in the most _______ of all soils.",极其看似矛盾的是，亚马逊作为所有热带雨林中最繁茂的一片，竟扎根于最贫瘠的土壤之中。,acidic,coarse,stark,impoverished,infertile,austere,impoverished,infertile,impoverish,infertile
547,Cynics believe that people who _______ compliments do so in order to be praised twice.,愤世嫉俗者认为，那些推脱赞美的人之所以这样做，是为了得到二次夸奖。,conjure up,covet,deflect,grasp,shrug off,understand,deflect,shrug off,deflect,shrug off
548,"A restaurant’s menu is generally reflected in its décor; however, despite this restaurant’s _______ appearance, it is pedestrian in the menu it offers.",餐馆的菜单通常会与其装潢相映成趣；然而，尽管这家餐馆外观优雅别致，其提供的菜单却平庸乏味。,elegant,tawdry,modern,traditional,conventional,chic,elegant,chic,elegant,chic
549,International financial issues are typically _______ by the United States media because they are too technical to make snappy headlines and too inaccessible to people who lack a background in economics.,国际金融问题通常会被美国媒体忽视，因为这些问题专业性太强，做不出夺人眼球的头条新闻，而且对于缺乏经济学背景的人来说过于晦涩难懂。,neglected,slighted,overrated,hidden,criticized,repudiated,neglected,slighted,neglect,slight
550,"While in many ways their personalities could not have been more different—she was ebullient where he was glum, relaxed where he was awkward, garrulous where he was _______—they were surprisingly well suited.",尽管在许多方面两人的性格大相径庭——她热情奔放而他阴郁寡欢，她轻松自如而他拘谨局促，她滔滔不绝而他沉默寡言——但他们却出奇地合拍。,solicitous,munificent,irresolute,laconic,fastidious,taciturn,laconic,taciturn,laconic,taciturn
551,Family photos of the author suggest that she was _______ child: she seemed to wear a permanent frown.,这位作者的家庭照片表明她小时候是个郁郁寡欢的孩子：她脸上似乎总是挂着一副不悦的愁容。,a sullen,an amiable,a surly,a beautiful,a prudent,a stunning,a sullen,a surly,sullen,surly
552,"Biologists agree that snakes descended from lizards, but exactly where this first happened has been a matter of debate since the 1800s, when two _______ theories emerged.",生物学家一致认为蛇起源于蜥蜴，但这一演化最初确切发生在何处，自19世纪两种相互竞争的理论出现以来就一直是争论的焦点。,complex,competing,dubious,conclusive,contending,irrefutable,competing,contending,compet,contend
553,"A particular bacterium that has never encountered a particular virus will usually succumb to it, a _______ that may, surprisingly, be beneficial to the colony in which the bacterium lives.",某种从未遭遇过特定病毒的细菌通常会屈服于它，令人惊讶的是，这种易感脆弱性可能反而对该细菌所在的整个菌落有益。,susceptibility,theory,characteristic,juxtaposition,vulnerability,hypothesis,susceptibility,vulnerability,susceptibility,vulnerability
554,"The remarkable thing about the mayoral race, in retrospect, is that so many people wanted the job of managing a municipality so obviously about to _______.",回想起来，这次市长竞选最引人注目之处在于，竟然有这么多人渴望得到一份去管理一个显然即将分崩离析的城市的差事。,materialize,disintegrate,crumble,prosper,flourish,scuffle,disintegrate,crumble,disintegrate,crumble
555,It is a testimony to Roth’s _______ that he could not quite bring himself to write a book as dull and flat as his original conception for his novel Everyman seemed to demand.,罗斯终究没能让自己写出一本像他最初构想小说《凡人》时所要求的那样枯燥平庸的作品，这正是其过人才华的有力证明。,persistence,deterioration,talent,ambition,decline,genius,talent,genius,talent,geniu
556,"In film studies—a visually oriented discipline that is _______ backlit close-ups, eyeline matches, and voyeuristic gazes—scholars have often been tone-deaf to the sounds of music.",在电影研究这门高度依赖视觉的学科中，学者们往往痴迷于逆光特写、视线对焦与窥视视角，却常常对电影音乐的声音充耳不闻。,fixated on,obsessed with,unconcerned with,amused by,bothered by,indifferent to,fixated on,obsessed with,fixate on,obsess with
557,"Consumers may think that genetic engineering of foods is something new, but humans have been modifying plants for ages; the _______ is not that new genes are introduced but that genes can now be moved from one species to another.",消费者可能认为食品基因工程是一项新鲜事物，但人类改造植物已有悠久历史；其中的新奇之处并不在于引入了新基因，而在于现在基因可以在不同物种之间进行跨物种转移。,novelty,quandary,advantage,innovation,discrepancy,predicament,novelty,innovation,novelty,innovation
558,"Although the compound is abundant in the environment at large, its presence in the air is not _______; only in the form of underwater sediment does it cause damage.",尽管该化合物在大自然中广泛存在，但它存在于空气中并无害处；只有当它形成水下沉积物时才会造成危害。,trivial,detectable,deleterious,substantive,detrimental,inconsequential,deleterious,detrimental,deleteriou,detrimental
559,"Deacon attempts what seems impossible: a book rich in scientific insights, in a demanding discipline, that nevertheless is accessible to _______.",迪肯尝试了一件看似不可能的事情：撰写了一本涉及艰深学科、饱含科学洞见，却又能让非专业外行人士轻松读懂的著作。,skeptics,experts,nonspecialists,zealots,authorities,laypersons,nonspecialists,laypersons,nonspecialist,layperson
560,"Despite relying on the well-to-do for commissions, the portrait painter was no _______: he depicted the character of those he painted as he perceived it.",尽管依靠富人的委托画作维持生计，这位肖像画家却绝非阿谀奉承之徒：他如实地描摹自己所感知的被画者的性格特征。,hypocrite,egotist,sycophant,adulator,braggart,coward,sycophant,adulator,sycophant,adulator
561,"If big sums are to be spent on cleaning up environmental disasters, it is better to spend them on unglamorous but _______ problems such as unsanitary water in Third World countries.",如果要斥巨资治理环境灾难，不如把钱用在虽然不起眼但迫在眉睫的问题上，比如第三世界国家的水源不卫生问题。,futile,ephemeral,pressing,controversial,transitory,critical,pressing,critical,press,critical
562,"The process of establishing a literary canon is seen by some as, in part, an attempt by certain scholars to make their own labors central and to relegate the work of others to _______ status.",确立文学正典的过程被某些人视为某些学者的一种企图，其部分目的是使自己的研究居于核心地位，而将他人的成果贬至边缘地位。,orthodox,marginal,mainstream,definitive,conditional,peripheral,marginal,peripheral,marginal,peripheral
563,"The mayor is more ideologically consistent than is widely believed: her long-term commitment to tax reform, for example, is not indicative of _______.",这位市长在意识形态上比人们普遍认为的更加前后一致：例如，她对税制改革的长期坚持就绝非反复无常的体现。,perspicacity,capriciousness,callousness,fickleness,clearheadedness,insensitivity,capriciousness,fickleness,capriciousness,fickleness
564,"At first glance Watkins Park, with its meandering stream and its thicket of greenery, seems _______; however, upon closer inspection one is quickly reminded that the park is in the middle of a major city.",乍看之下，沃特金斯公园蜿蜒的溪流与茂密的绿植显得富有田园牧歌般的闲适风情；然而，走近细看，人们便会很快意识到该公园其实身处大都市的闹市之中。,bucolic,remarkable,urban,noteworthy,pastoral,spurious,bucolic,pastoral,bucolic,pastoral
565,"Although relying on much of the recent scholarship on the bison, Lott’s book is a distinctly _______ and even idiosyncratic contribution to the field.",尽管借鉴了许多近期关于美洲野牛的学术研究，洛特的著作对该领域而言仍是一部极具原创性甚至独树一帜的贡献。,derivative,original,innovative,imitative,insightful,surprising,original,innovative,original,innovative
566,"Although in Europe after the First World War meteorology held the same rank as astronomy, in the United States top academic institutions did not treat it as a field _______ any physical science.",虽然一战后的欧洲气象学享有与天文学同等的地位，但在美国，顶尖学术机构并未将其视为与任何一门物理自然科学相匹敌的学科领域。,unfit for,equivalent to,fundamental to,pertinent to,incongruous with,commensurate with,equivalent to,commensurate with,equivalent to,commensurate with
567,"In one commentator’s view, modern free traders are complete _______ because they show no interest in practicality, nuance, or flexibility on the issue of free trade.",在一位评论家看来，现代自由贸易拥护者是一群彻底的意识形态狂热分子，因为在自由贸易问题上，他们对实用性、细微差异或灵活性毫不关心。,ideologues,cynics,zealots,simpletons,hypocrites,phonies,ideologues,zealots,ideologue,zealot
568,Many claim that the evidence for Americans’ growing social isolation is _______: families dine together a third less often than they did even in 1980 and participation in community groups and volunteer organizations has declined.,许多人声称，美国人日益严重的社会孤立感拥有不可否认的证据：家庭聚餐的频率比1980年减少了三分之一，参与社区团体和志愿者组织的人数也在下降。,undeniable,indecipherable,unfathomable,ambiguous,indefinite,irrefutable,undeniable,irrefutable,undeniable,irrefutable
569,The excellent agreement between theory and experiment convinced many of the original opponents of atomistic theories; thenceforth they accepted the _______ of the theories.,理论与实验之间的高度契合说服了原子论最初的许多反对者；从那时起，他们便认可了这些理论的正确有效性。,deficiency,superiority,potential,inadequacy,soundness,validity,soundness,validity,soundness,validity
570,Many of the most critically successful filmmakers attract _______ who strive to emulate their style of filmmaking.,许多在评论界大获成功的电影导演都会吸引大批追随者，他们竭力模仿这些导演的电影制作风格。,detractors,adherents,critics,disciples,observers,instructors,adherents,disciples,adherent,disciple
571,"Although the behavior of individuals is often simple, the collective patterns to which it leads can be _______, making common sense a faulty guide to what might happen.",尽管个体的行为通常很简单，但其所导致的集体模式却可能反直觉而出人意料，这使得常识无法成为预测未来可能发生何事的可靠向导。,mysterious,counterintuitive,dangerous,unexpected,risky,complex,counterintuitive,unexpected,counterintuitive,unexpect
572,The author of this study valiantly searches for commonalities among the leaders of social movements but fails; the leaders remain _______ group.,该研究的作者竭力在社会运动的领袖之间寻找共通点，但最终徒劳无功；这些领袖依然是一个形形色色、各不相同的群体。,an idiosyncratic,a heterogeneous,an inconsequential,an unorthodox,an ineffective,a disparate,a heterogeneous,a disparate,heterogeneou,disparate
573,"According to former coworkers, he was _______ bringing skeptical colleagues on board: one technique involved homing in on possible dissidents and absorbing their suggestions into his proposals.",据前同事透露，他非常善于拉拢心存疑虑的同事加入支持：他的策略之一就是专门锁定潜在的异议者，并将他们的意见吸纳进自己的提案中。,deft at,avid about,uninterested in,apathetic about,canny about,lauded for,deft at,canny about,deft,canny
574,"Contemporary observers liked to place Malcolm X into fixed political categories, but, as Marable powerfully demonstrates, he increasingly _______ those categories and set out to pursue his own odyssey of intellectual discovery and transformation.",当代的观察家喜欢将马尔科姆·X归入固定的政治范畴，但正如马拉布尔有力指出的那样，他越来越摒弃并蔑视这些范畴，转而开启了自己思想探索与转变的精神之旅。,respected,spurned,resented,flouted,internalized,redefined,spurned,flouted,spurn,floute
575,The developmental track for human beings—from rudimentary awareness to complex forms of rational agency—is quite _______: development proceeds with even minimally good physical and psychological health in any minimally favorable environment.,人类的发展轨迹——从原始的意识到复杂的理性自主行为——是相当稳固可靠的：即便只具备最低限度的身心健康，身处最低限度适宜的环境，人类的发育过程也能顺利进行。,sophisticated,contingent,robust,situational,elusive,reliable,robust,reliable,robust,reliable
576,"Jamie offered to loan her classmate a pencil, on the condition that in three days he repay her with two boxes of brand-new pencils: who would have believed that such _______ would exist among the young?",杰米借给同班同学一支铅笔，条件是对方三天后要还她两盒崭新的铅笔：谁能想到年轻人之间竟会存在如此贪婪的盘剥？,largesse,rapacity,hedonism,munificence,exaction,altruism,rapacity,exaction,rapacity,exaction
577,"Manga—illustrated Japanese books that are read from right to left—are beginning to win fans, _______ the enormous success of anime films such as Miyazaki’s breathtaking Spirited Away.",得益于宫崎骏令人惊叹的《千与千寻》等动画电影所取得的巨大成功，从右向左翻阅的日本绘本漫画正开始收获越来越多的拥趸。,bringing about,buoyed by,contrasted with,helped by,independent of,leading to,buoyed by,helped by,buoy by,help by
578,"When food companies seek to inflate their revenues by reducing the amount of food in each package without offering a corresponding price reduction, their marketing campaigns are often _______, claiming that the smaller versions are healthier, with fewer calories than before.",当食品公司试图在不相应降价的情况下通过缩减包装容量来抬高收益时，其营销宣传往往十分狡黠精明，宣称较小分量的包装更为健康、所含卡路里比以往更低。,inept,uninformed,shrewd,ignorant,artful,disorienting,shrewd,artful,shrewd,artful
579,"Zadie Smith’s White Teeth is ecstatically _______: Smith seems to have omitted no incident, no character, no metaphor, no joke that struck her fancy.",扎迪·史密斯的《白牙》展现出一种狂喜般的兼收并蓄与包罗万象：凡是触动她灵感的事件、人物、隐喻和笑话，史密斯似乎无一遗漏地全部收录其中。,comic,empathetic,cerebral,inclusive,all-encompassing,intellectual,inclusive,all-encompassing,inclusive,all-encompass
580,"The growing competition among the science journals for the most-important research may contribute to mistakes and fabrications, even in the most _______ of the bunch.",科学期刊之间对最重要研究成果的竞争日趋激烈，这可能会导致错误和伪造现象的出现，甚至在其中最严谨审慎的期刊中也不例外。,vigilant,innovative,ambitious,careful,motivated,unfortunate,vigilant,careful,vigilant,careful
581,"Even though the survey course was designated as interdisciplinary, it involved no real _______ of subject matter.",尽管这门通识概论课被定性为跨学科课程，但它并未实现学科内容的真正融合。,synthesis,exegesis,analysis,fusion,distillation,explication,synthesis,fusion,synthesi,fusion
582,"Even in the querulous culture of the university’s economics department, Posada stood out for his _______.",即便在该校经济学院爱挑剔抱怨的文化氛围中，波萨达也因其极具攻击性的好斗作风而尤为突出。,prudence,belligerence,cognizance,partisanship,pugnacity,circumspection,belligerence,pugnacity,belligerence,pugnacity
583,"The senator showed a fierce commitment to achieving an accord, spending months coaxing a consensus out of an often _______ assembly.",这位参议员展现出达成协议的坚定决心，耗时数月在一个常常争吵不休且难以驾驭的议会中耐心促成共识。,apathetic,fractious,restive,cynical,compliant,tractable,fractious,restive,fractiou,restive
584,"Today the writer’s prodigious output of prose and poetry enjoys _______ notice, but in his lifetime his works commanded huge sales in Italy and abroad.",如今，这位作家数量惊人的散文和诗歌作品仅受到偶尔零星的关注，但在他生前，其作品在意大利国内外都拥有极大的销量。,limited,vigorous,occasional,sporadic,dutiful,lively,occasional,sporadic,occasional,sporadic
585,"Unlike the violent thunderstorms of summer, which _______ water in widely scattered downpours, winter rains in the Sonoran Desert come in a gradual procession, soaking into the land and swelling every desert pore with liquid life.",与夏季猛烈雷暴在分散各处的倾盆暴雨中倾泻倾倒出雨水不同，索诺兰沙漠的冬雨总是缓缓而来，浸透土壤，以生命的甘霖充盈着沙漠的每一处毛孔。,channel,disgorge,direct,dump,collect,concentrate,disgorge,dump,disgorge,dump
586,"When the Spanish brought potatoes to Europe in the sixteenth century, the locals were _______, in part because they found potatoes to be unsightly.",当西班牙人在16世纪将马铃薯引入欧洲时，当地人并不买账且心存疑虑，部分原因在于他们觉得马铃薯外观丑陋。,unimpressed,skeptical,indignant,contrite,distracted,preoccupied,unimpressed,skeptical,unimpress,skeptical
587,"The Leipzig academy for painting and architecture opened in 1764, but its emphasis, in keeping with the city’s _______ attitude, had become more practical by the end of the nineteenth century.",莱比锡绘画与建筑学院于1764年创立，但为了契合该市务实干练、讲求实效的城市风气，到了19世纪末，其办学重心已变得更加务实。,idealistic,businesslike,hands-off,ambitious,no-nonsense,noninterventionist,businesslike,no-nonsense,businesslike,no-nonsense
588,"Ancient coins displayed in museums are almost by definition _______ on display precisely because they are the most beautiful, the most elaborate, and the best-preserved samples.",博物馆中展出的古代钱币从定义上讲几乎都是非典型的特例，之所以被展出，恰恰是因为它们是最美观、做工最繁复且保存最完好的样本。,diverse,atypical,precious,exceptional,disparate,enigmatic,atypical,exceptional,atypical,exceptional
589,"Until the late 1990s, the company had a strict policy _______ personal phone calls during working hours.",直到20世纪90年代末，该公司一直执行一项严格的规定，禁止在工作时间内拨打私人电话。,proscribing,condoning,indulging,admitting,enjoining,divulging,proscribing,enjoining,proscrib,enjoin
590,"As much as we may like to believe that mother animals are designed to nurture and protect their young, in fact, nature abounds with mothers that _______ the standard maternal script.",尽管我们可能很愿意相信动物母亲天生就会抚育和保护幼崽，但事实上，大自然中充斥着违背这种常规母性模式的母亲。,undermine,revise,defy,accept,flout,comply with,defy,flout,defy,flout
591,"Looking back on a project that they had approached with both great _______ and considerable aspirations, they were amused to recognize that neither the fears nor the hopes had been at all realistic.",回顾当初那个他们既怀着极大惶恐又抱有相当高期望去着手的项目，他们觉得很好笑地意识到，无论是当初的恐惧还是希望都根本不切实际。,purpose,talent,abilities,trepidation,misgivings,ambition,trepidation,misgivings,trepidation,misgiving
592,"Looking back on a project that they had approached with both great trepidation and considerable _______, they were amused to recognize that neither the fears nor the hopes had been at all realistic.",回顾当初那个他们既怀着极大惶恐又抱有相当高期盼去着手的项目，他们觉得很好笑地意识到，无论是当初的恐惧还是希望都根本不切实际。,unease,anxiety,preparation,fortitude,anticipation,hopefulness,anticipation,hopefulness,anticipation,hopefulness
593,Picasso’s habit of keeping every last scrap of paper was not entirely a good thing: he left so much of it that his own archives can seem to _______ any view of the man.,毕加索保留哪怕最后一片碎纸片的习惯并不完全是一件好事：他留下的东西实在太多，以至于他自己的档案似乎能够佐证对他的任何一种看法。,corroborate,reflect,elucidate,inspire,confirm,illuminate,corroborate,confirm,corroborate,confirm
594,"Since it is an incredible challenge to detect dark matter directly, scientists have _______ its existence from its gravitational effects on shaping galaxies and other large-scale structures.",由于直接探测暗物质是一项极大的挑战，科学家们根据其在塑造星系和其他大尺度结构中所产生的引力效应推断出了它的存在。,isolated,confirmed,inferred,surmised,documented,hypothesized,inferred,surmised,inferr,surmise
595,"The television network seems to regard its longest-running comedy show as _______, keeping it in the schedule even as the humor it churns out is notoriously hit-or-miss.",该电视网络似乎将这部播出时间最长的喜剧节目视为神圣不可撼动的存在，即使该剧制造的笑料出了名的时好时坏，也依然将其保留在节目单中。,flourishing,outdated,inviolable,archaic,sacrosanct,immovable,inviolable,sacrosanct,inviolable,sacrosanct
596,"In Roth’s fiction, politics is an element that doesn’t naturally occur in _______ form but is always getting confused and mixed up with shame and anger, baseball and sex.",在罗斯的小说中，政治并不是一种天然以纯粹形态存在的元素，而是总是与羞耻和愤怒、棒球与性混杂交织在一起。,an unalloyed,an unease,an uncontroversial,an objective,a pure,a tendentious,an unalloyed,a pure,unalloy,pure
597,The fear that otherwise _______ economies could fall victim to external shocks is one of the scariest aspects of the world’s economic troubles and one of the most portentous.,令人担忧的是，原本健康的经济体也可能沦为外部冲击的受害者，这是世界经济困境中最可怕、也是最凶险的方面之一。,insignificant,small,progressive,robust,mature,healthy,robust,healthy,robust,healthy
598,"While there is no evidence that Bigfoot is real, several well-known species were once thought to be _______; the okapi, for instance, was known as the “African unicorn” until explorers obtained proof of its existence.",虽然没有证据表明大脚怪是真实存在的，但有几个众所周知的物种曾一度被认为是神话传说中的生物；例如，㺢㹢狓在探险家获得其存在证据之前一直被称为“非洲独角兽”。,threatened,fabulous,extinct,defunct,legendary,secretive,fabulous,legendary,fabulou,legendary
599,Responsibility for the nation’s decline rests squarely with a people who take for granted their claims to preeminence but do not _______ interest in or commitment to actually maintaining it.,国家衰落的责任完全在于国民，他们理所当然地自居卓越地位，却并未表现出真正去维持这一地位的兴趣或投入。,foresee,rebuff,evince,reject,predict,betray,evince,betray,evince,betray
600,"Despite the rather _______ conditions required for its preservation, the evidence for glaciation during the late Proterozoic is found on every continent, suggesting that ice sheets were present throughout the globe.",尽管冰川遗迹的保存需要相当苛刻的条件，但在每个大洲都发现了新元古代晚期冰川作用的证据，这表明当时冰盖曾遍布全球。,unusual,hostile,drastic,stringent,exacting,complex,stringent,exacting,stringent,exact
601,"Fedigan argues that, in actuality, ethologists who claim to _______ anthropomorphism often end up simply substituting one set of anthropomorphic terms for another.",费迪根认为，实际上那些声称摒弃拟人论的动物行为学家，最终往往只是用一套拟人化的词汇替换了另一套而已。,eschew,defend,support,appreciate,denounce,avoid,eschew,avoid,eschew,avoid
602,"Robert McCance and Elsie Widdowson’s The Chemical Composition of Foods, published in 1940, contained an extraordinary fifteen thousand entries, making it the first collection of nutritional information for cooked and raw foods that could be considered _______.",罗伯特·麦肯斯和埃尔西·威多森于1940年出版的《食物化学成分》包含了惊人的一万五千个词条，使其成为首个堪称详尽完备的熟食与生食营养信息汇编。,expurgated,accessible,substantiated,exhaustive,comprehensive,authenticated,exhaustive,comprehensive,exhaustive,comprehensive
603,"An academic with a questionable record in either teaching, administration, or research may still be well regarded at many schools, but simultaneous failure in all three areas normally results in _______ by superiors.",一名在教学、行政或科研任一方面表现欠佳的学者在许多学校可能仍受到重视，但在这三个领域同时表现不佳通常会导致上级的谴责。,exculpation,dismissal,impeachment,disapprobation,censure,acquittal,disapprobation,censure,disapprobation,censure
604,Proponents of the legislation argued that its critics’ valid but minor points did not _______ the assertion that the bill would be far more beneficial than hurtful to the nation’s citizens.,该法案的支持者辩称，批评者提出的一些合理但次要的意见，并不能削弱这样一种断言：该法案对全体国民而言利远大于弊。,revoke,bolster,vitiate,undercut,address,legitimize,vitiate,undercut,vitiate,undercut
605,Epidemiological studies have found that tea drinkers face a lower risk of heart attacks than do people who _______ the brew.,流行病学研究发现，饮茶者患心脏病的风险低于那些不喝茶的人。,eschew,appreciate,imbibe,forswear,quaff,ferment,eschew,forswear,eschew,forswear
606,"Epidemiological studies have found that occasional tea drinkers, and those who avoid tea altogether, do not reap the benefits of lowered risk of heart attack that those who _______ the brew do.",流行病学研究发现，偶尔饮茶者以及完全不喝茶的人，无法像那些大量饮茶的人一样获得降低心脏病发作风险的好处。,eschew,appreciate,sip,forswear,swill,guzzle,swill,guzzle,swill,guzzle
607,"The final chapter of Simone de Beauvoir’s The Second Sex, in which de Beauvoir argues that only economic self-sufficiency can release women from subordination, was one of the _______ texts that revolutionized the women’s movement of the sixties and seventies.",西蒙娜·德·波伏娃在《第二性》的最后一章中指出，只有经济上的自给自足才能将女性从从属地位中解放出来，这一章节成为了鼓舞并彻底改变六七十年代女性主义运动的核心文本之一。,inspirational,animating,introductory,inessential,inscrutable,trivial,inspirational,animating,inspirational,animat
608,"As modern organizations amass more and more digital information, they need guidance on how to deal with the information surplus in a way that is more _______ than simply increasing their storage capacity.",随着现代机构积累的数字信息越来越多，它们需要指导，以便采用比单纯增加存储容量更加明智审慎的方式来应对信息过剩。,sustainable,onerous,judicious,discriminating,parsimonious,prohibitive,judicious,discriminating,judiciou,discriminat
609,"In a newly formed group of people, the hierarchy that emerges may be entirely _______, but group members will nevertheless tend to construct after-the-fact rationalizations for why those in charge should be in charge.",在一个新组建的群体中，所形成的等级制度可能完全是随意的，但群体成员依然倾向于在事后为掌权者何以应当掌权建构合理化的借口。,predictable,haphazard,abstract,arbitrary,dysfunctional,theoretical,haphazard,arbitrary,haphazard,arbitrary
610,"Although pleased to gain recognition by the Royal Society in 1945, Marjory Stephenson privately _______ the way career scientists (always male) jockeyed for recognition and reputation rather than simply getting on with their work.",虽然玛乔丽·史蒂芬森对1945年获得英国皇家学会的认可感到高兴，但她私下里却对职业科学家（清一色为男性）汲汲于争夺认可与声誉而不是专心做好工作的做派感到不满和痛惜。,questioned,envied,disparaged,bemoaned,begrudged,mocked,disparaged,bemoaned,disparag,bemoan
611,"Although some literary scholars may express disdain for works meant for popular audiences, only the most _______ proponent of so-called great literature could dismiss the works in a recent anthology of African science fiction as formulaic pulp.",尽管一些文学学者可能会对面向大众读者的作品表示不屑，但只有最食古不化的所谓严肃文学拥护者，才会将最近出版的一部非洲科幻小说选集中的作品斥为套路化的地摊读物。,radical,pedantic,oblivious,hidebound,illiberal,charitable,hidebound,illiberal,hidebound,illiberal
612,"Even though no other urban center on Earth thrived for so long, the ancient Mesopotamian city of Uruk remains _______ in comparison with its more famous neighbor, Babylon.",尽管地球上没有其他任何城市中心能够繁荣如此之久，但与更为著名的邻城巴比伦相比，美索不达米亚古城乌鲁克仍然显得鲜为人知。,prominent,obscure,unknown,ornate,popular,prosperous,obscure,unknown,obscure,unknown
613,"Fungi are a basic component of every ecosystem, and their importance cannot be _______, but mycologists generally lack an understanding of which fungi are present in oceans and what roles they play.",真菌是每个生态系统的基本组成部分，其重要性不容否认，但真菌学家普遍缺乏对海洋中存在哪些真菌以及它们发挥何种作用的了解。,gainsaid,underestimated,calculated,disputed,exaggerated,matched,gainsaid,disputed,gainsaid,dispute
614,"Physicians today increasingly rely on endoscopic surgery, replacing large scalpels and clamps with cameras and with tools whose _______ enables them to snake into the body through tiny holes.",如今的医生越来越依赖内窥镜手术，用摄像头以及凭借极佳柔韧性能够通过微小孔洞蜿蜒进入体内的工具取代了大手术刀和夹钳。,flexibility,rigidity,pliability,suppleness,enormity,precision,flexibility,suppleness,flexibility,suppleness
615,"The airline might receive fewer complaints if it got passengers to their destinations on time: in the past few years, only one airline has been more _______.",如果该航空公司能够准时将乘客送达目的地，收到的投诉可能会更少：在过去几年里，只有一家航空公司比它更加拖拉延误。,unprofitable,aggressive,remiss,dilatory,impeccable,assiduous,remiss,dilatory,remiss,dilatory
616,Debates over technologies often _______ their development: we can reflect on many of the social and ethical issues that the possibility of geoengineering the climate raises right as these technologies are coming into existence.,关于技术的争论往往早于技术本身的发展：当通过地球工程改造气候的可能性随着这些技术的诞生而出现时，我们已经可以反思它所引发的诸多社会和伦理问题。,misrepresent,anticipate,facilitate,permeate,precede,impede,anticipate,precede,anticipate,precede
617,"Laboratory experiments testing whether memories can be purposely erased or implanted seem decidedly _______ compared to the sensational depictions of memory manipulation in movies, but such research has nevertheless yielded dramatic results.",与电影中对记忆操控的耸人听闻的描绘相比，测试记忆能否被故意消除或植入的实验室实验显得极为平淡无奇，但这项研究依然取得了引人注目的成果。,sinister,outdated,ominous,prosaic,frivolous,pedestrian,prosaic,pedestrian,prosaic,pedestrian
618,"Scholars of the civil rights movement have often characterized it as springing from social, political, and economic structures _______ the South, thus overlooking the tradition of civil rights activism in other regions of the country.",民权运动学者常常将该运动定性为源自美国南部特有的社会、政治和经济结构，从而忽视了该国其他地区的民权运动传统。,originating in,imposed on,perpetuated by,unique to,characteristic of,detrimental to,unique to,characteristic of,unique to,characteristic of
619,The fact that no single Cantonese dictionary is seen as _______ is one of the main reasons why most Hong Kong authors do not depend on formal reference tools when writing in Cantonese.,没有任何一本单独的粤语词典被视作权威词典，这是大多数香港作家用粤语写作时不依赖正规参考工具书的主要原因之一。,dependable,authoritative,meticulous,definitive,topical,comprehensive,authoritative,definitive,authoritative,definitive
620,"Song, speech, and music are typically one in the blues: the instrument complements the voice, and though they may play instrumental solos, the most _______ blues artists sing through both voice and instrument.",在蓝调音乐中，歌唱、言语和器乐通常融为一体：乐器与人声相辅相成；尽管他们可能会进行器乐独奏，但最具代表性的蓝调艺术家会同时通过嗓音和乐器来进行歌唱。,characteristic,innovative,original,emblematic,reminiscent,nostalgic,characteristic,emblematic,characteristic,emblematic
621,"While the co-authors of the new guide to the American artistic experience have received accolades for their wide-ranging work, they do not _______ that the publication is exhaustive in content.",尽管这本美国艺术体验新指南的合著者们因其涵盖广泛的研究而备受赞誉，但他们并不坚称该出版物在内容上是面面俱到的。,hope,care,assert,insist,doubt,question,assert,insist,assert,insist
622,"Among some demographic groups, the Internet is _______: almost everybody who wants Internet access has it.",在某些人口群体中，互联网是无处不在的：几乎每个想要上网的人都能接入互联网。,necessary,indispensable,irresistible,pervasive,ubiquitous,homogeneous,pervasive,ubiquitous,pervasive,ubiquitou
623,"There are several strange _______ in the book India: for instance, though subtitled An Intimate Biography of 1.2 Billion People, it finds no place for the nearly 800 million Indians who depend on agriculture for a living.",《印度》一书中存在几处奇怪的遗漏：例如，虽然副标题是“12亿人的亲密传记”，书中却没有给近8亿依靠农业为生的印度人留出任何篇幅。,elisions,omissions,censures,critiques,biases,digressions,elisions,omissions,elision,omission
624,"Journal editors note that the peer review process has difficulty detecting _______: deliberate misinformation, if it is clever enough, might sail right through no matter how scrupulous the reviews.",期刊编辑指出，同行评审过程很难发现学术欺诈行为：蓄意伪造的虚假信息只要足够巧妙，无论评审多么细致，都可能一路畅通无阻地过关。,bias,inconsistency,fraud,negligence,duplicity,carelessness,fraud,duplicity,fraud,duplicity
625,"The rebellion was _______ one, driven less by ardor than by reason and calculation.",这场叛乱是一场理智而冷静的叛乱，驱动它的与其说是热情，不如说是理性和算计。,a cerebral,a dispassionate,a rash,an idealistic,a cautious,a reckless,a cerebral,a dispassionate,cerebral,dispassionate
626,"A fixed definition of the Arctic Circle is _______: the circle is not unchanging but varies over about 2° during 40,000-year cycles caused by wobbles in the angle of the Earth’s axis.",对北极圈给出一个固定的定义是具有误导性的：北极圈并非一成不变，而是由于地轴倾角摆动，在4万年的周期内产生约2度的变化。,misleading,feasible,essential,possible,illusory,indispensable,misleading,illusory,mislead,illusory
627,"Meteorology is one of the few fields of applied science that demands prediction; since prediction involves considerable uncertainty and uncertainty is _______ scientists, meteorology will continue to exist in a fraught intellectual space.",气象学是少数需要进行预测的应用科学领域之一；由于预测包含相当大的不确定性，而不确定性又是科学家们深恶痛绝的，因此气象学将继续存在于一个充满紧张与矛盾的学术空间之中。,mysterious to,anathema to,discredited by,pivotal for,repellent to,familiar to,anathema to,repellent to,anathema to,repellent to
628,"Throughout human history, intelligence and consciousness have been _______ concepts: those possessing much of the former are assumed, in some ill-defined way, to be more conscious than those less astute.",纵观人类历史，智力与意识一直是紧密联系的概念：拥有较高智力的人，在某种含糊不清的意义上被理所当然地认为比那些不那么敏锐的人拥有更强的意识。,disputed,allied,conflated,loaded,connected,misjudged,allied,connected,ally,connect
629,"As a muralist, John Thomas Biggers followed his own voice; absorbed by personal artistic challenges, he devoted _______ attention to prevailing trends in the art world.",作为一名壁画画家，约翰·托马斯·比格斯遵循着自己的内心之声；他专注于个人的艺术挑战，对艺术界盛行的潮流几乎不屑一顾。,occasional,scant,obsessive,grudging,little,eager,scant,little,scant,little
630,"Asteroids of diameter less than 100 km never melted, but asteroids with larger diameters did so and became _______ with the heavier Fe-Ni material forming the core and the silicates forming the crust.",直径小于100公里的小行星从未熔化，但直径更大的小行星发生过熔化并形成分层结构，较重的铁镍物质构成了核心，硅酸盐则构成了外壳。,stratified,destabilized,weakened,liquefied,differentiated,distinguished,stratified,differentiated,stratify,differentiate
631,The folktale is perhaps the most _______ form of literature: a story that everyone is free to tell and embellish because it belongs to no one in particular.,民间故事也许是最大众和平等的一种文学形式：每个人都可以自由地讲述和润色这个故事，因为它并不专门属于任何特定的人。,unpretentious,archaic,primitive,democratic,egalitarian,changeable,democratic,egalitarian,democratic,egalitarian
632,"The scholars’ hypothesis challenges the scope of human psychological and behavioral universals but does not dispense with them entirely: the team remains confident that displays of pride, for instance, are _______.",学者们的假说挑战了人类心理和行为普遍性的适用范围，但并未完全摒弃它们：该团队仍然确信，例如展现骄傲的行为是普遍存在的。,inherited,pernicious,ubiquitous,symptomatic,detrimental,omnipresent,ubiquitous,omnipresent,ubiquitou,omnipresent
633,"In literature, thrillers thrive on heroes and villains, and usually the characterization is not very _______; writers don’t want to confuse or slow the plot.",在文学中，惊悚小说依赖于塑造英雄与反派，而且人物刻画通常并不十分细腻微妙；作者不希望让情节变得扑朔迷离或拖沓冗长。,nuanced,trite,realistic,monotonous,banal,subtle,nuanced,subtle,nuanc,subtle
634,"Too much focus on what might have been can cause in us feelings of powerlessness and regret, but some scientists are beginning to think that imagining an alternative reality might have _______ effects as well.",过度关注“本可能发生的事”会让我们产生无力感和后悔，但一些科学家开始认为，设想另一种可能的生活现实也可能产生有益身心和恢复活力的效果。,subtle,adverse,restorative,pleasurable,unfavorable,tonic,restorative,tonic,restorative,tonic
635,"According to Panamanian composer Danilo Perez, the gravity of jazz pianist Randy Weston’s performances is _______: you can copy one of his chords, but it doesn’t sound the same.",据巴拿马作曲家达尼洛·佩雷斯所言，爵士钢琴家兰迪·韦斯顿演奏中的那种庄重深沉是难以企及的：你可以模仿他的一个和弦，但听起来绝不是同一个味道。,elusive,indelible,unattainable,estranging,purposeful,alienating,elusive,unattainable,elusive,unattainable
636,"Although, in spirit at least, solar panels _______ nature and the way our biosphere harnesses the energy of our sun, the actual photosynthetic process by which plants convert sunlight into chemical energy is far more complex than solar power generation is.",虽然太阳能电池板至少在精神上模仿了大自然以及生物圈利用太阳能的方式，但植物将阳光转化为化学能的实际光合作用过程，远比太阳能发电要复杂得多。,streamline,enhance,imitate,exploit,simplify,mimic,imitate,mimic,imitate,mimic
637,"Because the influence of French women writers in seventeenth-century England has been _______ by scholars, England’s early women writers, such as Aphra Behn and Delarivier Manley, may appear to have sprung from a vacuum.",由于17世纪法国女性作家对英国的影响被学者们忽视和低估，阿芙拉·贝恩和德拉里维尔·曼利等英国早期女性作家似乎成了无源之水。,documented,discredited,slighted,misinterpreted,discounted,corroborated,slighted,discounted,slight,discount
638,"While the rate at which absolute global sea level is rising may seem _______, it has been far from an incidental factor in human history.",虽然全球绝对海平面的上升速率看似微不足道，但在人类历史上，它绝非一个无足轻重的因素。,disconcerting,intractable,improbable,imperceptible,unnerving,trivial,imperceptible,trivial,imperceptible,trivial
639,"Faced with so much conflicting information on the internet, many people come to believe that all sources are so _______ that efforts to discriminate between the true and the false are inevitably futile.",面对互联网上如此多相互矛盾的信息，许多人开始认为所有来源都带有极大的偏见，以至于试图分辨真假不可避免地变得徒劳无功。,slanted,imprecise,splenetic,tendentious,surreptitious,acrimonious,slanted,tendentious,slant,tendentiou
640,"A single, cheap tablet combining a range of drugs that protect against heart disease was _______ years ago, but pharmaceutical companies were reluctant to undertake the project because it failed to provide sufficient financial incentive.",多年前就有人提出研制一种结合多种预防心脏病药物的廉价单片复合制剂，但制药公司因其无法提供足够的经济回报而不愿开展该项目。,banned,broached,proscribed,proposed,authorized,developed,broached,proposed,broach,propos
641,The auditors are relying on the failing bank to make changes that it has steadfastly resisted for years and even now does not seem _______ to carry out.,审计人员正指望这家濒临倒闭的银行做出多年来一直坚决抵制、且即便到了现在似乎仍不情愿去推行的变革。,able,impatient,destined,disinclined,loath,keen,disinclined,loath,disinclin,loath
642,"The vast majority of universities in the United States promote themselves as institutions of free speech and thought, construing censorship as _______ their search for knowledge.",美国绝大多数大学都将自己宣传为言论和思想自由的殿堂，认为审查制度与它们对知识的追求是格格不入的。,subordinate to,obviated by,secondary to,antipathetic to,conducive to,inconsistent with,antipathetic to,inconsistent with,antipathetic to,inconsistent with
643,"We might be much closer to building the next generation of observatories if competing groups of astronomers had not _______ repeated chances to collaborate; instead, three separate projects with common goals are fighting one another for funding.",如果相互竞争的天文学家群体当初没有断然拒绝一次又一次的合作机会，我们现在可能距离建造下一代天文台要近得多；相反，三个目标相同的独立项目如今却在为争夺资金而互相争斗。,spurned,avoided,sabotaged,rebuffed,initiated,commenced,spurned,rebuffed,spurn,rebuff
644,"While the environmental detection of nuclear explosions has become _______, the ability to detect nuclear weapons programs well before they result in a nuclear device would better serve security objectives.",虽然对核爆炸的环境探测已经变得轻而易举，但在核武器研发项目制造出核装置之前很久就能对其进行探测的能力，才更能契合安全目标。,immediate,unnecessary,redundant,straightforward,surreptitious,unproblematic,straightforward,unproblematic,straightforward,unproblematic
645,"Most farmers alternate corn and soybean crops in their fields rather than periodically leaving fields unplanted, as was once customary, but such _______ cropping can deplete the organic content of the soil.",大多数农民在田地里轮作玉米和大豆，而不是像过去那样定期让土地休耕，但这种连绵不断的种植方式会耗尽土壤中的有机质含量。,strenuous,consistent,continuous,unremitting,haphazard,slipshod,continuous,unremitting,continuou,unremitt
646,The ear is much more _______ than the eye: only the ear can tell a source that oscillates 30 times a second from one that oscillates 60 times a second.,耳朵比眼睛要敏锐得多：只有耳朵才能区分出每秒振动30次的声源与每秒振动60次的声源。,stable,efficient,durable,discerning,accurate,tenacious,discerning,accurate,discern,accurate
647,"Neurologists are scanning the activity that music triggers in our neurons, but far from generating _______ the neurophysiological function of music, these data are inspiring a pitched debate among researchers.",神经学家正在扫描音乐在我们神经元中引发的活动，但这些数据非但没有促成关于音乐神经生理功能的共识，反而在研究人员之间激起了一场激烈的争论。,disagreement about,clarity regarding,discussion regarding,optimism about,consensus about,accord regarding,consensus about,accord regarding,consensu,accord
648,Perhaps the scariest thing about weather extremes is their inherent _______: just because we are almost certain they will become more frequent does not mean we can pinpoint exactly when and where they will occur.,极端天气最可怕之处或许在于其固有的不可预测性：仅仅因为我们几乎可以肯定它们会变得更加频繁，并不意味着我们能确切指出它们将在何时何地发生。,complexity,anger,unpredictability,ubiquity,fickleness,pervasiveness,unpredictability,fickleness,unpredictability,fickleness
649,"Family lore has it that jazz saxophonist James Carter’s perfect imitation of birdsong amazed his elementary school classmates, marking him as _______ conjurer of sound.",家族传说称，爵士萨克斯管演奏家詹姆斯·卡特对鸟鸣声维妙维肖的模仿令他的小学同学惊叹不已，这标志着他自幼就是一位早慧的声音魔法师。,an unruly,an unlikely,an early,an astonishing,a precocious,a preposterous,an early,a precocious,early,precociou
650,Accounts of early opera performances—both of the performances themselves and of their social milieu—indicate that the origins of the genre were anything but _______; it began at the peak.,对早期歌剧演出的记载——无论是演出本身还是其社会背景——都表明这一流派的起源绝非卑微平庸；它自诞生之初就处于顶峰。,lavish,disreputable,sumptuous,decadent,plebeian,humble,plebeian,humble,plebeian,humble
651,"Although individual dust devils (small whirlwinds) on Mars are _______, collectively they can be counted on to maintain the atmospheric dust at a certain level.",尽管火星上的单个尘卷风（小型旋风）难以捉摸，但从整体上看，它们能够稳定地将大气中的尘埃维持在一定水平。,dangerous,minuscule,unpredictable,impenetrable,treacherous,erratic,unpredictable,erratic,unpredictable,erratic
652,Artists such as Jimi Jones reveal how _______ art categories really are: Jones successfully uses materials relatively foreign to the hegemonic concept of fine art while working in a style commonly associated with high culture.,像吉米·琼斯这样的艺术家揭示了艺术分类实际上是多么人为划定且生硬：琼斯成功使用了与主流纯艺术概念大相径庭的材料，同时又以通常与高雅文化相关的风格进行创作。,fragmented,contrived,pervious,prescriptive,conventional,artificial,contrived,artificial,contriv,artificial
653,"While the politician promised that her speech would be full of fresh ideas, all she really offered was _______.",虽然这位政治家承诺她的演讲将充满新颖的想法，但她实际给出的却全都是陈词滥调。,elucidations,bromides,recriminations,platitudes,affectations,hyperboles,bromides,platitudes,bromide,platitude
654,Conditions at the training camp for runners were _______; few of the runners had proper shoes or a training kit.,长跑训练营的条件十分简陋艰苦；几乎没有运动员拥有合适的跑鞋或训练装备。,unpleasant,tedious,spartan,austere,rigorous,monotonous,spartan,austere,spartan,austere
655,"Despite growing evidence of a positive association between consumption of whole grains and long-term health, a research gap exists between observational studies and the elucidation of the mechanisms involved, mechanisms that in some cases are still quite _______.",尽管越来越多的证据表明食用全谷物与长期健康之间存在正相关关系，但在观察性研究与阐明相关机制之间仍存在研究空白，而在某些情况下，这些机制依然相当模糊不明。,ineffective,speculative,unproductive,obscure,unsubstantiated,opaque,obscure,opaque,obscure,opaque
656,"By eating tiny organisms and incorporating their prey’s nutrients into their own bodies, large insects become nutrient packages for larger insectivores for whom the pursuit of tiny organisms would be _______.",大型昆虫通过捕食微小生物并将猎物的养分转化为自身身体的一部分，从而为更大型的食虫动物提供了现成的营养包，对这些更大型食虫动物来说，直接捕食微小生物在能量获取上是得不偿失的。,unwieldy,insalubrious,unremunerative,unnecessary,inopportune,unprofitable,unremunerative,unprofitable,unremunerative,unprofitable
657,"Although streams of solar particles cause beautiful auroras—the northern and southern lights—sometimes their consequences are less _______: their electromagnetic effects, for instance, can overload power grids and damage orbiting satellites.",尽管太阳粒子流会形成美丽的极光（北极光和南极光），但有时它们带来的后果并不那么无害：例如，它们的电磁效应会使电网过载并损坏在轨卫星。,spectacular,significant,benign,consequential,innocuous,palpable,benign,innocuous,benign,innocuou
658,"Certainly, the drive to make safety a corporate priority is _______, but whether it will be enough to create the necessary change in corporate culture is another matter; organizational inertia can be a powerful force.",诚然，将安全作为企业首要任务的举措是明智合理的，但它是否足以在企业文化中带来必要的改变则是另一回事；组织的惰性可能是一股强大的阻力。,revolutionary,sound,critical,prudent,irresistible,inexorable,sound,prudent,sound,prudent
659,"In a time when so much new concert music failed to speak to listeners, the composer’s symphonies expressed with _______ wit and scorching emotional power the tragic history he lived through.",在许多新音乐会作品无法引起听众共鸣的时代，这位作曲家的交响乐以辛辣尖锐的机智和炽烈强烈的情感力量，表达了他所经历的悲剧性历史。,torpid,insouciant,patronizing,caustic,phlegmatic,stinging,caustic,stinging,caustic,sting
660,"Interest in the recovery of lost works by Brazilian women writers is growing as scholars increasingly recognize writing by Brazilian women as inherently worth study, not as _______ writing by Brazilian men.",随着学者们越来越认识到巴西女性作家的作品本身就具备研究价值，而不是作为巴西男性作家作品的附属品，人们对发掘巴西女性作家失佚作品的兴趣日益浓厚。,divergent from,ancillary to,interchangeable with,antithetical to,subsidiary to,complimentary to,ancillary to,subsidiary to,ancillary to,subsidiary to
661,"Recent research has shown that memories are not unchanging physical traces in the brain; instead, they are constructs that are _______, rebuilt every time they are recalled.",最近的研究表明，记忆并不是大脑中一成不变的物理痕迹；相反，它们是具有可塑性的构建体，每次被回忆起时都会被重新构建。,complex,intricate,fragile,malleable,ephemeral,pliable,malleable,pliable,malleable,pliable
662,"Technology does not have an inherently _______ effect on society; in fact, some technological advances have counteracted social changes that were reducing economic inequality.",技术对社会并没有内在的平权均等化效应；事实上，某些技术进步反而抵消了原本在减少经济不平等的社会变革。,leveling,pernicious,corrupting,beneficial,unsound,equalizing,leveling,equalizing,level,equaliz
663,"Tycho Brahe had assigned Kepler the task of deriving parameters for the model of Mars, a particularly _______ problem, which had stymied others because the large eccentricity of Mars exposed the inadequacies of the model itself.",第谷·布拉赫曾给开普勒布置了为火星轨道模型推导参数的任务，这是一个特别棘手顽固的问题，曾令其他人束手无策，因为火星较大的偏心率暴露了模型本身的缺陷。,novel,recalcitrant,intractable,crucial,profound,treacherous,recalcitrant,intractable,recalcitrant,intractable
664,"The geometry student struggled with the request to demonstrate the _______ proposition, feeling that, since opposite angles were self-evidently equal, there was no need for a proof.",这位几何学学生对于被要求证明这个显而易见的命题感到困扰，他觉得既然对顶角显然相等，就根本没有必要进行证明。,patent,nebulous,arcane,manifest,illogical,plausible,patent,manifest,patent,manifest
665,"Because it has usually been impossible to eradicate exotic species once they have become established, it is _______ to minimize introductions of species that have substantial probabilities of unwanted impacts.",由于外来物种一旦扎根通常就无法被彻底根除，因此尽量减少引入极有可能产生不良影响的物种才是明智审慎之举。,prudent,customary,provident,superfluous,essential,pointless,prudent,provident,prudent,provident
666,"A number of researchers have questioned the long-held assumption that decision making is _______, arguing instead that most behavior is relatively automatic.",许多研究人员对长期以来认为决策是经过深思熟虑的这一假设提出了质疑，他们转而认为大多数行为都是相对自动化的反应。,calculable,deliberate,mechanical,predictable,contentious,calculated,deliberate,calculated,deliberate,calculate
667,Eubank’s efforts to facilitate _______ between the two sides came to nothing but could be seen as an early blueprint for the historic agreement between the sides over ten years later.,尤班克为促进双方和解所做的努力最终化为泡影，但它可以被视为十多年后双方达成历史性和解协议的早期蓝图。,an alliance,a rapprochement,a conversation,a reconciliation,an altercation,a quarrel,a rapprochement,a reconciliation,rapprochement,reconciliation
668,"Many types of rocks contain small voids that _______ vibrations: the greater the proportion of a rock’s volume that is void, the more gradually vibrations travel through it.",许多类型的岩石都含有能够缓冲震动的微小孔隙：岩石中孔隙所占体积的比例越大，震动在其中传播的速度就越慢。,amplify,dampen,generate,impede,produce,deadened,dampen,impede,dampen,impede
669,"The landmasses that form our continents are notably _______: they are plates of rock continuously shifting around within the Earth’s crust, in movements that are not just horizontal but also vertical.",构成我们大陆的陆块显著地处于不断变迁移动的状态：它们是在地壳内不断漂移的岩石板块，其运动不仅是水平方向的，也是垂直方向的。,coordinated,dispersed,itinerant,ancient,peripatetic,scattered,itinerant,peripatetic,itinerant,peripatetic
670,"Deeply self-righteous, the artists defended their new aesthetic principles against a hidebound critical establishment whose mockery only reinforced the artists’ belief in the _______ of traditional aesthetics.",这些极为自以为是的艺术家在顽固守旧的评论界权威面前捍卫他们的新美学原则，而后者的嘲弄反而更加坚定了这些艺术家关于传统美学已经彻底枯竭破产的信念。,shortsightedness,fickleness,exhaustion,destructiveness,changeability,bankruptcy,exhaustion,bankruptcy,exhaustion,bankruptcy
671,"Evidence of the human brain’s _______ abounds: violinists, for example, tend to have larger cortical areas devoted to processing signals from their fingering hands than do non-violinists.",证明人脑具备可塑性的证据比比皆是：例如，小提琴手大脑中用于处理按弦手信号的皮层区域往往比非小提琴手更大。,synchronicity,flexibility,complexity,malleability,vulnerability,sensitivity,flexibility,malleability,flexibility,malleability
672,"The playwright’s political activity on behalf of imprisoned artists finds its artistic analogue in her _______ toward her competitors in the theater, many of them in another kind of exile.",这位剧作家代表被囚禁艺术家所开展的政治活动，在艺术层面上对应着她对剧场竞争对手的宽宏大量，而这些竞争对手中有许多正处于另一种形式的流亡之中。,affability,indifference,generosity,optimism,magnanimity,apathy,generosity,magnanimity,generosity,magnanimity
673,Personal computers have become so _______ that the use of digital evidence collected from them is now a common part of many criminal and civil investigations.,个人电脑已经变得如此普遍无处不在，以至于从中收集的数字证据现已成为许多刑事和民事调查中的常见组成部分。,ubiquitous,sophisticated,affordable,convenient,elaborate,omnipresent,ubiquitous,omnipresent,ubiquitou,omnipresent
674,"Recent advances in the study of desert varnish have been a boon to geologists, allowing them to date surface features and establish regional climate histories in _______ detail.",荒漠岩漆研究的最新进展为地质学家带来了福音，使他们能够以前所未有的详尽程度确定地表特征的年代并重建区域气候历史。,novel,realistic,unprecedented,superfluous,extraneous,surprising,novel,unprecedented,novel,unprecedent
675,"At every turn in her novels, Patricia Highsmith eschews simple distinctions between good and evil, right and wrong, choosing instead to examine how _______ such distinctions can be.",帕特里夏·海史密斯在小说中处处避开善与恶、对与错之间的简单非黑即白划分，而是选择审视这些界限可以具有何等的可塑与易变。,plastic,palpable,parochial,arbitrary,concrete,malleable,plastic,malleable,plastic,malleable
676,"The proliferation of the zombie in contemporary popular culture is _______: from novels and comic books to video games and performance art, in smartphone applications and in homemade films zombies are ubiquitous.",丧尸在当代流行文化中的泛滥是显而易见的：从小说、漫画到电子游戏和行为艺术，在智能手机应用和自制电影中，丧尸无处不在。,mesmerizing,unprecedented,lamentable,disputable,deplorable,obvious,unprecedented,obvious,unprecedent,obviou
677,"Smil’s analysis of climate change is even more _______ than that supplied by most well-informed writers, and thus deserves serious consideration.",斯米尔对气候变化的分析甚至比大多数消息灵通的作家所提供的分析更加细腻深刻而复杂，因此值得予以认真考量。,nuanced,unoriginal,complex,derivative,partisan,compelling,nuanced,complex,nuanc,complex
678,"Many readers are bemused to discover that Ella Wheeler Wilcox’s book Poems of Passion was thought to be _______ when it was published in 1883, as the book seems fairly innocuous.",许多读者在发现艾拉·惠勒·威尔科克斯的诗集《激情之诗》在1883年出版时曾被认为是有伤风化、骇人听闻的作品时感到困惑不解，因为这本书在今天看来相当温和无害。,scandalous,radical,unseemly,uninteresting,pedestrian,eccentric,scandalous,unseemly,scandalou,unseemly
679,"When Gustave Flaubert wrote a rabidly depressed letter to his friend George Sand, she responded with a maternal nudge; typical of their correspondence, she liked to pretend that his _______ was an affectation.",当居斯塔夫·福楼拜给好友乔治·桑写了一封极度沮丧消沉的信时，乔治·桑以母亲般的关切做出了回应；在她与福楼拜的书信往来中，她习惯于将他的绝望苦闷假装看作是一种故作姿态。,bravado,smugness,abjection,swagger,wretchedness,irascibility,abjection,wretchedness,abjection,wretchedness
680,"Although Wanda Coleman’s sonnets sometimes employ _______ word choices, they aptly bring to the fore a distinctly modern anxiety.",虽然万达·科尔曼的十四行诗有时会采用陈旧古雅的词汇，但它们恰如其分地凸显出一种鲜明的现代焦虑。,ambiguous,archaic,puzzling,surprising,fusty,disturbing,archaic,fusty,archaic,fusty
681,"Augustus, the first emperor of Rome, was celebrated for his moderation and temperate living, qualities that would distinguish him from so many of his _______ successors.",罗马第一任皇帝奥古斯都因其克制与节俭的生活方式而广受赞誉，这些品质使他与随后许多骄奢淫逸的继任者截然不同。,radical,sybaritic,tyrannical,hedonistic,despotic,dogmatic,sybaritic,hedonistic,sybaritic,hedonistic
682,The bird-watchers’ _______ distinguishing personal interpretations from factual observations was a liability in their stated goal of obtaining objective information about the everyday behavior of ravens.,观鸟者在区分个人主观解读与客观事实观察方面的拙劣能力，成为他们获取乌鸦日常行为客观信息这一既定目标的阻碍。,zeal for,exactness in,ineptitude at,maladroitness in,indifference toward,fervor for,ineptitude at,maladroitness in,ineptitude,maladroitness in
683,"Although political debates supposedly exist to inform viewers about the candidates’ policy positions, these debates are often _______ by critics who see them as occasions for evasion and posturing.",尽管政治辩论理应是为了让选民了解候选人的政策立场，但这些辩论往往遭到批评者的抨击与贬低，批评者认为这些辩论不过是政客闪烁其词和摆姿态作秀的场合。,ignored,evaluated,decried,maintained,disparaged,sustained,decried,disparaged,decry,disparag
684,"Leaders within the Native American culture known as Fort Ancient differed from those of the neighboring Mississippian groups, whose authority was often _______: indeed, one expert has described the Fort Ancient society as intensely egalitarian.",被称为“古代堡垒文化”的美洲原住民领袖与邻近密西西比人群体的领袖截然不同，后者的权威往往带有强迫专制的色彩：事实上，一位专家将古代堡垒文化社会描述为高度平等的社会。,quixotic,dubious,uncertain,coercive,efficacious,imperious,coercive,imperious,coercive,imperiou
685,Scientists generally agree that causal inferences in well-designed experiments are more reliable than such inferences in purely observational contexts because most uncontrolled variables are _______ in the laboratory environment.,科学家普遍认为，精心设计的实验中的因果推断比纯粹观察环境中的因果推断更可靠，因为在实验室环境中大多数不受控制的变量都被排除消除了。,excluded,pronounced,exaggerated,overlooked,distorted,obviated,excluded,obviated,exclude,obviate
686,To say that John Adams was forthright was to be _______; friends as well as enemies were more likely to characterize his stark honesty and direct manner as blunt and awkward.,说约翰·亚当斯性格直率已经是相当客气宽容的说法了；无论是朋友还是敌人都更倾向于将他那种毫不掩饰的坦白和直截了当的方式描述为粗鲁生硬与不知变通。,fickle,charitable,facetious,unreasonable,forbearing,capricious,charitable,forbearing,charitable,forbear
687,"The Chancellor castigated one regime for its mistreatment of political opponents, whereas he inexplicably _______ another that had committed similar acts.",这位总理严厉斥责了一个政权虐待政敌的行为，却令人费解地为另一个犯下类似罪行的政权开脱罪责。,adjured,exculpated,impugned,neglected,cosseted,absolved,exculpated,absolved,exculpate,absolv
688,"In order to justify a life spent wandering across some of the world’s farthest corners, travel writer Bruce Chatwin noted that humans are _______ by nature: there seems to be a roaming instinct embedded in our genes.",为了证明自己在世界一些最偏远的角落流浪的生活是合理的，旅行作家布鲁斯·查特文指出人类天生就具有四处漫游的本性：我们的基因中似乎植入了一种漫游本能。,inquisitive,itinerant,peripatetic,gregarious,sociable,curious,itinerant,peripatetic,itinerant,peripatetic
689,"While Takaezu’s ceramic pieces are highly distinctive, her body of work as a whole can feel _______ to critics who wish to track it since she has never dated or conscientiously documented her creations.",尽管高江洲敏子（Takaezu）的陶瓷作品极具特色，但对于希望系统梳理其创作脉络的评论家而言，她的整体作品可能会让人感到界限模糊且缺乏系统，因为她从未给自己的创作标明日期或认真记录。,edifying,nebulous,austere,anachronistic,instructive,amorphous,nebulous,amorphous,nebulou,amorphou
690,A danger of writing urban history is the temptation to fall into the _______ and then to learn that only a rare few will be interested in reading your overly specialized account of lost times.,撰写城市历史的一个危险在于容易陷入狭隘的地方主义，随后才发现几乎没有人会有兴趣阅读你对逝去岁月的过度专门化叙述。,sensational,quixotic,provincial,impractical,subversive,parochial,provincial,parochial,provincial,parochial
691,"Over the past hundred years, numerous experiments on elementary particles have _______ the classical paradigm of a causal, deterministic universe by showing that some natural phenomena are truly random.",在过去一百年间，大量基本粒子实验通过证明某些自然现象确实是随机的，颠覆了因果决定论宇宙的经典范式。,augmented,supported,upended,investigated,undermined,probed,upended,undermined,upend,undermin
692,"Concerned to upend the standard top-down approach to game design, Flanagan calls on game designers to _______ the typical model with one that is less hierarchical.",为了打破标准自上而下的游戏设计方法，弗拉纳根呼吁游戏设计师用一种层级较弱的模式来取代传统模式。,augment,supplant,assail,amplify,modify,replace,supplant,replace,supplant,replace
693,"Some species of the genus Daphnia (commonly known as water fleas) are phenotypically _______, altering their diurnal migration behavior and developing exaggerated morphological defenses in response to predators.",溞属（俗称水蚤）的某些物种在表型上具有可塑性，它们会针对捕食者改变昼夜垂直迁移行为，并发展出夸张的形态防御特征。,immutable,methodical,determinate,plastic,arbitrary,pliable,plastic,pliable,plastic,pliable
694,"Jimi Hendrix was a pivotal figure in the visionary aesthetic movement known as Afrofuturism, which is steeped in African American musical tradition yet _______ technological innovation, from synthesizers to spaceships.",吉米·亨德里克斯是被称为“非洲未来主义”的前瞻性美学运动的关键人物；该流派深深植根于非裔美国人的音乐传统，却又对从合成器到太空飞船的各种技术创新深感着迷。,circumspect about,indebted to,enthralled by,wary of,captivated by,heedful of,enthralled by,captivated by,enthrall by,captivate by
695,"While lunar geology may appear to be a relatively _______ area of planetary science, it is important to realize that the Moon’s surface and interior retain records that shed light on the histories of all terrestrial planets.",尽管月球地质学看似只是行星科学中一个相对狭窄的领域，但必须认识到，月球的表面和内部保留着揭示所有类地行星历史的记录。,parochial,insignificant,narrow,new,straightforward,novel,parochial,narrow,parochial,narrow
696,"Frequently blamed for making _______ coverage decisions, insurance companies are eager to avoid additional bad press.",保险公司经常因做出冷酷无情的承保赔付决定而饱受指责，因此急于避免招致更多的负面报道。,heartless,unfair,parsimonious,callous,definitive,conclusive,heartless,callous,heartless,callou
697,"Beauford Delaney’s dynamic depictions of Harlem and Greenwich Village, dating from 1929 to 1953, _______ the energy of the city, while the equally captivating abstract compositions from his Paris years of 1953 to 1979 demonstrate his sustained exploration of color.",博福德·德莱尼创作于1929年至1953年间对哈莱姆区和格林威治村的生动描绘传达了这座城市的活力，而他在1953年至1979年巴黎时期同样引人入胜的抽象画作则展现了他对色彩的持续探索。,authenticate,convey,elicit,impart,stifle,suppress,convey,impart,convey,impart
698,"While spectroscopy may be an obscure tool, there is nothing correspondingly _______ about claims concerning its importance: it proved that the rest of the universe is built from the same kinds of atoms as we are.",尽管光谱学可能是一种鲜为人知的工具，但关于其重要性的主张却毫无深奥晦涩之处：它证明了宇宙的其他部分与我们一样是由同种原子构成的。,banal,arcane,esoteric,prosaic,equivocal,self-evident,arcane,esoteric,arcane,esoteric
699,"Most children overgeneralize the rule that to form a plural you add “s”—saying “foots,” for example, instead of “feet”—but they become grammatically more _______ as they get older.",大多数儿童会过度套用加“s”构成复数的规则——例如说“foots”而不是“feet”——但随着年龄增长，他们在语法上会变得更加熟练。,exacting,succinct,adroit,playful,skillful,creative,adroit,skillful,adroit,skillful
700,"Despite their current reputation, the original Luddites were neither opposed to innovative technology nor _______ using it: many were highly skilled machine operators in the textile industry.",尽管最初的卢德派分子如今名声不佳，但他们既不反对创新技术，也不拙于使用这些技术：其中许多人曾是纺织行业高技能的机器操作工。,inept at,enamored of,resistant to,unequal to,enthralled by,unfazed by,inept at,unequal to,inept,unequal to
701,"The author’s comparisons of Sontag’s work to that of Walter Benjamin are _______: while the former is admittedly an influential figure, the latter is undoubtedly one of the most important critics of his era.",作者将桑塔格的作品与瓦尔特·本雅明的作品相提并论是言过其实的：虽然前者固然是一位有影响力的人物，但后者无疑是他那个时代最重要的评论家之一。,overblown,inflated,engaging,misleading,revealing,apt,overblown,inflated,overblown,inflate
702,The author’s description of the _______ contamination of ocean water with plastic material—and resulting threat to marine life—constitutes a valuable lesson in the urgency of managing trash more responsibly than we currently do.,作者对塑料垃圾在海水中无处不在的污染及其对海洋生物所造成威胁的描述，深刻说明了以比目前更负责任的方式处理垃圾的紧迫性。,inadvertent,ubiquitous,perilous,pervasive,abating,diminishing,ubiquitous,pervasive,ubiquitou,pervasive
703,What Dr. Walther has shown is that many of the standard statistical techniques that are supposed to insure against _______ correlations are inadequate in this case.,瓦尔瑟博士的研究表明，许多原本旨在防范虚假相关的标准统计技术在这种情况下是不充分的。,numerical,specious,elementary,paltry,quantifiable,spurious,specious,spurious,speciou,spuriou
704,The team of physicists regarded the data as too _______ not to study with fresh eyes and fresh questions.,物理学家团队认为这些数据过于反常特殊，以至于不能不由全新的视角和全新的问题来加以深入研究。,anomalous,singular,implausible,incidental,confounding,ancillary,anomalous,singular,anomalou,singular
705,"Taxonomy has gained a reputation as _______ science, a reputation that is not mitigated by the incessant changing of the names of organisms and the seemingly haphazard approach taken to the definition of taxa.",分类学落得了一个武断随意的学科名声，而生物名称的不断变动以及对分类群定义看似随意的方式，并未减轻这种负面名声。,an arcane,an arbitrary,an exacting,a rigorous,an obstinate,a capricious,an arbitrary,a capricious,arbitrary,capriciou
706,"As the global climate warms, some deserts, expanding to higher latitudes, are beginning to _______ fertile regions.",随着全球气候变暖，一些向更高纬度扩张的沙漠正开始取代肥沃的土地。,augment,endanger,destroy,displace,supplant,enrich,displace,supplant,displace,supplant
707,"The plays of Alice Childress (1916-1994) often present Black women in confrontations that rearrange what qualifies as _______ behavior: Childress’s heroines, for example, often question the social protocols limiting the content of public conversations.",爱丽丝·柴尔德里斯（1916—1994）的戏剧经常展现黑人女性在冲突中的表现，重新定义了何为常规规范行为：例如，柴尔德里斯笔下的女主角常常质疑限制公众对话内容的社交礼仪。,conventional,normative,surreptitious,exemplary,altruistic,magnanimous,conventional,normative,conventional,normative
708,A glance at the night sky may suggest that the universe is _______: the tableau of stars seen last night appears virtually identical to the one that fascinated our ancestors thousands of years ago.,抬头仰望夜空可能会让人觉得宇宙是静止不变的：昨夜看到的繁星图景与数千年前吸引我们祖先的星空看起来几乎毫无二致。,desolate,quiescent,boundless,infinite,invariant,static,invariant,static,invariant,static
709,"Because organisms can’t _______ sodium, as they can do with nitrogen, carbon, and phosphorus, they need external sources to replenish this vital element constantly.",由于生物体无法像储存氮、碳和磷那样在体内储存钠元素，因此它们需要外部来源来不断补充这种必需元素。,incorporate,metamorphose,sequester,discharge,transform,warehouse,sequester,warehouse,sequester,warehouse
710,The appropriateness of _______ with those to whom one owes loyalty is evident in the Confucian view that rulers who are not living up to their roles should be urged to rectify their behavior.,儒家主张应当劝诫没有尽到职责的统治者纠正其行为，这清楚地表明向自己效忠的对象提出规劝谏言是完全正当的。,commiserating,collaborating,negotiating,expostulating,sympathizing,remonstrating,expostulating,remonstrating,expostulat,remonstrat
711,"The dating of the prehistoric monument Stonehenge necessarily entails a great deal of speculation, with the result that several rather _______ chronologies have been proposed.",对史前巨石阵遗址的年代测定必然伴随着大量的推测，导致人们提出了几种截然不同且互不一致的年代序列。,impenetrable,meticulous,disparate,inconsonant,confounding,apposite,disparate,inconsonant,disparate,inconsonant
712,"Williams argues that philosophy has become _______ occupation these days, and that it should rather be “part of a more general attempt to make the best sense of our life.”",威廉斯认为，如今哲学已经变成了一种深奥晦涩的行当，而它本应是“为了更好理解我们的生活而进行的更广泛尝试的一部分”。,a recondite,a challenging,an esoteric,an exacting,a salacious,an altruistic,a recondite,an esoteric,recondite,esoteric
713,"The writer’s expression of _______ sentiments in fluid, vigorous prose is a strange blending of the high and the low—like an opera performed by sloppily dressed, unkempt musicians.",该作者用流畅强健的散文表达低劣卑俗的情感，呈现出一种雅俗混杂的奇异结合——宛如衣衫不整、蓬头垢面的乐师所演奏的歌剧。,patriotic,vile,noble,base,tender,lofty,vile,base,vile,base
714,"Researchers studying India’s monsoon weather have evaluated more than 100 years of rain gauge data; _______ such information, South American scientists are forced to reconstruct centuries of monsoon history by analyzing lake-bottom sediment cores.",研究印度季风气候的研究人员评估了100多年的雨量计数据；由于缺乏此类信息，南美洲科学家不得不通过分析湖底沉积物岩芯来重建数个世纪的季风历史。,verifying,lacking,utilizing,employing,wanting,confirming,lacking,wanting,lack,want
715,"The author’s point is not that people should be _______ science; he is careful to point out that what science is discovering about humans, for example, is certainly important and worthy of careful consideration.",作者的观点并非认为人们应该轻视科学；他十分谨慎地指出，例如科学对人类的发现无疑非常重要，值得认真对待。,skeptical toward,dismissive of,ignorant of,zealous regarding,scornful of,passionate about,dismissive of,scornful of,dismissive of,scornful of
716,"Land near Bangladesh’s coastal rivers is _______: temporary islands, or chars, form in the main river as sediments are deposited and then disappear during floods.",孟加拉国沿海河流附近的土地是短暂易逝的：泥沙沉积在主流中形成临时岛屿（沙洲），随后又在洪水期间被冲刷消失。,fecund,scant,ephemeral,exiguous,transitory,treacherous,ephemeral,transitory,ephemeral,transitory
717,"Some critics, noting the power of photographs to manipulate perceptions, _______ the photographer’s work for intentionally misrepresenting its subjects.",一些评论家注意到摄影作品操纵公众认知的力量，严厉谴责该摄影师的作品故意歪曲其拍摄对象。,lambasted,exculpated,lauded,scrutinized,censured,shunned,lambasted,censured,lambast,censur
718,"Reading proved liberating for the young Frederick Douglass, since it _______ concepts and narratives that confirmed and illuminated his experiences.",阅读对年轻的弗雷德里克·道格拉斯而言是一种解放，因为阅读提供了能够印证并阐明他自身经历的概念与叙事。,provided,clarified,challenged,anticipated,furnished,summarized,provided,furnished,provide,furnish
719,Technological developments in the nineteenth century took longer to _______ than they do today: many of that century’s advances were known to scientists but not to average people.,19世纪的技术成果传播扩散所需的时间比现在更长：那个时期的许多科技进步科学家们早已知晓，却未能普及到普通大众。,occur,propagate,accelerate,multiply,spread,increase,propagate,spread,propagate,spread
720,"The scientific study of laughter faces a frustrating paradox: ideal experiments take place in rigidly controlled environments with all but the most salient variables eliminated, but such sterile settings are often _______ laughter.",对笑的科学研究面临着一个令人沮丧的悖论：理想的实验环境需要受到严格控制，排除除最显著变量以外的所有变量，但这种毫无生气的刻板环境往往不利于笑声的产生。,inimical to,devoid of,subverted by,adverse to,replete with,rife with,inimical to,adverse to,inimical to,adverse to
721,"One of the incongruities of modern industry, according to Reck and Graedel, is that we manufacture modern products with the most sophisticated technologies available yet generally adopt relatively _______ approaches to recycling them.",雷克和格雷德尔指出，现代工业的不协调之处之一在于，我们采用现有的最尖端技术来制造现代产品，但在回收利用它们时却普遍采用相对原始粗糙的方法。,economical,basic,crude,conventional,inefficient,inexpensive,basic,crude,basic,crude
722,The online discussion became so ferocious that some participants were reluctant to continue logging in for fear of being confronted with yet another _______.,这场网络讨论变得异常激烈，以至于一些参与者因害怕面对又一次长篇大论的抨击怒斥而不再愿意登录。,platitude,harangue,rant,panegyric,eulogy,disquisition,harangue,rant,harangue,rant
723,"Because the country’s media are now operating freely and the electoral authorities have been changed, there should be no repeat of the _______ of last year’s election, when media coverage and vote counts were manipulated by the intelligence agency.",由于该国媒体现已自由运作，选举管理机构也已改组，去年大选中媒体报道和计票遭情报机构操纵的欺诈诡计应当不会重演。,chicanery,blundering,ingenuousness,naïveté,vindictiveness,subterfuge,chicanery,subterfuge,chicanery,subterfuge
724,The number of recent interviews and television appearances suggests that the formerly _______ politician has done an about-face.,近期接受采访和在电视上露面的频繁程度表明，这位过去沉默寡言的政客态度彻底改变了。,obdurate,taciturn,acerbic,reticent,loquacious,mordant,taciturn,reticent,taciturn,reticent
725,A strong basic science program can be _______: the rate of return on capital invested in basic science is about three times that of capital invested in applied research and development.,一个强有力的基础科学项目可以是收益丰厚的：投资于基础科学的资本回报率大约是投资于应用研发的三倍。,idealistic,remunerative,lucrative,transcendent,feasible,radical,remunerative,lucrative,remunerative,lucrative
726,"Though initially presented in a blaze of hyperbole, the thesis is stated more _______ in the ensuing paragraphs.",尽管该论点最初是以极其夸张的言辞提出的，但在接下来的段落中阐述得更加理智客观。,humbly,levelheadedly,pretentiously,convincingly,showily,soberly,levelheadedly,soberly,levelheadedly,soberly
727,"According to Peter Kwapong, rural Ghanaian farmers, despite regarding stingless bees as useful animals, by and large have not _______ the bees as economic resources.",根据彼得·夸庞的说法，加纳农村的农民尽管认为无刺蜂是有益昆虫，但总体上尚未将这种蜜蜂作为经济资源加以开发利用。,recognized,discounted,exploited,utilized,monopolized,downplayed,exploited,utilized,exploit,utilize
728,"Mary Isin’s book on Turkish sweets is written in the celebratory mode, yet many of the chapters also have _______ quality since quite a few of the desserts she writes about have largely disappeared.",玛丽·伊辛关于土耳其甜点的书是以赞美歌颂的笔调写成的，然而许多章节也带有一种哀伤挽歌般的特质，因为她所描写的不少甜点已基本绝迹。,a mournful,an embittered,an elegiac,a pensive,a lackadaisical,a nonchalant,a mournful,an elegiac,mournful,elegiac
729,"While the _______ of reliable sources in later narratives makes many details of the early history of China’s Zhou dynasty unverifiable, the Zhou rulers’ successful rise to power is certain.",尽管后世叙述中可靠史料的匮乏使得中国周朝早期历史的许多细节无法考证，但周朝统治者成功崛起掌权却是确凿无疑的。,dearth,ambiguity,paucity,opacity,authenticity,credibility,dearth,paucity,dearth,paucity
730,"In modern agriculture, crop growth and crop protection can be viewed as _______ processes: by encouraging rapid growth with generous fertilizer treatments we may in some cases unintentionally reduce the ability of plants to defend themselves.",在现代农业中，作物生长与作物保护可被视为相互冲突对立的过程：通过大量施肥促进作物快速生长，有时可能会无意中降低植物自我防御的能力。,reciprocal,autonomous,competing,harmful,antagonistic,independent,competing,antagonistic,compet,antagonistic
731,"Although collisions between the largest planetesimals in a planetesimal belt are _______, they can release large amounts of debris when they occur.",尽管微行星带中最大微行星之间的碰撞十分罕见，但碰撞一旦发生，就会释放出大量的碎片。,risky,exceptional,irregular,violent,rare,powerful,exceptional,rare,exceptional,rare
732,The _______ markings on some prehistoric bone and antler fragments could be accidents or the result of doodling but may also represent a form of communication such as tally marks or even early calendars.,某些史前骨骼和鹿角残片上神秘莫测的刻痕可能是意外造成的或随手涂鸦的结果，但也可能代表着某种交流形式，例如计数符号甚至是早期的历法。,purposeful,enigmatic,random,inscrutable,conspicuous,deliberate,enigmatic,inscrutable,enigmatic,inscrutable
733,"A recent discussion on biological development promotes “organicism” as a scientifically _______ view, one which the authors quickly distinguish from the dubious and metaphysically laden “vitalism”.",最近一项关于生物发育的讨论将“机体论”推崇为一种在科学上站得住脚的观点，作者们迅速将其与可疑且充斥形而上学色彩的“活力论”区分开来。,productive,unambiguous,tenable,suspect,feasible,questionable,tenable,feasible,tenable,feasible
734,"In her study of the composer, Fiona Richards fearlessly digs into biographical details, avoiding the _______ found in the work of other, more circumspect biographers.",菲奥娜·理查兹在对这位作曲家的研究中毫不畏缩地深入挖掘传记细节，避免了其他更为谨慎的传记作家作品中常见的含糊其辞与犹豫摇摆。,hagiography,vacillation,muckraking,scandalmongering,forbearance,equivocation,vacillation,equivocation,vacillation,equivocation
735,"Automated text-matching and plagiarism-detection services must be _______ human expertise: machines alone cannot detect plagiarism of ideas, that is, expressing someone else’s idea in one’s own words.",自动文本匹配和抄袭检测服务必须辅以人类的专业知识：仅凭机器无法检测出思想层面的抄袭，即用自己的语言转述他人的思想。,developed by,supplemented with,resistant to,augmented by,impenetrable to,compatible with,supplemented with,augmented by,supplement with,augment by
736,"The 1966 Mexican art exhibition “Confrontation 66” seemed to define the Mexican art world as one in which political alignment was _______, yet painter Joy Laville rose to prominence with paintings devoid of contentiousness.",1966年墨西哥举办的“对抗66”艺术展似乎将墨西哥艺术界定义为一个政治站队不可避免的领域，然而画家乔伊·拉维尔却凭借毫无争议冲突色彩的画作声名鹊起。,inconsequential,ineluctable,requisite,perilous,pointless,obligatory,ineluctable,requisite,ineluctable,requisite
737,"Just as the short strings of a violin cannot produce the deep, long-wavelength notes of a double bass, so photons—which are vibrations not of strings but of electromagnetic fields—are _______ by the physical characteristics of objects that conduct electricity.",正如小提琴的短弦无法发出低音提琴深沉的长波长音符一样，光子——即电磁场而非琴弦的振动——也受到导电物体物理特性的限制与约束。,conveyed,bound,amplified,thwarted,transmitted,circumscribed,bound,circumscribed,bind,circumscrib
738,"In medieval China, the Confucian emphasis on rites as an outward manifestation of virtue explains Chinese bureaucrats’ _______ the accurate performance of tributary rituals by foreigners at the imperial court.",在中国古代中世纪时期，儒家将礼仪视作美德外在体现的强调，解释了朝廷官员对外国人在朝廷上准确行使朝贡礼仪的极度关注与执着。,ambivalence toward,preoccupation with,proficiency with,obsession with,regard for,anticipation of,preoccupation with,obsession with,preoccupation with,obsession with
739,"The breathless pace of the Broadway adaptation of Alice Walker’s The Color Purple was _______, given the adaptation’s determination to cram in so many of the incidents that appear in the original source.",鉴于百老汇改编版《紫颜色》（改编自爱丽丝·沃克的作品）执意塞入原著中出现的如此之多的情节，其令人喘不过气来的紧凑节奏是不可避免的。,unremarkable,inevitable,surprising,excessive,unavoidable,unexpected,inevitable,unavoidable,inevitable,unavoidable
740,"The big bang is actually a relatively _______ idea, scientifically speaking; just a few decades ago, the big bang would have been hotly contested, and a few decades before that, it hadn’t even been considered.",从科学角度来看，大爆炸理论实际上是一个相对新颖的想法；就在几十年前，大爆炸假说还会引发激烈争论，而在那之前的几十年，人们甚至根本没有考虑过这种设想。,novel,straightforward,controversial,recent,contentious,uncomplicated,novel,recent,novel,recent
741,The author illustrates her book about mid-nineteenth-century Paris with photographs revealing the _______ conditions that prevailed in the city: sewage can be seen draining onto streets lined with crumbling buildings.,作者在她关于19世纪中叶巴黎的著作中配以照片，揭示了当时笼罩该市的恶劣不卫生的环境：照片中可以看到污水直接排入两旁伫立着残破建筑的街道上。,dreary,ambiguous,obscure,noxious,ramshackle,insalubrious,noxious,insalubrious,noxiou,insalubriou
742,"“Revolutionary” and “unique” are words that have become _______: every century in human history is described as unique, and every year, somewhere in the world, some event is characterized as revolutionary.",“革命性的”和“独一无二的”已经成了被过度使用的陈词滥调：人类历史上的每一个世纪都被描述为独一无二，而每一年世界上某个地方的某起事件都会被冠以革命性的特征。,overused,interchangeable,confused,distorted,trite,contentious,overused,trite,overus,trite
743,So great is the reputation of the artist Gilbert Stuart (1755-1828) for _______ that some modern specialists routinely discount assertions that he made in correspondence with owners of his paintings.,艺术家吉尔伯特·斯图尔特（1755—1828）说谎掩饰的名声是如此之大，以至于一些现代专家通常会对他与画作主人的书信中所作的陈述打折扣。,self-aggrandizement,parsimony,opportunism,dissembling,mendacity,miserliness,dissembling,mendacity,dissembl,mendacity
744,"In the 1990s, the limited color palette of display screens was _______: the electronics industry, working through a United Nations agency, adopted a worldwide standard color gamut that all televisions should be able to display.",20世纪90年代，显示屏有限的色彩范围被正式规范化：电子工业界通过联合国的一个机构确立了所有电视机都应能显示的全球标准色域。,codified,encrypted,enforced,expanded,formalized,denounced,codified,formalized,codify,formalize
745,"Researchers who study pollinator behavior are increasingly interested in multicomponent floral signals, but they often focus on how individual components are learned by pollinators rather than on the benefit of signal _______ per se.",研究传粉媒介行为的研究人员对复合花卉信号越来越感兴趣，但他们往往侧重于传粉昆虫如何学习各个单独成分，而不是信号本身的复杂性所带来的益处。,complexity,stability,intensity,variation,intricacy,diversity,complexity,intricacy,complexity,intricacy
746,"Herodotus is not _______ concerning some of the more fantastic stories related in his History: as he repeatedly observes, “I must tell what is said, but I am not at all bound to believe it.”",希罗多德对于他在《历史》中所记述的某些更为荒诞离奇的故事并不轻信：正如他反复强调的那样，“我必须记录人们所说的话，但我完全没有义务去相信它。”,credulous,loquacious,gullible,arrogant,ignoble,voluble,credulous,gullible,credulou,gullible
747,"Aboriginal people of Victoria, Australia, neither rejected Western material culture nor demonstrated an obsession with it; in fact, Western artifacts such as pipes and handkerchiefs were appreciated for their symbolic rather than their _______ value.",澳大利亚维多利亚州的土著居民既没有排斥西方物质文化，也没有表现出对其痴迷；事实上，烟斗和手帕等西方物品受到青睐，是因为其象征价值而非实用价值。,utilitarian,intrinsic,communicative,aesthetic,pragmatic,theoretical,utilitarian,pragmatic,utilitarian,pragmatic
748,"That the announcement of the new treatment was greeted with _______ is hardly surprising given the claims made for it, but attitudes were markedly tempered once the paucity of supporting data became apparent.",鉴于对新疗法疗效所作的宣称，该疗法的宣布受到狂喜欢呼并不令人意外，但一旦支持性数据的匮乏显露出来，人们的态度便明显降温了。,skepticism,disbelief,euphoria,optimism,impatience,jubilation,euphoria,jubilation,euphoria,jubilation
749,"The adipose tissue in which our bodies store fat from the food we eat has traditionally been thought of as _______, but in reality this tissue constitutes a dynamic organ, not a mere repository.",身体用来储存食物脂肪的脂肪组织传统上一直被认为是惰性的，但实际上该组织是一个动态器官，绝不仅仅是一个单纯的仓库。,capacious,deleterious,inert,detrimental,passive,inessential,inert,passive,inert,passive
750,"Campbell argues that because life takes eons to get started, habitability of extrasolar planets isn’t solely determined by the balance of temperature and chemicals; it also depends on the _______ of these factors.",坎贝尔认为，由于生命需要漫长的时间才能孕育产生，太阳系外行星的宜居性不仅取决于温度与化学物质的平衡，还取决于这些因素的稳定性与持续性。,intensity,stability,makeup,volatility,harmony,persistence,stability,persistence,stability,persistence
751,"Even though it is generally accepted that some features of water clocks came to be incorporated in mechanical clocks, insufficient attention has been paid to precisely how mechanical clocks _______ water clocks.",尽管人们普遍认为水钟的某些特征被融入了机械钟之中，但对于机械钟究竟是如何源自水钟的，目前关注还远远不够。,existed with,occurred with,derived from,superseded,influenced,stemmed from,derived from,stemmed from,deriv from,stemm from
752,"The author argues that by setting the agenda, constraining the issues discussed, and crafting “talking points,” political elites are ultimately able to _______ the choices available to voters.",作者指出，政治精英通过设定议程、限制讨论议题以及精心构思“谈话要点”，最终能够限制并圈定选民所能拥有的选择范围。,explicate,obfuscate,demarcate,multiply,widen,circumscribe,demarcate,circumscribe,demarcate,circumscribe
753,"Unlike many artists, who made multiple impressions of the same image to sell and make more money, Mary Cassatt often reworked an image on different plates, as if most fascinated by the process of _______.",许多艺术家印制同一画面的多幅印张来出售牟利，玛丽·卡萨特则与之不同，她经常在不同的印版上反复修改画面，似乎对修改过程本身最为着迷。,repetition,revision,comparison,reversal,reproduction,modification,revision,modification,revision,modification
754,"Because there has been such a _______ of information about Jorge Luis Borges’ personal life, it is easy to understand the eager excitement generated by Borges, a selection from the diaries of his closest friend.",由于关于豪尔赫·路易斯·博尔赫斯个人生活的信息一直极其匮乏，因此不难理解他最亲密朋友的日记选辑《博尔赫斯》出版时所引发的热切期待与兴奋。,stream,glut,paucity,dearth,surfeit,tangle,paucity,dearth,paucity,dearth
755,"At public appearances the leader was remarkably taciturn, typically making _______ observations before turning the floor over to a colleague.",在公开露面时，这位领导人异常沉默寡言，通常在草草发表简短评论后便将发言权交给同事。,trite,insightful,inflammatory,shrewd,perfunctory,brief,perfunctory,brief,perfunctory,brief
756,"Since beavers rely on auditory signals such as the tail slap and whining and hissing, we can infer that their hearing is _______, although we don’t know the exact sensitivity and performance of their acoustical sense.",既然海狸依靠拍击尾巴、哀鸣和嘶嘶声等听觉信号，我们就可以推断它们的听觉是起作用且健全的，尽管我们尚不清楚其听觉的具体灵敏度与表现。,functional,keen,serviceable,precise,adaptable,malleable,functional,serviceable,functional,serviceable
757,"Charles Dickens is a notoriously _______ figure for biographers: as Claire Tomalin writes in her book on him, “Everyone finds their own version of Charles Dickens.”",查尔斯·狄更斯对传记作者来说是一个出了名难以捉摸的人物：正如克莱尔·托马林在她关于他的书中所写的那样，“每个人都能找到属于自己的查尔斯·狄更斯版本。”,attractive,slippery,sacrosanct,distasteful,unpalatable,elusive,slippery,elusive,slippery,elusive
758,Examination of eighteenth-century correspondence from colonial Pennsylvania reveals that men generally sent love letters to the friends and family of the women they _______ rather than to the women themselves.,对殖民时期宾夕法尼亚州18世纪书信的考证表明，男性通常会将情书寄给他们所追求女性的朋友和家人，而不是直接寄给女性本人。,coveted,courted,married,cast off,flirted with,wooed,courted,wooed,court,woo
759,"Sheila refused to patronize all-you-can-eat restaurants, for she felt that enjoying them required a certain _______ of which she disapproved.",希拉拒绝光顾自助餐厅，因为她觉得要享受自助餐就必须具备一种她所不赞同的贪吃与不知餍足。,voraciousness,frugality,parsimony,disingenuousness,insatiability,abstinence,voraciousness,insatiability,voraciousness,insatiability
760,"Veins of copper ore can be quarried from Earth’s surface, but deeper extraction requires ever more bedrock to be excavated in proportion to ore, so that such a procedure becomes increasingly _______ for mining companies.",铜矿脉可以从地表进行露天开采，但更深层的开采需要按矿石比例挖掘越来越多的基岩，因此对采矿公司而言，这种作业方式变得越来越不切实际且不可行。,pointless,protracted,lucrative,complicated,rewarding,impracticable,pointless,impracticable,pointless,impracticable
761,"Given that Mr. Harris was obviously sophisticated and worldly, his failure to do well in the position can hardly be ascribed to _______.",鉴于哈里斯先生显然成熟练达且通晓世故，他在该职位上的失败很难归咎于少不更事与幼稚天真。,sloth,callowness,indifference,naïveté,indolence,incompetence,callowness,naïveté,callowness,naïveté
762,The reliable production of usable energy through the controlled fusion of hydrogen atoms into helium remains an elusive dream: even the most ardent efforts to achieve it have thus far been _______.,通过将氢原子受控聚变为氦来可靠地生产可用能源仍是一个遥不可及的梦想：迄今为止，即使为实现这一目标所付出的最热切努力也都屡屡受挫。,concealed,debated,thwarted,maligned,veiled,frustrated,thwarted,frustrated,thwart,frustrate
763,"To describe as unrewarding a book so diligently researched and painstakingly thorough would, at first glance, seem _______.",把一本考据如此勤勉、内容如此详尽细致的书评价为劳而无益，乍看之下似乎显得不近人情且粗鲁失礼。,churlish,silly,banal,ungracious,coldhearted,cliched,churlish,ungracious,churlish,ungraciou
764,Egler’s prediction in 1947 that the introduction of mangrove trees to the Hawaiian Islands would cause sweeping ecological change was _______: extensive mangrove forests have come to displace many preexisting plant communities.,埃格勒在1947年预测将红树林引入夏威夷群岛会引发翻天覆地的生态变化，这一预见极具先见之明：大片的红树林如今已经取代了许多原有的植物群落。,accurate,premature,prescient,foresighted,optimistic,precipitate,prescient,foresighted,prescient,foresight
765,"Some zoo animals—cheetahs, pandas, and black rhinos, for instance—are reluctant to breed in captivity, while others are too _______, creating a problem for zoos when there is no more room in the cage.",某些动物园动物——例如猎豹、大熊猫和黑犀牛——不愿在圈养环境中繁殖，而另一些动物的繁殖力却过于旺盛，当笼舍没有更多空间时便给动物园带来了难题。,fertile,wild,fecund,untamed,docile,precocious,fertile,fecund,fertile,fecund
766,"Building the first United States transcontinental phone line required fundamental innovations: for example, engineers created an amplifier for the electric signals to prevent them from _______ after a few miles.",建设美国第一条横贯大陆的电话线路需要根本性的技术创新：例如，工程师发明了电信号放大器，以防止信号在传输数英里后衰减消散。,propagating,attenuating,dissipating,iterating,deviating,proliferating,attenuating,dissipating,attenuat,dissipat
767,"Early natural history collections in eighteenth-century Europe were _______: a bear’s tooth might sit incongruously alongside a piece of silverwork or, in the menagerie, a South American capybara might be housed next to an African baboon.",18世纪欧洲早期的自然史收藏从根本上讲是五花八门、杂乱并蓄的：一颗熊牙可能会突兀地摆在一件银器旁，或者在兽栏中，一只南美水豚可能与一只非洲狒狒关在一起。,painstakingly arranged,impressively comprehensive,meticulously organized,highly exotic,fundamentally miscellaneous,thoroughly eclectic,fundamentally miscellaneous,thoroughly eclectic,fundamentally,thoroughly
768,"Despite the long history of data collection on species diversity, there is a _______ of usable data.",尽管物种多样性的数据收集历史悠久，但可用数据却十分匮乏。,surfeit,wealth,variety,diminution,dearth,paucity,dearth,paucity,dearth,paucity
769,"Motorcycle riders in London have discovered an ingenious, albeit _______ way of parking illegally without getting a ticket.",伦敦的摩托车骑手发现了一种巧妙但不道德且不诚实的方法，可以违规停车而不被开罚单。,inventive,unscrupulous,astute,dishonest,impractical,shrewd,unscrupulous,dishonest,unscrupulou,dishonest
770,"Like his fellow _______ covering the campaign tour, who rarely had the luxury of spending more than one night in one place, Tony had his bags packed well before the evening fund-raiser.",就像那些报道竞选巡回活动、很少能在同一个地方停留超过一晚的四处奔波的随行同行一样，托尼在晚间筹款活动之前很久就收拾好了行李。,roisterers,itinerants,peripatetics,carousers,oracles,inquisitors,itinerants,peripatetics,itinerant,peripatetic
771,"The painter Fu Baoshi lived and worked through a tumultuous period in Chinese history, _______ by exceptional talent and a steely dedication to his art.",画家傅抱石在中国历史上一段动荡混乱的时期生活和创作，依靠过人的才华和对艺术钢铁般的执着追求得以支撑前行。,galvanized,buoyed,redeemed,marked,sustained,scarred,buoyed,sustained,buoy,sustain
772,"Vast, complex, and deeply entrenched, the administrative apparatus that answered to Egypt’s Queen Cleopatra was _______ instrument with which to govern.",听命于埃及艳后克利奥帕特拉的行政机构庞大、复杂且根深蒂固，是一个笨重难操控的统治工具。,an antiquated,an efficient,a modest,a simple,an unwieldy,a cumbersome,an unwieldy,a cumbersome,unwieldy,cumbersome
773,"Piersma and Gill suggest that bar-tailed godwits—long-billed shorebirds of the Eurasian and Alaskan tundra—rank among the most _______ of the long-range fliers, traveling 11,000 kilometers nonstop across the Pacific.",皮尔斯马和吉尔认为，斑尾塍鹬——欧亚大陆和阿拉斯加苔原的长喙涉禽——属于最不知疲倦的长途飞行鸟类之一，能够不间断飞行11000公里横跨太平洋。,unpredictable,versatile,erratic,unflagging,renowned,indefatigable,unflagging,indefatigable,unflagg,indefatigable
774,Weak monsoon rainfall was responsible for the blackouts that cut power to half of the country because the resulting _______ of water reduced the amount of electric power produced by the country’s hydroelectric dams.,季风降雨微弱是导致该国半数地区断电的大停电的直接原因，因为由此造成的水资源匮乏减少了该国水力发电大坝的发电量。,allocation,contamination,influx,dearth,surfeit,paucity,dearth,paucity,dearth,paucity
775,"In hindsight, it is easy to say that the geological evidence for ice ages was _______ and to wonder why such periods in the Earth’s past were not recognized earlier.",事后看来，很容易得出冰期存在的地质证据是压倒性且极其充分的结论，并让人纳闷为何地球历史上的这些时期没有更早被人们所认识。,accessible,overwhelming,emerging,irresistible,intriguing,tenuous,overwhelming,irresistible,overwhelm,irresistible
776,"The Federal Reserve Bank is one of the most _______ institutions in the United States, yet many are not aware of the important operations and activities it has carried out during its lifetime.",美联储是美国举足轻重且不可或缺的机构之一，然而许多人并未意识到它自成立以来所开展的重要运作与活动。,distinguished,secretive,consequential,indispensable,misunderstood,mysterious,consequential,indispensable,consequential,indispensable
777,"The news business has never been _______; like so many other businesses, it is protean in nature.",新闻业从来都不是稳定不变的；像许多其他行业一样，它本质上是千变万化的。,reputable,respectable,profitable,stable,conventional,static,stable,static,stable,static
778,"The importance of the notion of surface in nanoscience and nanotechnology cannot be _______: in nanomaterials, in fact, surface phenomena rather than mass properties govern the chemical and biological behavior of objects.",表面这一概念在纳米科学与纳米技术中的重要性怎么强调都不为过：事实上，在纳米材料中，决定物体化学和生物行为的是表面现象而非整体质量属性。,overstated,dismissed,comprehended,exaggerated,intuited,verified,overstated,exaggerated,overstate,exaggerate
779,"Biographies can be _______ contrivances, often too long and too detailed for their own good.",传记可能会成为令人厌烦乏味的作品，往往因篇幅过长、细节过繁而适得其反。,subtle,ingenious,extravagant,vain,wearisome,onerous,wearisome,onerous,wearisome,onerou
780,"Some historians have _______ the disjunction between the decades preceding and the ones following the political coup, ignoring the fact that the coup fell in the middle of a twenty-year period of considerable social and economic continuity.",一些历史学家夸大了这场政变前后几十年的脱节断裂，忽略了该政变其实发生在一个长达二十年的社会和经济具有相当连续性的时期当中。,overstated,exaggerated,questioned,misjudged,misinterpreted,overlooked,overstated,exaggerated,overstate,exaggerate
781,"In a 1931 article, Duke Ellington suggested that jazz had _______ aspect: “What we could not say openly we expressed in music, and what we know as ‘jazz’ is something more than just dance music.”",杜克·埃灵顿在1931年的一篇文章中指出，爵士乐具有隐秘的一面：“我们无法公开表达的内容都抒发在音乐中，而我们所称的‘爵士乐’远不止是伴舞音乐而已。”,a furtive,an intimate,a familiar,an intellectual,a covert,a subversive,a furtive,a covert,furtive,covert
782,"Despite dogs’ talent for detecting those high-pitched whistles that are inaudible to us, dogs’ ability to locate sounds is _______ compared with ours.",尽管狗擅长察觉我们听不到的高音哨声，但与我们相比，狗定位声源的能力却不够精准。,imprecise,innate,impractical,inherent,inexact,impaired,imprecise,inexact,imprecise,inexact
783,"The coagulated latex of the gutta-percha tree, which grows wild in Sumatra, Kalimantan, and Malaya, can be formed into a natural plastic that, although inelastic under ordinary conditions, becomes _______ when placed in hot water.",生长在苏门答腊、加里曼丹和马来亚的野生马来树胶树的凝固胶乳可以制成一种天然塑料，虽然在常温常态下缺乏弹性，但放入热水中时会变得柔软易塑。,smooth,pliable,permeable,malleable,pervious,buoyant,pliable,malleable,pliable,malleable
784,"Once a pop musician’s biggest source of income, recorded music now plays second fiddle to touring, endorsements, merchandise sales, and an array of other streams previously considered _______.",录制音乐曾是流行音乐人最大的收入来源，如今却退居次席，让位于巡演、代言、周边商品销售以及一系列此前被视为辅助补充性质的其他收入来源。,lucrative,invaluable,ancillary,irrelevant,supplementary,remunerative,ancillary,supplementary,ancillary,supplementary
785,"The colors of brocaded silks made by Merina weavers in Madagascar were not _______: magenta, blue, black, pink, yellow and brown characterize pieces before 1880, while thereafter green, purple, and orange come to the fore.",马达加斯加梅里纳织工织造的织锦绸缎的颜色并非一成不变：1880年之前的作品以洋红色、蓝色、黑色、粉色、黄色和棕色为特色，而此后绿色、紫色和橙色则占据了主导地位。,invariable,generic,conventional,repetitious,static,traditional,invariable,static,invariable,static
786,It can be _______ to see well-known historical figures played in films by actors who have become firmly associated in our minds with contemporary celebrity culture.,看到已在人们心中与当代名流文化紧密关联的演员在电影中扮演著名历史人物，可能会令人感到违和与不安。,enlightening,unsettling,offensive,illuminating,gratifying,disconcerting,unsettling,disconcerting,unsettl,disconcert
787,"Despite much _______ the county’s political system, the fact that supporters failed in their attempts to change the constitution to allow the President to run again speaks well of the system’s fundamental strengths.",尽管人们对该政治体制抱有诸多怀疑，但支持者企图修宪以允许总统连任的尝试以失败告终，这充分证明了该制度根本上的稳固性与优势。,faith in,confidence in,frustration regarding,skepticism regarding,hesitation toward,doubt about,skepticism regarding,doubt about,skepticism,doubt
788,"Developments in neuroscience and animal behavior have led researchers to question the view that unmitigated competition is _______ animal life: in primatology, the countermovement started with research into how friendships and conflict resolution favor survival.",神经科学和动物行为学的发展促使研究人员质疑“毫无缓和的竞争是动物生存之本”这一观点：在灵长类动物学中，这种反思思潮始于对友谊和化解冲突如何有利于生存的研究。,beneficial to,manifest in,rare in,essential in,evident in,foundational to,essential in,foundational to,essential in,foundational to
789,"Because they view Earth’s resources as strictly limited, some environmentalists find the notion of sustainable growth to be _______, believing that self-restraint and sacrifice must be at the heart of any environmentally sound strategy for the future.",因为认为地球资源极其有限，一些环保主义者觉得“可持续增长”的概念是值得怀疑的，他们坚信自我克制与牺牲必须成为未来任何切实可行的环保战略的核心。,inevitable,desirable,dubious,questionable,chimerical,certain,dubious,questionable,dubiou,questionable
790,Studies have shown that areas of the Amazon rain forest that previously were thought to be _______ have in reality been subject to disturbance and modifications by humans for thousands of years.,研究表明，此前被认为是原始未受触及的亚马孙雨林地区，实际上数千年来一直在经受人类活动的干扰与改造。,inaccessible,untouched,safe,pristine,protected,innocuous,untouched,pristine,untouch,pristine
791,"Coral reefs are often referred to as the rain forests of the sea, _______ comparison given that only tropical rain forests can compete with the sheer concentration of biodiversity found in coral reefs.",珊瑚礁常被称为海洋中的热带雨林，鉴于只有热带雨林才能与珊瑚礁中惊人的生物多样性集中度相媲美，这一比喻可以说是十分恰当的。,a factitious,an imaginative,a fitting,an artificial,an apposite,a fanciful,a fitting,an apposite,fitt,apposite
792,"One virtue of cornmeal as a component of the diets of laborers in early Puerto Rico was the mildness of its taste, a trait that enabled it to _______ the strong flavors of other foods.",作为早期波多黎各劳工日常饮食的组成部分，玉米粉的一大优点在于其口感清淡温和，这一特性使其能够中和其他食物过于浓烈的风味。,mimic,temper,camouflage,neutralize,complement,augment,temper,neutralize,temper,neutralize
793,"In science, _______ can sometimes inhibit understanding; indeed, the advantage of the technique for staining brain tissue developed in 1873 by Golgi was that it showed so little.",在科学研究中，细枝末节有时反而会阻碍理解；事实上，高尔基在1873年发明的脑组织染色技术的优势恰恰在于它所展现的细节极其有限。,biases,projections,prejudices,minutiae,approximations,particulars,minutiae,particulars,minutiae,particular
794,A particular problem with critics’ notions of realism with regard to dialogue in fiction is that all too often the focus is on _______ utterances and not on the flux and process of conversational interaction.,批评家在考量小说对话的现实主义时存在一个特殊问题，即他们往往过于聚焦于孤立零散的个别话语，而忽视了对话互动的流动与动态演进过程。,candid,casual,informal,isolated,mundane,discrete,isolated,discrete,isolate,discrete
795,The _______ of governmental subsidies to obscure airports that are rarely used underscores the political difficulties of cutting funds from even the most unnecessary projects.,政府对极少使用的偏僻机场长期持续提供补贴，这一现象凸显了哪怕是从最不必要的项目中削减经费，在政治上也面临重重困难。,paucity,effectiveness,durability,persistence,adequacy,dearth,durability,persistence,durability,persistence
796,"Though it lacked _______ demeanor, Guatemala City was nonetheless a compelling place to be in 1954.",尽管危地马拉城缺乏迷人可人的风采，但它在1954年依然是一个极具吸引力的地方。,an engaging,a winning,a sophisticated,a detached,a workaday,a quotidian,an engaging,a winning,engag,winn
797,"In spite of its outwardly _______ demeanor, Guatemala City was a compelling place to be in 1954.",尽管危地马拉城外表显得平淡无奇且日复一日，但在1954年，它依然是一个极具吸引力的地方。,engaging,winning,sophisticated,detached,workaday,quotidian,workaday,quotidian,workaday,quotidian
798,"There are too many characters, too many subplots, and no one clearly defined protagonist, making for _______ story.",由于出场人物过多、支线情节繁杂，且缺乏一个明确清晰的主角，这使得整个故事显得松散无焦点。,an unfocused,a maudlin,a superficial,a sentimental,a complicated,a diffuse,an unfocused,a diffuse,unfocus,diffuse
799,"This novel is not great literature: there are too many characters, too many subplots, and no clearly defined protagonist, making for _______ story.",这部小说算不上优秀的文学作品：人物过多，支线庞杂，且没有一个清晰明确的主角，导致整个故事结构散漫、缺乏章法。,a banal,a diffuse,a mawkish,an innocuous,an amorphous,a hackneyed,a diffuse,an amorphous,diffuse,amorphou
800,"In a production process that is complex and often unpredictable, roles that start out discretely defined may become quite _______.",在一个复杂且往往难以预测的生产流程中，起初界限分明的职责角色可能会变得非常灵活多变。,unambiguous,untenable,fluid,mutable,explicit,perfunctory,fluid,mutable,fluid,mutable
801,"Muriel Spark suggested that Mary Shelley’s prose style was often verbose and platitudinous, the very opposite of Spark’s favored _______.",缪丽尔·斯帕克认为玛丽·雪莱的散文风格往往冗长且充满陈词滥调，与斯帕克本人所崇尚的简洁凝练截然相反。,efficacy,expansiveness,frankness,liberality,concision,pithiness,concision,pithiness,concision,pithiness
802,"The Harlem Renaissance has been studied extensively as a literary and visual arts movement, but recent scholars have described the role of music as more than _______, in fact, as having made the Harlem Renaissance possible.",哈莱姆文艺复兴作为一场文学与视觉艺术运动已被广泛研究，但近期的学者指出，音乐在其中所起的作用绝非次要附带的，事实上，正是音乐使得哈莱姆文艺复兴成为可能。,necessary,mundane,essential,emotional,incidental,peripheral,incidental,peripheral,incidental,peripheral
803,Controversial new research suggests that earthquakes have atmospheric _______: subtle increases in electron density have been recorded above the quake’s epicenter prior to the recent onset of multiple large earthquakes and medium-sized earthquakes.,一项颇具争议的新研究表明，地震在大气中存在前兆：在近期多起大中型地震发生之前，震中上空均记录到了电子密度的微幅上升。,precursors,consequences,complications,causes,impediments,antecedents,precursors,antecedents,precursor,antecedent
804,"Because they require abstraction and generalization, many theories end up _______ practical relevance as they fail to capture the richness and complexity of phenomena encountered in real settings.",由于需要抽象和概括，许多理论因未能捕捉到现实环境中各种现象的丰富性与复杂性，最终缺乏实际应用价值。,lacking,enshrining,elevation,repudiating,wanting,supplanting,lacking,wanting,lack,want
805,"_______ as ever at eighty-three, Williamson berated the journalists hovering outside his home with a constant stream of abuse.",威廉姆森虽已八十三岁高龄，但脾气依旧暴躁易怒，对着聚集在他家门外的记者们破口大骂、斥责不休。,Fractious,Irascible,Malicious,Reticent,Taciturn,Voluble,Fractious,Irascible,Fractiou,Irascible
806,"Only novel ideas should be awarded patents; if a concept is _______ to practitioners in a given field or has previously been published in almost any fashion, that fact should invalidate the application.",只有具备新颖性的构想才应被授予专利；若某个概念对相关领域的从业人员而言是显而易见的，或先前已通过几乎任何方式公开发表过，该申请便应归于无效。,lucrative,manifest,presented,described,obvious,rewarding,manifest,obvious,manifest,obviou
807,"The awards and critical acclaim for the author’s new novel were not unexpected, as her previous works had already secured their author reputation for literary _______.",这位作家的新小说斩获诸多奖项并备受好评并不出人意料，因为她之前的作品早已为她确立了文学造诣精湛卓绝的声誉。,austerity,virtuosity,prominence,severity,mastery,economy,virtuosity,mastery,virtuosity,mastery
808,"We wallow in bad news, tales of how things went wrong, but we have only the most _______ discussions regarding how they might go right.",我们沉溺于坏消息以及各种事情如何搞砸的故事，然而对于事情可能如何向好的方向发展，我们却仅进行了最浮于表面、草草了事的讨论。,awkward,cursory,intelligent,fleeting,pedantic,insightful,cursory,fleeting,cursory,fleet
809,Scientists are finding that the adult brain is far more _______ than they once thought: our behavior and environment can cause substantial rewiring of the brain or a reorganization of its functions and where they are located.,科学家们发现，成年人的大脑远比他们以往认为的更具可塑性：我们的行为和环境能够促使大脑神经回路发生显著重构，或重新组织其功能及分布区域。,reparable,heterogeneous,malleable,variegated,complex,plastic,malleable,plastic,malleable,plastic
810,"Though it once seemed so disastrous, with hindsight the disintegration of the artists collective is revealed as generative, for each of the dispersed factions acted as a _______ reproducing the collective’s founding inspiration in a new setting.",尽管这个艺术家团体的瓦解一度看似灾难深重，但事后看来却颇具启发与生成意义，因为分散开来的每一个派别都犹如一颗萌芽的种子，在新的环境中重新播撒并传承着该团体创立之初的灵感。,strand,seed,shard,fragment,germ,blueprint,seed,germ,seed,germ
811,"As _______ they are, earthquakes are a boon to geologists because they produce seismic waves that can be analyzed for information as to what lies in the invisible depths of Earth.",尽管地震极具破坏性与灾难性，但对地质学家而言却是一大福音，因为地震产生的地震波可供分析，从而揭示地球隐秘深处的信息。,destructive,unfortunate,frightening,aberrant,calamitous,unusual,destructive,calamitous,destructive,calamitou
812,"Mushrooms have been picked by people since the age of the hunter-gatherers, who had to _______ their own ways of distinguishing the edible from the poisonous mushrooms.",人类自狩猎采集时代起就开始采摘蘑菇，当时的人们不得不自己想方设法摸索出区分可食用蘑菇与有毒蘑菇的途径。,assess,contrive,devise,invoke,revise,update,contrive,devise,contrive,devise
813,"It is possible to mistake the constant stimulation offered by the Internet for _______: we can come to believe that if we are busy, we are focused.",人们很容易将互联网带来的持续刺激误认为是真正的专注投入：我们常常误以为只要自己忙个不停，就是在聚精会神。,amusement,involvement,progress,engagement,productivity,diversion,involvement,engagement,involvement,engagement
814,"Until the 1960s, predictions of the effect of winds on the ocean waves were _______ and forecasts of wave heights during storms were consequently unreliable.",直到20世纪60年代，人们对风力对海浪影响的预测仍处于简陋粗糙的阶段，因此暴风雨期间对浪高的预报往往并不可靠。,rudimentary,inaccessible,unsophisticated,flawed,contradictory,ignored,rudimentary,unsophisticated,rudimentary,unsophisticate
815,Secord’s bold experiment in a different kind of history remains just that—a _______ narrative form that has not yet achieved its full potential.,塞科德在一种新型历史书写上的大胆尝试目前仍仅止于此——一种羽翼未丰的新兴叙事形式，尚未完全展现其全部潜力。,daring,lackluster,fledgling,nascent,dull,dubious,fledgling,nascent,fledgl,nascent
816,"Barnes did her best to draw the spotlight back to herself and to her wide grievances: _______ by a claque of rowdy supporters, she delivered a fulsome diatribe against her former associate.",巴恩斯竭力将公众关注拉回到自己以及她广泛的不满诉求上：在一群喧闹拥趸的怂恿煽动下，她对自己的前合伙人发表了一通言辞激烈的严厉抨击。,egged on,influenced,disappointed,let down,encouraged,accompanied,egged on,encouraged,egg on,encourag
817,"Though silicon fiber lasers appear _______, achieving optimal performance would require the development of both better materials and better microstructures.",尽管硅光纤激光器前景十分诱人且大有希望，但要实现最佳性能，仍需在更优质的材料和更完善的微观结构两方面取得突破。,unconventional,imminent,sophisticated,unique,promising,alluring,promising,alluring,promis,allur
818,What distinguishes the Hadhrami Sada is their ability to _______ their own particular identity as Yemeni and at the same time become assimilated into the various societies to which they have immigrated.,哈德拉米·萨达人的独特之处在于，他们既能够珍视并恪守自己作为也门人的独特身份认同，同时又能顺利融入所移民的各个不同社会。,document,compartmentalize,embrace,submerge,esteem,dissimulate,embrace,esteem,embrace,esteem
819,"Hillary proposed that the tracks purportedly made by a mysterious giant creature in the Himalayas could be explained by the tendency of tracks in the snow to melt and elongate and transforming something as _______ as fox tracks into large, human-like prints.",希拉里提出，喜马拉雅山脉中据称由神秘巨型生物留下的踪迹，可以用雪中脚印融化拉长的现象来解释，正是这种现象将普通寻常的狐狸脚印转变成了巨大且类似人类的足迹。,prosaic,suggestive,significant,mild,ephemeral,commonplace,prosaic,commonplace,prosaic,commonplace
820,"Although the establishment of risk exposure limits and other safety regulations is generally presented as _______, risk-related decisions often contain value-based judgments regarding which risks to accept.",尽管设定风险暴露限值及其他安全规章通常被标榜为客观公正、不偏不倚的，但与风险相关的决策往往包含了关于应承受何种风险的基于价值观的判断。,disinterested,impartial,necessary,prudent,preventative,sensible,disinterested,impartial,disinterest,impartial
821,"_______ neuroscience’s explanatory power, Patricia Churchland maintains that questions that have been discussed to no effect by philosophers over many centuries are solvable once rephrased as questions of neuroscience.",作为神经科学解释力的积极倡导者与拥护者，帕特丽夏·丘奇兰坚称，哲学家们数个世纪以来讨论无果的问题，一旦被重新表述为神经科学问题便迎刃而解。,A chronicler of,A skeptic about,An advocate of,An apologist for,A doubter of,A dissenter from,An advocate of,An apologist for,advocate of,apologist for
822,"If observations of water vapor eruptions from Jupiter’s moon Europa are accurate, they only increase Europa’s _______; such plumes allow direct sampling of the moon’s interior, and perhaps Europa’s subsurface ocean itself, by passing spacecraft.",如果对木卫二欧罗巴水蒸气喷发活动的观测属实，这只会进一步增加欧罗巴的科学吸引力；因为此类羽流使得飞掠而过的航天器能够对该卫星内部、乃至其地下海洋本身直接进行样本采集。,habitability,accessibility,allure,mysteriousness,attraction,inscrutability,allure,attraction,allure,attraction
823,"Booker T. Washington was always a welcome guest at the White House: although his aloofness _______ intimate conversation, the president felt entirely at ease in his company.",布克·T·华盛顿一直是白宫的贵客：尽管他的疏离感阻碍了亲近私密的深谈，但总统与他相处时依然感到十分轻松自在。,compromised,ruled out,presupposed,precluded,called for,necessitated,ruled out,precluded,rul,preclude
824,"Although boredom is _______, recent research indicates that excessive amounts of it can be harmful to health.",尽管无聊看似微不足道，但近期的研究表明，过度无聊可能会损害身心健康。,trivial,unexceptional,unpleasant,commonplace,unimportant,benign,trivial,unimportant,trivial,unimportant
825,"Globalization has made ethnic entrepreneurship resilient in postindustrial economies: well represented in the small business sector in the United States, ethnic entrepreneurship has been _______ by the volatile tides of international migration.",全球化赋予了后工业经济体中族裔创业顽强的生命力：族裔创业在美国小型企业领域表现亮眼，并凭借国际移民潮的汹涌流动而得以长期维持。,sustained,perpetuated,diversified,vitiated,overwhelmed,attenuated,sustained,perpetuated,sustain,perpetuate
826,"In Southern California, white abalone populations have waned dramatically and black abalone populations have likewise _______.",在南加利福尼亚州，白鲍的种群数量急剧下降，而黑鲍的种群数量同样出现了灾难性骤减。,vanished,collapsed,dispersed,dwindled,fluctuated,scattered,collapsed,dwindled,collaps,dwindl
827,"The author’s approach to her subject is less _______ than that of some of her predecessors in the field, though here and there she cautiously takes a stand on a potentially divisive issue.",与该领域的一些前辈相比，这位作者对待其研究主题的方式没有那么充满争议与偏向性，尽管在个别潜在的分歧议题上，她依然谨慎地表达了立场。,propitious,auspicious,portentous,contentious,pretentious,tendentious,contentious,tendentious,contentiou,tendentiou
828,"With Duncan’s ambitious study, Chesnutt appears finally to have outgrown the _______ treatment he once received from literary historians and critics for whom he typically served as a merely transitional figure in the African American tradition.",随着邓肯这一宏大研究的问世，切斯纳特似乎终于摆脱了文学史家和批评家过去对其敷衍草率的对待——在以往的评价中，他通常仅被视作非裔美国文学传统中一个无关紧要的过渡性人物。,cursory,jocular,heartfelt,didactic,fervent,perfunctory,cursory,perfunctory,cursory,perfunctory
829,Geologists’ customary distinction between planetary mantle and core material appears increasingly _______: liquid oxides can be considered either molten mantle constituents or electrically conducting core components.,地质学家传统上对行星地幔与地核物质的划分显得愈发站不住脚：液态氧化物既可以被视为熔融的地幔成分，也可以被视作具有导电性的地核组成部分。,incontrovertible,untenable,dogmatic,flawed,contradictory,confusing,untenable,flawed,untenable,flaw
830,"It is surprising, given the exquisite _______ of its arguments, that the central thesis of A Theory of Justice can be stated so simply.",鉴于其论证过程极其精妙细腻，令人惊叹的是，《正义论》的核心主张竟然能够被概括得如此简练明确。,transparency,nuance,depth,subtlety,clarity,elegance,nuance,subtlety,nuance,subtlety
831,"Under temperate conditions, the effects of climate on an environment are often muted and intermingled, so that the relationships between stimuli and reactions are difficult to isolate, but under extreme conditions such relationships become more _______.",在温和气候条件下，气候对环境的影响往往较为微弱且彼此交织，以至于外界刺激与生态反应之间的关系极难单独剥离；然而在极端条件下，这种关系则变得更加显著而清晰。,predictable,salient,hazardous,perilous,evident,influential,salient,evident,salient,evident
832,"How much corruption exists in internationally funded development projects is a matter of _______, though one well-supported estimate is that it might affect 40 percent or more of such projects.",国际资助的发展项目中究竟存在多少腐败仍是一个推测与猜测的问题，尽管一项证据充分的估算表明，这类腐败可能波及到40%甚至更多的项目。,concern,inference,speculation,legitimacy,conjecture,validity,speculation,conjecture,speculation,conjecture
833,"The traditional Japanese tea ceremony remains _______ practice in the country, even though the number of people performing it has been falling since the 1980s.",传统的日本茶道在该国依然是一项极具代表性且显要的文化习俗，尽管自20世纪80年代以来修习茶道的人数一直在持续下降。,a salient,a demanding,an ambiguous,an ornate,a prominent,an abstruse,a salient,a prominent,salient,prominent
834,"Despite _______ prevention program, the United States wheat crop was crippled by an epidemic of stem rust disease in 1916 and, to a lesser degree, in 1917.",尽管推行了广泛全面的防治计划，美国的小麦收成在1916年以及在稍轻程度上的1917年，依然因秆锈病的蔓延而遭受了毁灭性打击。,a proven,an extensive,a haphazard,a wide-ranging,an innovative,an indiscriminate,an extensive,a wide-ranging,extensive,wide-rang
835,"In our solar system, Earth is the most _______ of the rocky, or terrestrial, planets, so when first searching beyond the solar system, scientists were not accustomed to planets of similar composition but many times the mass.",在太阳系中，地球是岩石质类地行星中体积与质量最为庞大的，因此在最初搜寻太阳系外行星时，科学家们对成分类似但质量大上数倍的行星感到很不适应。,complex,temperate,clement,sizable,intricate,substantial,sizable,substantial,sizable,substantial
836,"The book, designed to help children grasp the idea that water is a valuable resource, includes practical suggestions for water conservation, presented in a manner that is consistently helpful and encouraging, never _______.",这本书旨在帮助儿童认识到水是宝贵的资源，书中提供了节约用水的实用建议，叙述方式始终充满启发与鼓励，绝无尖锐刺耳或咄咄逼人的说教。,pertinent,strident,vague,shrill,dull,apt,strident,shrill,strident,shrill
837,"For those attempting the art, the record of past futurologists’ prognostications can be _______: it includes many confident predictions of technological revolutions that never happened, such as domed cities and nuclear-powered cars.",对于那些尝试进行未来预测的人来说，翻阅过往未来学家的预测记录是一件发人深省、令人谦卑的事：其中包含了对诸多从未实现的科技革命的笃定预言，比如圆顶穹顶城市和核动力汽车。,incomplete,intriguing,mundane,humbling,prosaic,chastening,humbling,chastening,humbl,chasten
838,"Every great museum is _______ institution: a repository for valuable objects, a pleasure palace, a center for scholarship, a tastemaker, a focus of national or regional pride a magnet for tourism and urban development.",每座伟大的博物馆都是一个功能多元且复合的机构：它既是珍贵文物的宝库、令人赏心悦目的游赏殿堂、学术研究的中心、大众品味的引领者，也是国家或地方自豪感的集聚地，以及推动旅游业和城市发展的强大磁石。,an endangered,an efficient,a struggling,a heterogeneous,a complex,a disorganized,a heterogeneous,a complex,heterogeneou,complex
839,The safety features of modern cars have actually had _______ effect on people’s driving: drivers are lulled into a false sense of security by their cars’ sophistication and therefore drive less attentively.,现代汽车的安全配置实际上对人们的驾驶行为产生了有害的不良影响：汽车的高精尖技术使驾驶员产生了一种虚假的安全感，导致他们在驾驶时注意力涣散、不够专注。,an unintended,an unaccountable,an inconsequential,a deleterious,a negligible,a pernicious,a deleterious,a pernicious,deleteriou,perniciou
840,"Though the art of writing was well established in Egypt and Mesopotamia long before the Shang period, the Chinese writing that appeared then seems to have been an entirely _______ development.",尽管早在商代之前，书写艺术就已在埃及和两河流域确立成熟，但当时中国出现的文字似乎完全是一种本土独立孕育发展的产物。,unique,banal,homegrown,practical,routine,indigenous,homegrown,indigenous,homegrown,indigenou
841,"Critics have raved about the beauty of Peck’s prose, but in his fiction, at least, the diction has only gotten more portentous with time, the writing more overwrought, and the symbolism more _______.",批评家们盛赞佩克散文语言之优美，但至少在他的小说中，随着时间的推移，其遣词造句愈发故弄玄虚，行文愈发繁复刻意，象征手法也愈发显得笨拙生硬。,delicate,menacing,ungainly,irritating,awkward,refined,ungainly,awkward,ungainly,awkward
842,Pianist Oscar Peterson’s greatness was in his _______: his playing made obvious what he was thinking.,钢琴家奥斯卡·彼得森的伟大之处在于其演奏的清晰透明：他的琴声能让人毫不费力地领会他脑海中所思所想。,virtuosity,spontaneity,flair,showmanship,clarity,lucidity,clarity,lucidity,clarity,lucidity
843,"Because the chemical and physical properties of a material are a function of its structure, the enhanced three-dimensional results derived from a crystallographic study have become _______ the overall characterization of any new material.",由于材料的化学和物理性质取决于其微观结构，晶体学研究所提供的增强三维结构解析结果，已成为对任何新材料进行全面表征所不可或缺的关键所在。,consistent with,dependent on,determined by,peripheral to,indispensable to,vital to,indispensable to,vital to,indispensable to,vital to
844,"The country’s neighbors have long wished for its citizens to become less _______, as the additional spending could give the entire regional economy a much-needed boost.",该国的邻邦长期以来一直希望该国公民能够减少过度节俭与紧缩开支的习惯，因为这部分额外的消费能够为整个地区的经济带来急需的提振。,punctilious,profligate,frugal,improvident,parsimonious,meticulous,frugal,parsimonious,frugal,parsimoniou
845,One early sign of this new thirst for _______ is the fact that eight members of the committee on professional conduct have already recused themselves in the name of unbiased justice.,人们对廉洁正直这种品质产生全新渴求的一个早期迹象是，职业操守委员会已有八名成员以维护不偏不倚的司法公正为由主动申请了回避。,enlightenment,exactitude,knowledge,probity,pugnacity,integrity,probity,integrity,probity,integrity
846,"In general, the more that Victorian society felt it had lost contact with the rural, the more the rural became an object of _______ for metropolitan commentators, who represented it as a moral antidote to urban life.",大体而言，维多利亚时代的社会越是感到自己脱离了乡村生活，乡村在大都市评论家眼中就越成为被理想化与浪漫化的对象，他们将乡村描绘成抵御城市生活弊病的道德解药。,fascination,envy,mockery,satire,idealization,romanticization,idealization,romanticization,idealization,romanticization
847,"In his role as a librarian and historian, Arna Bontemps was a great _______ and a preserver of the documents of Black cultural heritage.",作为一名图书管理员和历史学家，阿尔纳·邦唐不仅是一位杰出的编年史记录者，更是黑人文化遗产文献的忠实守护者。,annalist,annotator,chronicler,initiator,instigator,proponent,annalist,chronicler,annalist,chronicler
848,It is readily apparent that structures and functions of immature forms in organisms as diverse as butterflies and frogs are not necessarily mere _______ of adult traits but represent specific adaptations to life in the niches occupied by juveniles.,显而易见的是，在诸如蝴蝶和青蛙等各类形态迥异的生物中，未成熟幼体的结构与功能并不必然只是成体特征的前身或雏形，而是代表了幼体对其自身所占据生态位生活的特殊适应。,miniatures,vestiges,embellishments,precursors,elaborations,forerunners,precursors,forerunners,precursor,forerunner
849,"Although many aspects of the hippie movement of the 1960s seemed like superficial posturing, many hippies were not without a great deal of _______.",尽管20世纪60年代的嬉皮士运动在很多方面看似流于表面的姿态作秀，但许多嬉皮士身上其实并不缺乏极大的真诚与赤诚。,sincerity,idealism,passion,earnestness,whimsy,open-mindedness,sincerity,earnestness,sincerity,earnestness
850,"At its most basic, a space suit is meant to perform two seemingly _______ functions: to protect the astronaut from the harsh environment of space and to allow the wearer to maneuver and work comfortably.",从最根本的要求来看，宇航服旨在实现两个看似相互对立冲突的功能：既要保护宇航员免受太空严酷环境的伤害，又要让穿着者能够自如活动并舒适地工作。,essential,incompatible,identical,indistinguishable,straightforward,conflicting,incompatible,conflicting,incompatible,conflict
851,The society of the ancient Moche of northern Peru was _______ one: it was ruled by local lords who were overseen by an elite composed of administrative and religious authorities.,秘鲁北部古代莫切人的社会是一个等级森严的阶层社会：它由地方领主进行统治，而这些领主则受制于由行政和宗教权威构成的精英阶层的监管。,an enduring,an inflexible,an abiding,a stratified,a cohesive,a hierarchical,a stratified,a hierarchical,stratify,hierarchical
852,"The artist reworked certain of his etchings in order to make the scenes they depict more logical, yet, paradoxically, the pictorial space seems to become more _______ the more realistically it is defined.",这位艺术家对其某些蚀刻版画进行了修改，以使其所描绘的场景更加符合逻辑；然而矛盾的是，画面空间被刻画得越逼真写实，其所呈现出的氛围反而显得越发光怪陆离与虚幻荒诞。,austere,cogent,lucid,fanciful,ominous,chimerical,fanciful,chimerical,fanciful,chimerical
853,The author argued that a relentless focus on political scandal was making it hard for even the least _______ politicians to maintain their faith in the nobility of public service.,作者认为，对政治丑闻的过分聚焦，使得即便是那些最不愤世嫉俗、最怀有抱负的政客，也难以坚持对公共服务之崇高性的信念。,prudent,ruthless,corrupt,cynical,judicious,jaded,cynical,jaded,cynical,jad
854,"The leader was famously _______, typically making only a few perfunctory remarks at public appearances before turning the floor over to a colleague.",这位领导人以寡言少语而闻名，在公开场合通常仅发表几句敷衍简短的讲话，便将发言权交由同事。,laconic,taciturn,spellbinding,adroit,captivating,artless,laconic,taciturn,laconic,taciturn
855,The _______ of criteria for determining what is meant by “balance” and whether it is beneficial makes it difficult to evaluate claims that probiotics promote a healthy balance of microorganisms in the body.,由于极度缺乏明确的标准来界定何为“平衡”以及这种平衡是否有益，人们很难对所谓“益生菌能够促进体内微生物健康平衡”的说辞进行客观评估。,diversity,vagueness,stringency,paucity,dearth,rigor,paucity,dearth,paucity,dearth
856,The campaign official argued that the large swings in the candidate’s approval ratings were a result not of the _______ electorate but rather of the polls’ margins of error and divergent methodologies.,这位竞选团队官员坚称，候选人支持率的大幅起伏并非由选民的反复无常与善变所致，而是源于民意调查的误差范围以及彼此相异的调查方法。,exactitude,resurgence,capriciousness,volatility,partisanship,scrupulousness,capriciousness,volatility,capriciousness,volatility
857,"Without a proper sense of its own legitimacy in Japanese society, the Liberal Democratic Party retreats to a sort of _______ politics that tries desperately not to offend anyone.",由于缺乏对自身在日本社会中合法性的恰当认知，自民党退缩至一种胆怯怯懦的政治姿态中，竭力避免冒犯任何人。,duplicitous,timorous,craven,underhanded,belligerent,cantankerous,timorous,craven,timorou,craven
858,"The fierce drought that is gripping the area—and imminent rationing and steep water price increases—is _______ the area’s deep economic divide, as wealthy communities guzzle water while poorer communities nearby conserve by necessity.",笼罩该地区的严重旱情——以及迫在眉睫的定量配给和水价飞涨——正进一步凸显出该地区深刻的贫富差距：富人社区依然肆意用水，而邻近的贫困社区却迫于生计不得不紧缩用水。,defining,bridging,highlighting,exacerbating,underscoring,adjusting,highlighting,underscoring,highlight,underscor
859,"The snow-covered surface of the lake presents a reassuring illusion of _______, but beneath the snow the ice is riven with treacherous cracks.",被白雪覆盖的湖面给人一种坚固稳当的虚幻安全感，但在积雪之下，冰层早已布满了暗藏凶险的裂缝。,uniformity,isolation,seclusion,protection,substantiality,soundness,substantiality,soundness,substantiality,soundness
860,It is Alice Hoffman’s achievement as a novelist that we do not wonder at the fabulous in her work but accept what seems _______ as an idiom of the affective extremes and nuances that are simply facts of life.,作为小说家，爱丽丝·霍夫曼的过人之处在于，读者对其作品中奇幻虚构的元素并不感到突兀惊诧，而是将看似难以置信的情节接纳为对生活本质中极端与细微情感的一种表达方式。,grandiose,unseemly,incredible,inappropriate,unexceptional,improbable,incredible,improbable,incredible,improbable
861,"Because the first members of a new species initially seem indistinguishable from members of the species they have evolved from, the emergence of a new species is not as _______ as the extinction of an existing one.",由于一个新物种早期的个体最初看起来与其进化来源物种的成员毫无分别，因此新物种的产生并不像现有物种的灭绝那样引人注目且具有戏剧性。,regular,significant,common,dramatic,striking,sudden,dramatic,striking,dramatic,strik
862,"A telescope orbiting in space, above the unruly atmosphere, is able to detect ultraviolet and infrared emissions that are blocked by Earth’s atmosphere and thus _______ to astronomers on the ground.",运行在动荡大气层之上的太空轨道望远镜，能够探测到被地球大气阻挡、从而令地面天文学家完全无法察觉的紫外线和红外线辐射。,unremarkable,indiscernible,exasperating,undecipherable,inconclusive,imperceptible,indiscernible,imperceptible,indiscernible,imperceptible
863,"The position of the professional critic is becoming _______ as, thanks to the rise of the Internet, increasingly no one person’s opinion is of any more worth in the cultural marketplace than any other’s.",随着互联网的兴起，在文化消费市场上没有任何个人的观点比其他人更具权威，这使得专业批评家的地位日益变得难以为继。,unequivocal,unambiguous,unsustainable,untenable,unrealistic,unremarkable,unsustainable,untenable,unsustainable,untenable
864,Engineering errors are _______ the human technological condition: the same mistakes that were made in the past are made again today and can be expected to be made indefinitely into the future.,工程失误是人类技术发展境况中固有的内在属性：过去犯过的错误今天依然在上演，而且可以预见在遥远的未来仍将不可避免地再次发生。,immanent in,resolved by,antithetical to,prevented by,intrinsic to,necessary for,immanent in,intrinsic to,immanent in,intrinsic to
865,"While many of Florence Price’s art songs suffer from an excess of emotionality, “To my Little Son” actually demonstrates some _______, which makes the song more approachable and ultimately more moving.",尽管弗洛伦斯·普莱斯的许多艺术歌曲都有情感宣泄过度的弊病，但《致我的小儿子》一曲实际上表现出了一定的克制与节制，这让整首歌曲更易引起共鸣，最终也更为感人至深。,self-assurance,spunk,intelligence,restraint,confidence,moderation,restraint,moderation,restraint,moderation
866,"While they may not agree on everything, labor, environmental, and community groups need to act together if they are to be effective in _______ what they consider to be abusive corporate power.",尽管劳工、环保和社区团体并非在所有议题上意见一致，但若想有效制衡与抵消在他们看来被肆意滥用的企业权力，就必须携手联合行动。,catalyzing,compounding,counterbalancing,offsetting,reversing,spurring,counterbalancing,offsetting,counterbalanc,offsett
867,"Given the important role that apologies can play in human relations and the almost daily news reports of the latest celebrity or political apology, the _______ of empirical research on the subject is surprising.",鉴于道歉在人际关系中可发挥的关键作用，以及新闻媒体几乎每天都在报道各类名流或政要的最新道歉，关于该课题的实证研究竟如此匮乏，着实令人惊讶。,weakness,scarcity,complexity,impartiality,want,sophistication,scarcity,want,scarcity,want
868,"Astute and incisive, the essayist’s work was nevertheless civil and polite: the essayist either had no gift of _______ or else never felt any.",这位散文家的作品敏锐而犀利，然而行文却始终温文尔雅、礼貌得体：他要么缺乏言辞刻毒、恶语相向的天赋，要么内心根本从未怀有这般恶意。,vitriol,clairvoyance,theatricality,prescience,mimicry,obloquy,vitriol,obloquy,vitriol,obloquy
869,"The biographer omits many details that appear in other accounts of his subject, perhaps because he can’t corroborate them, or because he has an expansive sense of what should be considered _______.",这位传记作者省略了传主在其他记述中出现的诸多细节，或许是因为他无法证实这些细节，抑或是因为他对哪些内容应被归为无关紧要的细枝末节有着宽泛的标准。,tedious,intriguing,appalling,peripheral,absorbing,extraneous,peripheral,extraneous,peripheral,extraneou
870,"Discussion of planetary orbits is _______ in the context of climate history today, thanks to the acceptance of the thesis that periodic fluctuations in the Earth’s axial tilt and precession affect the timing and severity of glacial cycles.",得益于人们普遍接受了“地球地轴倾斜与岁差的周期性波动会影响冰期循环的发生时间及严酷程度”这一论断，对行星轨道的探讨在当今气候历史研究中已变得司空见惯且随处可见。,controversial,gratuitous,commonplace,unnecessary,fraught,pervasive,commonplace,pervasive,commonplace,pervasive
871,"Though some reviewers saw P. D. James as transcending the detective mystery, she remained _______ the genre, which she called “a literary celebration of order and reason.”",尽管一些书评人认为P·D·詹姆斯的创作超越了侦探小说的范畴，但她始终是这一文学体裁坚定的捍卫者与拥趸，称其为“对秩序与理性的文学颂歌”。,an authority on,a partisan of,an interpreter of,a skeptic of,an influence on,a defender of,a partisan of,a defender of,partisan of,defender of
872,"Blake’s reputation for weakness is _______: almost all who have worked with him say he is a disciplined, intellectually formidable, and very tough politician.",外界关于布莱克性格软弱的传闻纯属毫无根据且似是而非：几乎所有与他共事过的人都评价他是一名自律极严、才识过人且极其强硬的政治家。,irreversible,pervasive,specious,rife,exaggerated,unfounded,specious,unfounded,speciou,unfound
873,"Nowadays, the conventions held by United States political parties to nominate presidential candidates are little more than carefully orchestrated coronation ceremonies leading to preordained outcomes, but there was a time when nominating conventions were truly _______.",如今，美国各政党提名总统候选人的全国代表大会不过是精心编排的加冕仪式，走向预先注定的结局；但在过去，提名大会曾是真正充满激烈纷争与唇枪舌剑的。,suspenseful,contentious,stately,dignified,combative,momentous,contentious,combative,contentiou,combative
874,"According to Edelstein, republicanism was a _______ movement in eighteenth-century France, though not nearly as peripheral as has sometimes been claimed.",根据埃德尔斯坦的观点，共和主义在18世纪的法国属于边缘运动，尽管它绝没有外界有时宣称的那般微不足道或无关大局。,burgeoning,superficial,thriving,fringe,declining,marginal,fringe,marginal,fringe,marginal
875,"Whether the film is _______ adaptation of the legend is debatable: the author of the screenplay claims that it was based on the original tale, but admits taking some interpretive license with the story.",这部电影是否对该传说进行了严谨忠实的改编尚存争议：编剧虽然坚称影片基于原版传说，但也承认自己在诠释故事时做了一定的艺术发挥。,an inspired,a rigorous,an unsentimental,a successful,a sober,a faithful,a rigorous,a faithful,rigorou,faithful
876,Several environmental organizations have found themselves in the _______ position of endorsing a legislature that they have long criticized as being too quick to approve development projects.,几家环保组织发现自己陷入了难堪且尴尬的境地：他们不得不公开支持一个长期以来被他们指责为过快批准开发项目的立法机构。,uncharacteristic,unsurprising,unenviable,untenable,predictable,novel,unenviable,untenable,unenviable,untenable
877,"It has long been thought that smell might have _______ relation with memory, and recent research does indeed confirm that recollections tied to smell can be stronger than memories of other types.",长期以来人们一直认为嗅觉与记忆之间可能存在着某种特殊优越的联系，而近期的研究确实证实，与气味相关的回忆往往比其他类型的记忆更为深刻强烈。,an intimate,an overstated,a privileged,a complex,a favored,an exaggerated,a privileged,a favored,privileg,favor
878,"Although the virtues of supplementing wild fish populations with fish from hatcheries are often _______, scientific studies have indicated that fish stocking can harm the wild, native species of the water body.",尽管利用人工孵化场的鱼苗补充野生鱼类种群的益处常常备受称赞与颂扬，但科学研究表明，人工放养鱼类可能会对水域中的野生本土物种造成危害。,embraced,extolled,contested,evident,acclaimed,disputed,extolled,acclaimed,extoll,acclaim
879,"Recognizing that each of us has been born into a political structure that we did not preselect, political philosophers have long pondered the fact that our membership in our native political communities seems so _______.",鉴于每个人都出生在一个未经自己事先挑选的政治体制中，政治哲学家长期以来一直在深思这样一个事实，即我们在自身本土政治共同体中的成员身份看似是如此偶然且随机。,transient,onerous,arbitrary,propitious,mutable,random,arbitrary,random,arbitrary,random
880,"The impact of the film on people’s perceptions of what happened illustrates the power of fiction to _______ history: patently inaccurate, the story told by the film has nevertheless come to be the standard account.",这部电影对人们了解历史事件所产生的影响，证明了虚构作品压倒并取代真实历史的巨大力量：尽管影片讲述的故事明显失实，但它却已被广泛接受为公认的权威版本。,trump,distort,exploit,supplant,popularize,utilize,trump,supplant,trump,supplant
881,"Even though water quality in the main reservoir was _______, pollution was worsening in the tributaries because of high levels of nitrates and phosphates that had already endangered drinking water in some areas.",尽管主水库的水质保持稳定，但由于高浓度的硝酸盐和磷酸盐已经对某些地区的饮用水构成了威胁，支流的污染状况仍在不断加剧。,deteriorating,declining,stable,steady,improving,acceptable,stable,steady,stable,steady
882,"For a long time, painter V. S. Gaitonde’s reputation, which barely existed in the West, _______ in his native India, partly because his abstract style was viewed as culturally irrelevant, even un-Indian.",长期以来，画家V·S·盖通德不仅在西方几乎默默无闻，在其祖国印度的声名也长期低迷沉寂，部分原因在于他的抽象画风被认为与传统文化毫无关联，甚至缺乏印度本土特色。,flagged,endured,languished,burgeoned,persevered,metamorphosed,flagged,languished,flagg,languish
883,"Although some residents had been _______ about the number of workers the public works scheme would attract to the old city, the program actually served to stabilize the social and political structure by offering abundant employment.",尽管一些居民曾对市政工程方案会吸引多少劳工来到老城区感到担忧，但该项目实际上通过提供大量就业机会，起到了稳定社会和政治结构的作用。,skeptical,complacent,uneasy,apprehensive,vocal,sanguine,uneasy,apprehensive,uneasy,apprehensive
884,"Joan’s constant stream of _______ jokes did sometimes alienate her companions, who thought that not every occasion called for such caustic humor.",琼接连不断的尖刻笑话有时确实会让她的同伴感到疏远，他们认为并非所有场合都需要这种辛辣的幽默。,clumsy,affable,raucous,mordant,acerbic,genial,mordant,acerbic,mordant,acerbic
885,"Hilton discusses the well-developed capacity among the most influential and talented Victorians for writing on a wide range of topics, thus highlighting their lordly _______ specialization.",希尔顿探讨了维多利亚时代最具影响力和才华的人士涉猎广泛主题的非凡能力，从而突显出他们对专业化的傲慢鄙视。,admiration for,triumph in,veneration of,curiosity about,disdain for,scorn for,disdain for,scorn for,disdain for,scorn for
886,Recent discoveries suggest that mathematical techniques developed by ancient Babylonian astronomers _______ those of medieval European scholars: Babylonian trapezoid procedures can be viewed as a concrete example of graphical methods devised by fourteenth-century philosopher Nicole Oresme.,近期的发现表明，古巴比伦天文学家发展的数学技术预示了中世纪欧洲学者的技术：巴比伦的梯形求法可被视为14世纪哲学家尼科尔·奥雷姆所设计的图解法的具体范例。,surpass,undermine,discredit,anticipate,prefigure,inform,anticipate,prefigure,anticipate,prefigure
887,"While some commentators see space tourism as being _______, Alice Gorman suggests that we should see a future that includes space tourism as simply one possible future among many.",尽管一些评论家认为太空旅游是必然不可避免的，但爱丽丝·戈尔曼认为，我们应该将包含太空旅游的未来仅仅视为众多可能未来中的一种。,implausible,inconsequential,ineluctable,inevitable,impressive,intriguing,ineluctable,inevitable,ineluctable,inevitable
888,"Brief personal impressions are rarely _______, especially when recalled after many years; but the author’s initial impression of Gellner as an exceptionally honest thinker is beyond reasonable doubt.",简短的个人印象很少具有决定性，尤其是在多年之后回忆起来时；但作者对盖尔纳作为一位极其诚实的思想家的最初印象，是无可置疑的。,enduring,definitive,engrossing,lasting,authoritative,comprehensive,definitive,authoritative,definitive,authoritative
889,Matsui could hardly be described as _______ political tactician; she generally withholds her support for a political faction or a policy until she is confident it will prevail.,松井很难被称作一个草率鲁莽的政治谋略家；在确信某一政治派别或政策能够胜出之前，她通常不会轻易表态支持。,an unsuccessful,an impetuous,a shrewd,a flexible,a canny,a careless,an impetuous,a careless,impetuou,careless
890,The museum’s display of bandolier bags made by Ojibwa artists of the Mille Lacs community reinforces the idea that this community’s culture is _______ one: early twentieth-century bandolier bags are displayed alongside others made recently.,博物馆展出的米勒拉克社区奥吉布瓦艺术家制作的斜挎包强化了这一观点，即该社区的文化是一种生生不息的活态文化：20世纪早期的斜挎包与近期制作的展品并列陈列。,a historic,an inventive,an unfolding,a living,a resourceful,a unique,an unfolding,a living,unfold,liv
891,"Oftentimes, _______ criticism is employed by people who suffer exclusion from official authority, or by those who fear that explicit criticism is likely to incur penalty or scorn.",往往，那些被排除在官方权力之外的人，或者担心直白批评可能会招致惩罚或嘲弄的人，会采用含蓄委婉的批评方式。,offhand,tentative,oblique,veiled,measured,cavalier,oblique,veiled,oblique,veil
892,"Physicists do not deny the existence of temperature; on the contrary, they are telling you something about it, and therefore _______ its existence.",物理学家并不否认温度的存在；相反，他们是在阐释关于温度的某些特性，因此承认了其存在。,acknowledging,contemplating,questioning,anticipating,disputing,presupposing,acknowledging,presupposing,acknowledg,presuppos
893,"Just as she championed home rule in Ireland, Kate Field (1838-1896) was _______ home rule in the Hawaiian Islands.",正如凯特·菲尔德（1838—1896）拥护爱尔兰自治一样，她也是夏威夷群岛自治的倡导者。,a dissenter regarding,an idealist about,a proponent of,an authority on,a naysayer about,an advocate of,a proponent of,an advocate of,proponent of,advocate of
894,"Artistry often begins in fandom—as _______, at first, not really to express one’s creative identity but to take on someone else’s.",艺术创作往往始于粉丝狂热——起初只是一种追求，并不是真正为了表达个人的创作个性，而是为了模仿和借用他人的身份。,an opportunity,an admonition,an intention,an aspiration,a warning,an imperative,an intention,an aspiration,intention,aspiration
895,My switch from teaching a specialized course for practicing veterinarians to teaching a general animal science course for undergraduates required emphasizing _______ topics and de-emphasizing diagnosis and treatment options.,从给执业兽医讲授专业课程转向给本科生讲授普通动物科学课程，要求我侧重于概念性与理论性课题，并淡化诊断与治疗方案。,conceptual,theoretical,esoteric,obscure,difficult,traditional,conceptual,theoretical,conceptual,theoretical
896,The idea that low-frequency sonar might bother beaked whales is _______ to some researchers who say that they would not expect beaked whales to respond to a low frequency because of the anatomy of their ears.,低频声呐可能会干扰喙鲸的观点令一些研究人员感到吃惊，他们表示，根据喙鲸的耳部解剖结构，他们原本并未料到喙鲸会对低频产生反应。,irrelevant,surprising,obvious,apparent,unproven,startling,surprising,startling,surpris,startl
897,"The rapid melting of glaciers around the globe, while an ominous reminder of global warming, has been _______ for archaeologists, since glaciers are storehouses of frozen materials from prehistoric times.",全球冰川的快速融化虽然是对全球变暖的不祥警示，但对考古学家而言却是一大幸事，因为冰川保存着来自史前时期的丰富冰冻遗存。,a conundrum,a nuisance,an inconvenience,a boon,a windfall,a puzzle,a boon,a windfall,boon,windfall
898,"It is probably fair to say that the resources available to most male workers in nineteenth-century Paris were barely sufficient for daily needs, though admittedly, such a general assertion requires some _______.",平心而论，19世纪巴黎大多数男性劳工所能获取的资源仅能勉强满足日常需求，不过不可否认的是，这样一个概括性的论断需要一定的修正与细化。,documentation,acknowledgment,qualification,revision,recognition,nuancing,qualification,nuancing,qualification,nuanc
899,"According to popular folklore, many animals are _______ than they appear: dogs bark before earthquakes; chimpanzees know the right herbs to deal with intestinal worms; cattle predict rainfall by sitting on the ground.",根据民间传说，许多动物比它们表面看起来要更聪明：狗会在地震前吠叫；黑猩猩知道治疗肠道寄生虫的合适草药；牛会通过伏卧在地上来预测降雨。,braver,tougher,smarter,more clever,more inscrutable,more enigmatic,smarter,more clever,smarter,more
900,The ocean’s heat capacity (the amount of heat needed to change its temperature) is far greater than that of dry land and thus _______ the ocean’s seasonal temperature changes.,海洋的热容量（改变其温度所需的热量）远大于陆地，因此减缓了海洋的季节性温度变化。,reflects,mutes,alters,determines,attenuates,parallels,mutes,attenuates,mute,attenuate
901,"Toni Morrison’s 1998 novel was originally called War, but her publisher was concerned about the title’s effects on efforts to market the book; in order to _______ those apprehensions, Morrison changed the title to Paradise.",托妮·莫里森1998年的小说最初定名为《战争》，但出版商担心该书名对图书营销产生不利影响；为了平息这些顾虑，莫里森将书名改为了《天堂》。,avert,palliate,vindicate,uphold,allay,examine,palliate,allay,palliate,allay
902,"Scientists studying the stresses and strains accumulated in the Earth’s crust have found that it is surprisingly easy to _______ earthquakes, even in regions that historically have been seismically silent or nearly so.",研究地壳中累积应力和应变的地质学家发现，诱发地震出人意料地容易，即便是在历史上从未或几乎从未发生过地震的地区也是如此。,detect,trigger,ignore,cause,disregard,predict,trigger,cause,trigger,cause
903,"Some research suggests that praising children’s talents and abilities may _______ their confidence, making them reluctant to tackle more difficult challenges that carry a greater risk of failure.",一些研究表明，夸奖孩子的天赋和才能可能会削弱他们的自信心，使他们不愿去面对失败风险更高的严峻挑战。,malign,undermine,improve,obscure,boost,sap,undermine,sap,undermine,sap
904,The movie’s ponderousness is _______ by the gripping performance turned in by the lead actor.,主演扣人心弦的精湛演技冲淡并缓解了这部电影沉闷冗长之感。,heightened,exacerbated,mitigated,belied,relieved,symbolized,mitigated,relieved,mitigate,reliev
905,"In gases, connections between atoms or molecules are even more _______ than they are in liquids, as the particles move randomly and chaotically, bouncing off each other.",在气体中，原子或分子之间的联系比在液体中还要松散微弱，因为微粒在杂乱无章地随意运动并不停相互碰撞反弹。,energetic,unpredictable,tenuous,robust,intermittent,loose,tenuous,loose,tenuou,loose
906,Journal editors will tell you that peer review is not designed to detect fraud—clever misinformation will sail right through no matter how _______ the reviews.,期刊编辑会告诉你，同行评审机制并非旨在侦测学术欺诈——无论评审多么严谨细致，巧妙的虚假信息都能轻易蒙混过关。,scrupulous,unbiased,honest,meticulous,original,innovative,scrupulous,meticulous,scrupulou,meticulou
907,"Although technically their members were hunter-gatherers, many early Native California communities exhibited traits more typically associated with well-developed agrarian societies and, therefore, are often presented in the ethnographic literature as _______.",尽管从严格意义上讲加利福尼亚早期的原住民社群属于狩猎采集者，但其中许多社群展现出了通常与高度发达的农业社会相关的特征，因此在民族志文献中常被描绘为特例。,archaic,pragmatic,anomalous,exemplary,exceptional,utilitarian,anomalous,exceptional,anomalou,exceptional
908,Archer is surprisingly _______ in failing to see her subjects’ self-reported life histories for what they really are: the kinds of stories that pretty much all twenty-somethings tell.,阿彻出人意料地轻信，未能力透研究对象自述生活经历的本质：那些不过是几乎所有二十多岁年轻人都会讲述的典型故事而已。,obstinate,credulous,arbitrary,cautious,unprincipled,trusting,credulous,trusting,credulou,trust
909,"The difficulty of understanding subtle behavioral cues in dolphins is undisputed, but this does not obviate the need for the evidentiary foundation of any study of dolphin behavior to be _______.",理解海豚微妙的行为线索难度极大这一点毋庸置疑，但这并不能免除海豚行为研究需要拥有扎实坚实的证据基础。,substantial,outdated,solid,circumstantial,hypothetical,unconfirmed,substantial,solid,substantial,solid
910,"Like its protagonists, who are caught up in a historical moment that _______ the possibility of self-fulfillment, the novel Ready to Burst by Haitian writer Frankétienne moves in disorienting circles, never progressing or achieving closure.",海地作家弗朗克蒂安的小说《引爆》就像其主人公们被困在一个扼杀了自我实现可能性的历史关口一样，在令人晕头转向的怪圈中徘徊，始终无法推进，也未能得出结论。,celebrates,downplays,precludes,romanticizes,elevates,frustrates,precludes,frustrates,preclude,frustrate
911,"For all the countless bacterial species that have ever lived in the ocean, none ever achieved permanent dominance: even _______ genus like Prochlorococcus exists alongside thousands of distant cousins.",尽管海洋中曾生活过无数细菌物种，但从未有哪一种实现过永久的主导地位：即便像原绿球藻这样数量极度丰富的属，也是与成千上万个远亲物种并存的。,a nascent,a superabundant,a virulent,a copious,a nondescript,an ascendant,a superabundant,a copious,superabundant,copiou
912,The sleight of hand of architects whose ambition is to add subtly and seamlessly to early twentieth-century Beaux Arts buildings contradicts a first principle of historic preservation: the _______ historical periods should be clear.,那些企图巧妙且天衣无缝地扩建20世纪初布杂艺术风格建筑的建筑师所使的障眼法，违背了历史遗迹保护的首要原则：不同历史时期之间的分界应当清晰明确。,changes within,demarcation of,essence of,continuation of,lines between,explication of,demarcation of,lines between,demarcation of,line
913,His lackadaisical approach to this project belies his well-known reputation for _______.,他对该项目漫不经心的态度，掩盖了他以勤勉刻苦著称的赫赫名声。,skill,assiduousness,industry,intelligence,facility,innovation,assiduousness,industry,assiduousness,industry
914,"After trimming parts of the anatomy of some flowers and gluing additions onto others, Wilson found that effective pollination may proceed despite a remarkable amount of variation in flower _______.",威尔逊在修剪了某些花朵的解剖结构并给其他花朵粘上附加结构后发现，尽管花朵形态存在巨大的差异，有效的授粉过程仍能顺利进行。,durability,visibility,form,aesthetics,architecture,longevity,form,architecture,form,architecture
915,"In nineteenth-century Puerto Rico, the consumption of salted cod spread among the entire population; on the tables of humbler families it became _______ food, adding flavor to other products and supplying much-needed protein.",在19世纪的波多黎各，咸鳕鱼的消费在所有阶层普及；在贫困家庭的餐桌上，它成为一种补充性食物，不仅为其他食材增添风味，还提供了急需的蛋白质。,an exotic,an affordable,an essential,a supplemental,a complementary,a commonplace,a supplemental,a complementary,supplemental,complementary
916,"For every _______ reader of Vestiges there were many more who became vocal critics, and the book aroused heated opposition from a broad range of British society.",《痕迹》每拥有一个持赞同态度的读者，就会招来更多直言不讳的批评者，该书在英国社会各界引发了激烈的反对。,outspoken,meticulous,sympathetic,well-disposed,unenthusiastic,candid,sympathetic,well-disposed,sympathetic,well-dispos
917,It is often taken for granted by scholars that Emily Dickinson is _______ poet: her poems have a peculiar quality that makes understanding seem beyond the reader’s ken.,学者们通常想当然地认为埃米莉·狄金森是一位晦涩难解的诗人：她的诗作具有一种奇特的特质，使得理解其意蕴似乎超出了读者的认知范围。,a melancholy,an unusual,a pensive,a difficult,a whimsical,an enigmatic,a difficult,an enigmatic,difficult,enigmatic
918,"In view of their _______, ants are a group of insects that almost any other insect group is likely to encounter at some stage.",鉴于蚂蚁无处不在且数量极其庞大，它们是几乎任何其他昆虫类群在某一阶段都可能遭遇的一类昆虫。,voraciousness,sociability,aggressiveness,abundance,cooperation,ubiquity,abundance,ubiquity,abundance,ubiquity
919,"In his discussion of art, Ramachandran makes no distinction between the arousal value of a stimulus and its aesthetic value; he takes the emotional power of an artwork to be _______ that work’s aesthetic quality.",拉马钱德兰在讨论艺术时，并未区分刺激的唤起价值与其审美价值；他将艺术作品的情感感染力等同于该作品的审美品质。,predictive of,tantamount to,subordinate to,dependent on,commensurate with,derived from,tantamount to,commensurate with,tantamount to,commensurate with
920,"Even though some governments are now expressing alarm over their nations’ _______ birth rates, the planetary threat of human overpopulation has not ceased to concern many scientists and environmentalists.",尽管一些国家的政府目前对其低迷萎靡的出生率表示担忧，但全球人口过剩带来的地球威胁仍旧未停止困扰许多科学家和环保人士。,fluctuating,incommensurate,burgeoning,flagging,thriving,languishing,flagging,languishing,flagg,languish
921,A major obstacle to reliably predicting the effects of changed hydrology on riverine biodiversity is the _______ of information on certain river fishes’ breeding habits and seasonal dynamics: basic ecosystem data are almost entirely lacking.,可靠预测水文变化对河流生物多样性影响的一个主要障碍在于，关于某些河流鱼类繁殖习性和季节性动态的信息极度匮乏：基础生态系统数据几乎完全缺失。,dearth,infusion,complexity,paucity,influx,preponderance,dearth,paucity,dearth,paucity
922,"Psychoanalysis has increasingly immured itself behind high walls of jargon by using terms like “introjective identification” and “countercathexis,” and this emphasis on _______ is in part an effort to preserve the field’s waning mystique.",精神分析学通过使用诸如“内摄性认同”和“反精力投入”等术语，日益将自身禁锢在行话的高墙之后，而这种对深奥晦涩的强调，在一定程度上是为了维持该领域日渐衰落的神秘感。,conjecture,abstruseness,opacity,consistency,speculation,terminology,abstruseness,opacity,abstruseness,opacity
923,"The Harvard Observatory took the first picture of a star in 1850, but the complex logistics of photography at the time—involving coating glass plates with chemicals—made it too _______ to photograph stars nightly.",哈佛天文台于1850年拍摄了第一张恒星照片，但当时复杂的照相后勤工作——包括用化学试剂涂覆玻璃底片——使得每晚给恒星拍照显得过于繁琐麻烦。,exorbitant,cumbersome,troubling,unwieldy,worrisome,precarious,cumbersome,unwieldy,cumbersome,unwieldy
924,This is a _______ book: it takes up and defends a position to which the current intellectual climate is generally hostile.,这是一本勇敢大胆的书：它提出并捍卫了一个在当前知识界整体氛围中普遍受到敌视的立场。,restrained,plucky,noteworthy,temperate,courageous,subversive,plucky,courageous,plucky,courageou
925,"The _______ of the folktales in this collection does not inhibit the conveyance of important lessons; indeed, the didactic effect would be lost if the stories were more protracted.",本集中民间故事的简练短小并未妨碍重要道理的传达；事实上，如果故事更为冗长拖沓，其说教与启迪效果反而会荡然无存。,gaiety,simplicity,whimsy,brevity,sobriety,economy,brevity,economy,brevity,economy
926,"Although oceanic water currents can appear to be almost completely _______, scientists recognize the existence of invisible separators, which they call transport barriers, and these maintain a measure of order and structure in the chaotic flow.",尽管大洋水流表面上看起来几乎完全不可预测且杂乱无章，但科学家认识到了被称为“输运屏障”的无形分界线的存在，它们在混乱的流动中维持了一定程度的秩序与结构。,uncontrolled,ephemeral,incomprehensible,unpredictable,transitory,random,unpredictable,random,unpredictable,random
927,"While some studies have made claims for dogs’ superiority to cats in terms of intelligence (and other studies have made the opposite claim), it is more widely recognized that, because of the huge differences in these animals’ instinctual priorities, such comparisons are _______.",尽管有些研究声称狗在智力上优于猫（另一些研究则得出相反结论），但人们更广泛地认识到，由于这两种动物在本能优先级上存在巨大差异，此类比较是毫无根据且站不住脚的。,presumptive,essential,inconclusive,baseless,indispensable,invalid,baseless,invalid,baseless,invalid
928,The author’s latest novel may _______ those who generally spurn her writing: its unvarnished prose has little in common with the labyrinthine interior explorations of her earlier work.,作者的最新小说可能会安抚那些通常对其作品不屑一顾的人：其质朴无华的散文文风与她早期作品中曲折复杂的内心探索几乎毫无共同之处。,entice,gall,surprise,placate,rankle,appease,placate,appease,placate,appease
929,"Just two centuries after the _______ of Chinese algebra under the Song, even the finest mathematicians of Ming China could not fathom earlier texts.",在宋代中国代数学达到巅峰仅仅两个世纪之后，即便明代最杰出的数学家也已经无法理解早期的典籍了。,apogee,rebirth,pinnacle,nadir,expansion,initiation,apogee,pinnacle,apogee,pinnacle
930,The hypothesis that the moon formed from a planetary impact could account for the _______ of water and other volatiles on the Moon since such an impact would have caused volatiles to escape into space.,月球形成于行星撞击的假说可以解释月球上水和其他挥发性物质的极度匮乏，因为这种撞击会导致挥发物逃逸到太空中。,condensation,paucity,nullity,ephemerality,dearth,occurrence,paucity,dearth,paucity,dearth
931,"While other authors surely _______ American novelist Toni Morrison’s literary style, there really was no precedent for the sorts of books she conceived.",尽管其他作家无疑对美国小说家托妮·莫里森的文学风格产生过影响，但她所构思的那类书籍在以往确实毫无先例可循。,appreciated,dismissed,influenced,adopted,analyzed,informed,influenced,informed,influenc,inform
932,"The climatic oscillations called El Niños are correlated with the Nile’s flow, and studies suggesting more extreme El Niños in years to come thus bolster the idea that the river will become more _______.",被称为厄尔尼诺的气候震荡与尼罗河的流量密切相关，而表明未来数年厄尔尼诺现象将更加极端的研究则进一步支持了这样一种观点，即该河流的流量将变得更加多变不稳定。,circuitous,variable,destructive,inconstant,substantial,labyrinthine,variable,inconstant,variable,inconstant
933,"Pre-Columbian peoples had a significant impact on Amazonian forest diversity; at least 8,000 years ago, they must have begun domesticating plants recently found to be _______ around sites once occupied by humans.",前哥伦布时期的人类对亚马逊森林的多样性产生了重大影响；至少在8000年前，他们必定就已经开始驯化那些近期被发现在人类曾经定居的遗址周围大量繁衍且占据主导的植物。,hybridized,abundant,uncommon,preserved,harvested,dominant,abundant,dominant,abundant,dominant
934,There has been a tendency among art historians not so much to revise as to eliminate the concept of the Renaissance: to _______ not only its uniqueness but its very existence.,在艺术史学家中存在着一种与其说是修正不如说是取消“文艺复兴”概念的倾向：不仅质疑其独特性，甚至质疑其本身的存在。,accent,analyze,extol,underscore,dispute,contest,dispute,contest,dispute,contest
935,"Self-driving cars appear in countless science-fiction movies; indeed, in that context they are so _______ that they do not get noticed.",自动驾驶汽车出现在无数科幻电影中；事实上，在那种语境下它们是如此普通寻常且不起眼，以至于根本引不起人们的注意。,unobtrusive,predictable,normal,utilitarian,unexceptional,hackneyed,unobtrusive,unexceptional,unobtrusive,unexceptional
936,"In a recent article, Yuan, Feng, and Danowski argue that the lives of Chinese individuals have been increasingly oriented toward personal well-being and improvement, _______ the age-old moral preference for collective welfare.",在最近的一篇文章中，袁、冯和达诺夫斯基指出，中国个体的生活已日益导向追求个人福祉与提升，从而抛弃了对集体利益的古老道德偏好。,obscuring,revealing,shedding,demonstrating,abandoning,weakening,shedding,abandoning,shedd,abandon
937,"In the early 1960s, Hofstadter observed that intellectuals tend to view business as “the classic enemy” of intellectualism and that businessmen themselves have so long accepted this role that by now their _______ is seen as a fact of nature.",在20世纪60年代初，霍夫施塔特注意到，知识分子往往将商业视为反智识主义的“经典宿敌”，而商人群体本身也早已接受了这一角色，以至于如今他们表现出的敌意已被视为一种天经地义的事实。,enmity,confusion,perplexity,hostility,smugness,ruthlessness,enmity,hostility,enmity,hostility
938,"There are tens of thousands of genes encoded in genomes, and simple _______, such as changes in nutrition or heat shocks, alter the expression of thousands of them.",基因组中编码了数以万计的基因，而诸如营养变化或热休克等简单的外部扰动，就会改变其中成千上万个基因的表达。,perturbations,similarities,parallels,insufficiencies,disruptions,imbalances,perturbations,disruptions,perturbation,disruption
939,"For centuries people used the vocabulary of medicine to think about how our bodies are structured, but the language of distinct organs and systems does not do justice to the _______ nature of the body.",几个世纪以来，人们一直用医学词汇来思考人体的构造，然而关于孤立器官和系统的表述并不能真实体现身体各部分相互交织融合的整体特质。,dynamic,harmonious,systematic,interwoven,balanced,integrated,interwoven,integrated,interwoven,integrate
940,This is _______ time for geologists interested in astronomy since astronomers have essentially abdicated much of the solar system to geology: planets and smaller bodies are increasingly recognized as worlds shaped by geologic processes.,对于对天文学感兴趣的地质学家来说，这是一个极好的时代，因为天文学家基本上已经将太阳系的大部分领域拱手让给了地质学：行星和小天体越来越被公认为是由地质作用塑造的世界。,a tumultuous,an exciting,a propitious,a favorable,a perplexing,an anxious,a propitious,a favorable,propitiou,favorable
941,"In mid-twentieth-century Japanese monster movies, a giant creature typically attacks Japan and is ultimately vanquished either by some fortuitous scientific discovery or by another equally _______ plot device.",在20世纪中叶的日本怪兽电影中，巨型怪兽袭击日本的情节屡见不鲜，最终怪兽要么被某种偶然的科学发现所击败，要么通过另一个同样省事凑巧的情节设计被消灭。,extravagant,expedient,tenable,convenient,plausible,dubious,expedient,convenient,expedient,convenient
942,"Though plans for improving mass transit have been adopted, immediate benefits to passengers are likely to be _______, since most of the planned measures will not take effect for at least a year.",尽管改善公共交通的方案已经通过，但乘客感受到的眼前利益可能微乎其微，因为大多数规划措施至少在一年内都不会生效。,ephemeral,fleeting,illusory,marginal,slight,exaggerated,marginal,slight,marginal,slight
943,"Although anecdotes about her abound, it is difficult to verify facts about al-Khansā’—like many early poetic figures, she may well be a composite figure, her corpus _______ the works of many women poets.",尽管关于汉萨（al-Khansā’）的轶事层出不穷，但关于她的史实却难以考证——正如许多早期的诗歌人物一样，她很可能是一个复合虚构人物，其名下的作品集融合了众多女性诗人的创作。,a harbinger of,an amalgamation of,a response to,a precursor of,an imitation of,a fusion of,an amalgamation of,a fusion of,amalgamation of,fusion of
944,"Computational psychologists, since they take the operation of a computer as a model, _______ concepts from computer science to explain what the mind is and how it works.",计算心理学家由于将计算机的运行模式作为模型，因而借用计算机科学的概念来解释心智的本质及其运作方式。,appropriate,eschew,emulate,borrow,covet,reject,appropriate,borrow,appropriate,borrow
945,"The political theorist argued that the social and cultural institutions of the ruling classes and educated elites ought to be similar to, or at least not too obviously _______, those of the common people.",这位政治理论家主张，统治阶级和受过教育的精英阶层的社会文化体制应当类似于普通民众的体制，或者至少不能与普通民众的体制有过于明显的冲突与对立。,aligned with,incompatible with,corrupted by,reconcilable with,independent of,opposed to,incompatible with,opposed to,incompatible with,oppos to
946,"The film’s pat and occasionally preposterous story is really just a _______, a serviceable scaffolding for a handful of expert, satisfying individual performances.",这部电影老套且时而荒谬的故事实际上只是一种掩护与陪衬，为几位演员精湛、令人满意的个人表演提供了一个凑合的舞台脚手架。,dodge,prelude,diversion,pretext,contrivance,distraction,diversion,distraction,diversion,distraction
947,"Coastal waters of oceans are being starved of oxygen at _______ rate, with vast stretches of water along the seafloor depleted of oxygen to the point that they can barely sustain marine life.",沿海海域正以惊人的速度流失氧气，海底大片水域的氧气已经耗尽到几乎无法维持海洋生物生存的地步。,a steady,an alarming,a negligible,a rapid,a disturbing,an insignificant,an alarming,a disturbing,alarm,disturb
948,"Sooner or later, the reputation of every creative artist _______ into a kind of permanent fact, after which point only a sharp and massive shift in public sensibility can budge it.",每位创作型艺术家的声誉迟早都会固化为一种既成事实，在此之后，唯有公众审美意识发生剧烈而庞大的转变才能够动摇它。,ossifies,fades,deteriorates,emerges,evolves,hardens,ossifies,hardens,ossify,harden
949,"The Holy People in Navajo sacred narratives do not act as moral _______: when they teach, it is as often by what they do wrong as by what they do right.",在纳瓦霍人的神圣叙事中，神灵并没有充当道德楷模的角色：在施教时，他们既常常通过正确的行为来示范，也同样常常通过错误的行径来警示。,agents,arbiters,defenders,paragons,ethicists,exemplars,paragons,exemplars,paragon,exemplar
950,"Even though Our Lady of the Forest achieves clinical evenhandedness in depicting the most depressing members of a small logging town, the novel lacks a single likable character and too often runs aground on _______ writing.",尽管《森林圣母》在刻画一个小伐木镇上最令人沮丧的居民时做到了客观公正，但整部小说没有一个讨喜的人物，而且屡屡因生硬呆板的文笔而陷入窘境。,stilted,caustic,precise,wooden,exact,convoluted,stilted,wooden,stilt,wooden
951,"In the midst of so many trenchant articles, anything as _______ as this essay is bound to stand out as an anomaly.",在众多针砭时弊、一针见血的犀利文章之中，任何像这篇短文一样平淡乏味之作，注定都会显得格外格格不入。,vapid,bland,terse,rapturous,ironical,succinct,vapid,bland,vapid,bland
952,"Scholars viewed the ancient Antikythera mechanism as _______ until scientific imaging methods revealed inscriptions on it showing that its purpose was to calculate the locations and movements of the stars, Moon, and planets.",学者们原本一直认为古代安提基特拉机械装置神秘难解，直到科学成像技术揭示了其上的铭文，表明其用途是计算恒星、月球和行星的位置与运行轨迹。,ceremonial,cryptic,flawed,insignificant,enigmatic,enlightening,cryptic,enigmatic,cryptic,enigmatic
953,"Intelligence services were prepared to combat organized groups opposing colonial rule, but the stirrings in the streets were _______, and for these their training had not equipped them.",情报部门原本做好了打击反对殖民统治的有组织团体的准备，但街头的骚动却是分散零星的，对于这种情况，他们之前的训练并未提供应对能力。,insignificant,diffuse,intense,turgid,slight,scattered,diffuse,scattered,diffuse,scatter
954,"Although the use of cameras to study animal behavior was certainly not _______, cameras were nevertheless not used to study individual frogs in their natural habitat until 2009.",尽管利用照相机研究动物行为绝非前所未有，但直到2009年，人们才首次使用照相机在自然栖息地中对个体青蛙进行研究。,ideal,unprecedented,laborious,impractical,novel,perfect,unprecedented,novel,unprecedent,novel
955,"In Cleopatra: A Life, Schiff _______ Cleopatra, stripping away the accretions of myth built up around the Egyptian queen and plucking off the imaginative embroidering of Shakespeare and Shaw.",在《克利奥帕特拉的一生》中，希夫还原了这位埃及艳后的历史真实面貌，剥离了围绕在她身上的层层神话附会，并摒弃了莎士比亚和萧伯纳富有想象力的虚构润色。,denigrates,elucidates,embellishes,aggrandizes,demystifies,manipulates,elucidates,demystifies,elucidate,demystify
956,"The senator complained that the president’s argument against the provision was _______, gaining its apparent plausibility from a distorted presentation of the relevant data.",参议员抱怨称，总统反对该条款的论据是似是而非的，其表面上的合理性完全来自于对相关数据的扭曲陈述。,unconvincing,specious,deceptive,hackneyed,circular,platitudinous,specious,deceptive,speciou,deceptive
957,Machiavelli’s painful account of the Pazzi political conspiracy and the recriminations that followed seems to have been penned with _______ intent: to dampen naïve enthusiasm for such adventures by warning of their dangers.,马基雅维利对帕齐政治阴谋及其随之而来的相互指责的沉痛记述，似乎是带着预防告诫的意图写就的：通过警告此类冒险的危险性，来浇灭人们对此类行径的天真狂热。,an equivocal,an ulterior,a prophylactic,a pragmatic,an inhibitory,a duplicitous,a prophylactic,an inhibitory,prophylactic,inhibitory
958,"For many centuries, bearing life’s risks was supposed to be part of the human condition, and so any strategy for evading those risks was considered _______ of the natural order of things.",在长达数个世纪的时期里，承担生活中的风险被认为是人类生存境况的一部分，因此任何逃避这些风险的策略都被视为对自然秩序的违背与颠覆。,a rejection,a subversion,a violation,an overcoming,an improvement,an amelioration,a subversion,a violation,subversion,violation
959,"Boyd and Richerson have pointed out how human _______ which is a necessary component to any system of cultural transmission through learning, necessarily leads to the accumulation of maladaptive ideas.",博伊德和理查森指出，作为通过学习进行文化传承的系统中必不可少的组成部分，人类的轻信盲从必然会导致不具适应性的错误观念的积累。,credulity,insensitivity,obtuseness,naïveté,frailty,individuality,credulity,naïveté,credulity,naïveté
960,"The Chippewa regarded their treaties with the federal government as solemn covenants and therefore, throughout the twentieth century, met efforts by governmental officials to _______ those treaties with both open and hidden resistance.",奇珀瓦人将他们与联邦政府签订的条约视为庄严的盟约，因此在整个20世纪，他们对政府官员废除这些条约的企图进行了公开和隐蔽的反抗。,replicate,abrogate,respect,renegotiate,nullify,honor,abrogate,nullify,abrogate,nullify
961,"In her novel, the sea is _______ symbol: to the narrator, it clearly represents everything that is destructive in nature, but at other times it seems to stand for everything in nature that is serenely beautiful.",在她的这本小说中，大海是一个具有双重含义的象征：对叙述者而言，它明确代表着自然界中一切具有毁灭性的力量，但在其他时刻，它似乎又代表着自然界中一切宁静美好的事物。,an unorthodox,an equivocal,an unconventional,a comprehensive,an elusive,an ambiguous,an equivocal,an ambiguous,equivocal,ambiguou
962,One of the problems of light verse is that it thrives on _______ and thus has a short shelf life.,打油诗的问题之一在于它依赖时效性和话题性而风靡，因此保鲜期非常短暂。,universality,equivalency,topicality,commonality,advocacy,immediacy,topicality,immediacy,topicality,immediacy
963,"Mathematics is concerned with pattern and order, and since we could not exist in a universe with neither pattern nor order, the fact that we live in a world that is mathematical is not _______.",数学关乎模式与秩序，而由于我们不可能存在于一个既无模式又无秩序的宇宙中，因此我们生活在一个具有数学规律的世界里这一事实也就不足为奇，并非什么不解之谜。,a puzzle,an axiom,a surprise,a postulate,an assumption,an enigma,a puzzle,an enigma,puzzle,enigma
964,"_______ the idea that attention is a limited resource, scientists have repeatedly observed that drivers using mobile phones are slower to react and more apt to miss important details than are drivers focused solely on the road.",科学家反复观察到，使用手机的驾驶员比全神贯注于路况的驾驶员反应更慢，并且更容易漏掉重要细节，这一现象印证并支持了注意力是一种有限资源的观点。,Extending,Bolstering,Obscuring,Buttressing,Eclipsing,Complicating,Bolstering,Buttressing,Bolster,Buttress
965,"Whether the director’s action was pusillanimous or merely _______, the effect was the same: many board members argued against continuing to entrust leadership to a person who was perceived as unwilling to take risks.",无论该董事的举动是懦弱胆怯还是仅仅出于审慎，其结果都是一样的：许多董事会成员反对继续将领导权托付给一个被认为不愿承担风险的人。,flagrant,envious,prudent,intrepid,brazen,circumspect,prudent,circumspect,prudent,circumspect
966,"By 1600, France’s sense of itself as a nation bound by a shared destiny was _______, but over the course of the seventeenth century, French culture regained the strength it had had in the Middle Ages.",到1600年，法国作为一个命运与共的国家的自我认同感依然十分脆弱不稳，但在整个17世纪，法国文化重新获得了其在中世纪曾拥有的强大影响力。,absent,innocuous,benign,unique,precarious,uncertain,precarious,uncertain,precariou,uncertain
967,"Conceivably, the governor might find a genuine resolution to the budgetary dilemma, but he may be tempted to go for a fudge: a _______ display of fiscal prudence without serious adjustments in spending.",可以想象，州长或许能找到财政预算困境的真正解决方案，但他可能会忍不住采取敷衍了事的权宜之计：在不认真调整支出的情况下，虚假地做出一副财政审慎的姿态。,saccharine,spurious,scrupulous,blatant,specious,rigorous,spurious,specious,spuriou,speciou
968,The composer’s _______ particular genres was clear: she returned again and again to the same styles of music throughout her career.,这位作曲家对特定体裁的偏爱显而易见：在她的整个职业生涯中，她一次又一次地回归相同的音乐风格。,creativity in,predilection for,mastery of,partiality to,familiarity with,inventiveness in,predilection for,partiality to,predilection for,partiality to
969,"For all the _______ that would later come to plague the committee, the atmosphere when it was initially convened was one of optimistic camaraderie.",尽管委员会后来饱受激烈冲突与敌意怨恨的困扰，但最初召集时，现场却洋溢着乐观融洽的同志情谊氛围。,acrimony,controversy,apathy,rancor,despair,frustration,acrimony,rancor,acrimony,rancor
970,Her poetry was marked by a tension between modernity and traditionalism: she adhered to classical modes of expression while deriving inspiration from _______ social themes.,她的诗歌具有现代性与传统主义之间张力的显著特征：她在坚持古典表达方式的同时，又从当下的社会主题中汲取灵感。,difficult,contemporary,challenging,topical,conventional,controversial,contemporary,topical,contemporary,topical
971,"Attempts to calm down the _______ toddler proved futile: he fidgeted, hollered, and whined during the entire three-hour plane flight.",安抚那个烦躁吵闹且难以安抚的幼儿的种种努力均告徒劳：在整整三个小时的飞行中，他又抓又蹬、大呼小叫、哭闹不止。,befuddled,recalcitrant,impassive,serene,morose,restive,recalcitrant,restive,recalcitrant,restive
972,"Party leaders hoped to find a single compelling issue that would _______ party members across the country, prompting them to turn out in significant numbers on election day.",政党领袖希望能找到一个引人注目的核心议题来激励全国的党员，从而促使他们在选举日大批前往投票。,satisfy,rouse,intrigue,animate,hamper,impede,rouse,animate,rouse,animate
973,"In stark contrast to her earlier plays, which are noisily crammed with monologues and overlapping dialogue, Caryl Churchill’s later theatrical works are notably _______.",与她早期充斥着喧闹独白和重叠对白的话剧形成鲜明对比的是，卡里尔·丘吉尔后期的戏剧作品明显凝练简省。,laconic,inventive,cogent,resourceful,spare,bland,laconic,spare,laconic,spare
974,Brody argues that teaching people what is good for them is not enough to change behavior: education must be accompanied by measures that _______ unhealthy habits.,布罗迪认为，单靠教育人们什么对自己有益并不足以改变行为：教育必须辅以能够遏制不健康习惯的措施。,curb,identify,pinpoint,check,extirpate,stigmatize,curb,check,curb,check
975,"While most of the student’s paper is replete with the kind of writing that deters comprehension, the paper does occasionally slip into a remarkable _______.",尽管这名学生的论文大部分充斥着阻碍理解的晦涩文字，但论文中偶尔也会流露出非同寻常的清晰明了。,perspicuity,vacuity,cynicism,intelligibility,unreality,fatuousness,perspicuity,intelligibility,perspicuity,intelligibility
976,"Recognizing the _______ of earthen material, the West African artists who employ it develop strategies for extending its lifespan, including the application of plasters, organic pigments, and commercial paints.",西非艺术家在使用泥土材质时深知其脆弱易损的特质，因而摸索出了延长其寿命的方法，包括涂抹石膏、有机颜料和商业油漆。,fragility,crudity,unwieldiness,awkwardness,impermanence,scarcity,fragility,impermanence,fragility,impermanence
977,"The large molars are the most _______ of prehistoric mammals’ teeth; hence, most of the focus in mammalian paleodentistry is on the subtle changes in the shapes of crests and cusps on the molars.",大型臼齿是史前哺乳动物牙齿中最具鉴定识别意义的部分；因此，哺乳动物古牙科学的大部分重点都放在臼齿齿脊和齿尖形状的细微变化上。,ubiquitous,diagnostic,revealing,unique,valuable,intriguing,diagnostic,revealing,diagnostic,reveal
978,The distance between Tibetan villages is sometimes _______ by the number of cups of tea necessary to sustain a person traveling that route: three cups of tea are roughly equal to eight kilometers.,西藏村落之间的距离有时是根据一个人走完该路段所需维持体力的酥油茶碗数来衡量的：三碗茶大约相当于八公里。,gauged,truncated,curtailed,reckoned,illustrated,magnified,gauged,reckoned,gaug,reckon
979,"While the country may sustain its growth for another two to three decades and _______ the optimists, there are equally strong odds that its growth will fizzle.",尽管该国可能会在接下来的二三十年里保持增长并证明乐观主义者的预测是正确的，但其经济增长同样有很大几率会化为泡影。,uphold,pacify,consternate,enliven,vindicate,dumbfound,uphold,vindicate,uphold,vindicate
980,"The space travels described in science fiction stories were always epic adventures, and, when compared with those travels, current journeys in space are much smaller and the tasks performed are far more _______.",科幻故事中所描绘的太空旅行始终是史诗般的冒险，而与这些旅行相比，当前的太空探索规模要小得多，所执行的任务也远更为日常和平凡琐碎。,preposterous,quotidian,exciting,prosaic,dramatic,insignificant,quotidian,prosaic,quotidian,prosaic
981,"Because urban soils are formed from diverse, often nonsoil, materials and have gone through variable periods of development, the normal heterogeneity encountered in wetland soils may be greatly _______ in urban wetlands.",由于城市土壤是由多样化的、往往是非土壤的材料构成的，并且经历了不同时期的演变，因此湿地土壤中常见的常规异质性在城市湿地中可能会被大大放大。,misrepresented,curtailed,underestimated,diminished,magnified,intensified,magnified,intensified,magnify,intensify
982,"Because the Earth’s atmospheric system is complex, involving processes operating on different timescales, not all of which are well understood, arguments over changes in the atmosphere are often _______.",由于地球大气系统十分复杂，涉及在不同时间尺度上运行的过程，且并非所有过程都得到了充分理解，因此关于大气变化的争论往往旷日持久且陷入僵局。,animated,stymied,protracted,lamented,avoided,deadlocked,protracted,deadlocked,protract,deadlock
983,Irene’s unparalleled _______ in the matter of evaluating positions on the chessboard made her the chess champion of her school district.,艾琳在评估棋盘局势方面无与伦比的敏锐洞察与精湛技艺，使她成为了所在学区的国际象棋冠军。,acumen,celerity,adroitness,diffidence,timorousness,temerity,acumen,adroitness,acumen,adroitness
984,"There’s _______ throughout the Broadway adaptation of The Color Purple that, while hardly true to the harrowing bleakness of the early chapters of Alice Walker’s novel, does bring to mind the enjoyable hokey cinematic lavishness of the film version.",百老汇改编版《紫色姐妹花》通篇散发着一种华美与奢华，虽然这很难忠实还原爱丽丝·沃克原著小说前几章中令人痛心的凄凉阴郁，但确实让人联想起了电影版中那种令人愉悦、略带夸张的华丽感。,a starkness,a splendor,an austerity,a sumptuousness,a frivolousness,a gravity,a splendor,a sumptuousness,splendor,sumptuousness
985,"The pianist’s music is nothing if not _______: with her unorthodox adaptations of works from many traditions from around the globe, she goes beyond standard vocabularies and categorizations to create an appealing new type of post-genre catalog.",这位钢琴家的音乐极其兼收并蓄：通过对全球众多传统的音乐作品进行非传统的改编，她超越了常规的音乐语汇和分类，创造出一种引人入胜的新型“后流派”风格曲目。,eclectic,innovative,cerebral,heterogeneous,esoteric,erudite,eclectic,heterogeneous,eclectic,heterogeneou
986,"Though some of the former leader’s policies had been officially critiqued, the ruling party could hardly _______ him because it had built much of its legitimacy upon his charisma.",尽管前领导人的一些政策受到过官方批评，但执政党很难与他划清界限，因为该党的合法性很大程度上建立在他的个人魅力之上。,vindicate,espouse,renounce,scrutinize,acquit,disavow,renounce,disavow,renounce,disavow
987,"One can expect that future generations will steadily become less _______ as new technologies enable the substitution of online activities for social, work- and shopping-related travel.",人们可以预见，随着新技术使线上活动能够替代与社交、工作和购物相关的出行，未来几代人四处奔波出行的频率将会逐渐降低。,charitable,itinerant,peripatetic,reticent,munificent,inquisitive,itinerant,peripatetic,itinerant,peripatetic
988,"Some of the characters and themes depicted on the painted glass vessels found at Begram point toward an Egyptian provenance, but Egypt was not the _______, and perhaps not even the principal, place of manufacture.",贝格拉姆出土的彩绘玻璃器皿上描绘的某些人物和主题指向了埃及渊源，但埃及并不是唯一的制造地，甚至可能连主要产地都算不上。,main,leading,sole,likeliest,original,exclusive,sole,exclusive,sole,exclusive
989,"While many publications offered rather _______ reviews of Ellen Semple’s Influences of Geographic Environment, the Sun presented a more thoughtful and considered response to the book.",虽然许多出版物对艾伦·森普尔的《地理环境的影响》一书给出了相当敷衍肤浅的评论，但《太阳报》对该书的评价则显得更为深刻且深思熟虑。,guarded,unhelpful,cautious,perfunctory,superficial,negative,perfunctory,superficial,perfunctory,superficial
990,"Although a dedicated reader of the book can _______ a brief chronology of Chappelle’s life, the book is nevertheless not a true biography of Chappelle.",尽管专注的读者可以从书中梳理出查佩尔生平的简略年表，但这本著作依然算不上查佩尔真正的传记。,miss,imagine,overlook,extract,ferret out,summarize,extract,ferret out,extract,ferret
991,"Although a dedicated reader of the book can _______ a brief chronology of Chappelle’s life, the book is nevertheless not a real biography of Chappelle.",尽管专注的读者可以从书中收集整理出查佩尔生平的简要年表，但这本著作依然算不上查佩尔真正意义上的传记。,miss,obtain,overlook,excuse,forgo,glean,obtain,glean,obtain,glean
992,"Nicolaus Copernicus’ On the Revolutions of the Celestial Spheres, published in 1543, laid out the theory that Earth and the other planets go around the Sun, _______ a long-held belief that Earth was the center of the universe.",尼古拉·哥白尼于1543年出版的《天体运行论》提出了地球和其他行星围绕太阳旋转的理论，否定了长期以来认为地球是宇宙中心的传统观念。,contravening,sanctioning,ratifying,consolidating,gainsaying,prefiguring,contravening,gainsaying,contraven,gainsay
993,The _______ of Craig’s government had left the nation almost totally unprepared for war when it came.,克雷格政府的懈怠迟钝，使得这个国家在战争来临时几乎毫无防备。,somnolence,inexperience,lethargy,obstinacy,perspicacity,acuity,somnolence,lethargy,somnolence,lethargy
994,"For all the flexibility of mind and spirit yoga is supposed to bestow upon those who embrace it, some yoga students can be surprisingly _______ in their approaches to the practice.",尽管瑜伽理应赋予练习者身心的灵活与开阔，但令人惊讶的是，一些瑜伽学员在对待这项练习的方式上却显得极为教条和死板。,tolerant,dogmatic,unpredictable,rigorous,orthodox,accepting,dogmatic,orthodox,dogmatic,orthodox
995,Lena’s predisposition toward _______ is reflected in her use of possessions for as long as she can before replacing them.,莉娜节俭的倾向体现在她总是尽可能长久地使用物品，不到万不得已绝不更换。,parsimony,profusion,economy,lavishness,liberality,fastidiousness,parsimony,economy,parsimony,economy
996,"The predicted lifetime of methane, the simplest and most abundant organic molecule in the cosmos, is brief enough that the _______ of methane in the Martian atmosphere indicates a recurrent source.",甲烷作为宇宙中最简单且最丰富的有机分子，其预计寿命非常短暂，因此火星大气中甲烷的持续存在表明存在着持续补充的来源。,breakdown,volatility,persistence,layering,decomposition,continuity,persistence,continuity,persistence,continuity
997,"In the eighteenth and nineteenth centuries, Native American nations were hardly _______ entities: they waxed and waned, with some gaining power and others losing it.",在18和19世纪，美洲原住民部落绝非一成不变的实体：他们经历了盛衰起伏，有的势力逐渐壮大，有的则日趋衰落。,authoritarian,static,cohesive,fragile,unvarying,despotic,static,unvarying,static,unvary
998,"Despite the director’s penchant for exploring the limits of cinematic style and form, his recent film is surprisingly _______.",尽管这位导演向来热衷于探索电影风格和形式的极限，但他最近的这部电影却出奇地保守沉闷。,pretentious,staid,tedious,unadventurous,multifaceted,intricate,staid,unadventurous,staid,unadventurou
999,"She was _______ debater, always choosing to press an argument to its logical conclusion even if the results would be subversive of the whole existing order of society.",她是一位毫不妥协、步步紧逼的辩论者，总是坚持把论证推导到其终极逻辑结论，即便这一结果可能会颠覆现有的整个社会秩序。,an adroit,a frequent,an unfair,an implacable,a relentless,a devious,an implacable,a relentless,implacable,relentless
1000,Leonardo did not paint his mural Last Supper by the tried-and-true method of working on wet plaster; whether he adopted the method he used from experimental genius or from _______ remains unclear.,列奥纳多·达·芬奇并没有采用在湿灰泥上作画这一屡试不爽的成熟技法来绘制壁画《最后的晚餐》；他之所以采用当时的方法，究竟是源于天才的实验精神还是技艺上的生疏拙劣，至今仍不得而知。,incompetence,inconstancy,exigency,ineptitude,conventionality,conformity,incompetence,ineptitude,incompetence,ineptitude
1001,"Just as people who visit wineries end up walking away with a case instead of a bottle, it’s a given that people leave pick-your-own orchards with _______ of apples.",正如参观酒庄的人最终往往会搬走一整箱而不是只买一瓶酒一样，去自采果园的人离开时满载过量的苹果也是显而易见的。,a shortage,a selection,a sample,a surfeit,a panoply,an excess,a surfeit,an excess,surfeit,excess
1002,"The great jazz trumpeter John Birks Gillespie, who was saddled with the nickname “Dizzy” because of his onstage _______ was always considered a comparatively stable and reliable individual despite the nickname.",伟大的爵士小号手约翰·伯克斯·吉莱斯皮因其在舞台上的滑稽搞怪举动而被冠以“眩晕”（Dizzy）的绰号，但尽管有这样一个外号，人们始终认为他是一个相对稳重可靠的人。,antics,capers,composure,truculence,cruelty,ability,antics,capers,antic,caper
1003,"Architectural Modernism thumbed its nose at tradition and therefore firmly avoided symmetry, since symmetrical design was considered _______.",建筑现代主义对传统嗤之以鼻，因而坚决摒弃对称，因为对称的设计被视为是倒退且过时的。,pretentious,retrograde,inflexible,trendy,fashionable,outmoded,retrograde,outmoded,retrograde,outmod
1004,"Although penguins have a long history on the African continent, Africa has at times become _______ individual penguin species, with several species being driven to extinction before the Middle Pleistocene.",尽管企鹅在非洲大陆有着悠久的历史，但非洲有时也会变得不适宜某些企鹅物种生存，致使若干物种在中更新世之前就已走向灭绝。,unappealing to,untenable for,inaccessible to,unrepresentative of,uninhabitable for,onerous to,untenable for,uninhabitable for,untenable for,uninhabitable for
1005,"Some renewable energy technologies are quite _______: for example, hydropower from dams and rivers has been a source of power generation since the early 1900s, and today it supplies sixteen percent of electricity worldwide.",一些可再生能源技术已经相当成熟主流：例如，利用大坝和河流的水力发电早在20世纪初就已成为电力来源，如今它为全球供应了16%的电力。,inexpensive,effective,mainstream,conventional,influential,appealing,mainstream,conventional,mainstream,conventional
1006,"Although many parents tend to be extremely critical of the public school educational system as a whole, they are reluctant to treat their children’s teachers with equal _______.",尽管许多家长往往对公立学校的整体教育体系极为挑剔指责，但他们却不愿以同样的鄙夷谴责来对待自己孩子的老师。,forethought,prudence,opprobrium,reverence,disdain,consideration,opprobrium,disdain,opprobrium,disdain
1007,"Art historian Olu Oguibe contests Cavell’s assumption of a human inclination to escape subjectivity, noting in the human species a _______ to challenge the veracity of that which professes to be purely objective.",艺术史学家奥卢·奥吉贝反驳了卡维尔关于人类有逃避主观性倾向的假设，他指出人类反而具有一种质疑那些自称纯客观事物之真实性的天生倾向。,reluctance,failure,hesitancy,capacity,disposition,proclivity,disposition,proclivity,disposition,proclivity
1008,"Although “reform” is a powerful word for advocates of democracy, not everything called a reform is a good idea: too often, the term is used by those promoting policies that are hardly _______.",尽管“改革”对民主倡导者而言是一个强有力的词汇，但并非所有冠以改革之名的举措都是好主意：这个词往往被那些推行极不无私且缺乏利他性政策的人所滥用。,meretricious,unselfish,spurious,altruistic,illegitimate,practicable,unselfish,altruistic,unselfish,altruistic
1009,"The author argued that the industrial agricultural system that prevails in the United States is unsustainable and, therefore, anything that _______ it should be questioned.",该作者认为，目前在美国盛行的工业化农业体系是不可持续的，因此，任何支持和巩固该体系的行为都应当受到质疑。,streamlines,reinforces,encumbers,buttresses,endangers,hampers,reinforces,buttresses,reinforce,buttresse
1010,The writer had little interest in realism; many of his stories take place in a world either fancifully sketched out or purposefully _______.,这位作家对现实主义缺乏兴趣；他的许多故事都发生在一个要么充满奇幻勾勒、要么刻意模糊神秘的世界中。,mythical,plausible,mundane,enigmatic,banal,ambiguous,enigmatic,ambiguous,enigmatic,ambiguou
1011,"It can be a daunting task to plunge into the disparate and extensive data sets on the carnivores and _______ meaningful patterns from their extraordinary morphological, behavioral, and ecological diversity.",深入钻研关于食肉动物庞大繁杂的数据集，并从其非同寻常的形态、行为和生态多样性中提炼出有意义的规律，可能是一项艰巨的任务。,distill,conjure,distinguish,extract,conceal,hide,distill,extract,distill,extract
1012,"The photocopier, widely adopted in the 1960s, became not merely a vehicle for copying but one for publishing in _______ manner, so that ideas could be circulated without interference from potential censors.",复印机在20世纪60年代得到广泛应用，它不仅成为了一种复制手段，更成为了一种秘密出版的工具，使各种思想能够在不受潜在审查者干扰的情况下得以传播。,an incendiary,a clandestine,an expeditious,a collaborative,cooperative,a surreptitious,a clandestine,a surreptitious,clandestine,surreptitiou
1013,"Catherine the Great’s approach to garden design was _______ with a vengeance; she sprinkled the grounds of her palace with follies, bridges, bathhouses, and monuments in whatever style caught her fancy.",叶卡捷琳娜大帝在园林设计上的理念极其兼收并蓄；她在宫殿庭园中点缀了各式奇趣亭阁、桥梁、浴室和纪念碑，只要合她心意，无论何种风格皆可入园。,parsimonious,strenuous,frugal,eccentric,wide-ranging,eclectic,wide-ranging,eclectic,wide-rang,eclectic
1014,"Although eighteenth- and nineteenth-century German aestheticians regarded ancient Greek sculpture as the paradigmatic art form, they discussed the specific artistic qualities of that sculpture quite _______, often relegating it to the more general category of plastic art.",尽管18和19世纪的德国美学家将古希腊雕塑视为典范艺术形式，但他们对该雕塑具体艺术特质的探讨却相当浮于表面且敷衍草率，常常将其简单归入更为宽泛的造型艺术范畴。,superficially,seriously,rarely,earnestly,perfunctorily,maladroitly,superficially,perfunctorily,superficially,perfunctorily
1015,"Believing fervently that very few truly good poems are written without a great deal of deliberation and revision, the poet urged her creative-writing students to be extremely _______.",这位诗人坚信，没有大量的深思熟虑和反复推敲修改，就很难写出真正优秀的好诗，因此她敦促创意写作课程的学生务必做到极其严谨苛求与精益求精。,imaginative,fastidious,inventive,finicky,intuitive,spontaneous,fastidious,finicky,fastidiou,finicky
1016,"The effect of the distant past on an individual’s financial decisions _______ much more slowly than the authors of the study had expected, with the impact of events early in life persisting decades into the future.",遥远过去的经历对个人财务决策的影响减退消散的速度远比该研究的作者预期的要慢，早年生活事件的影响甚至会延续数十年之久。,emerges,abates,clarifies,materializes,changes,dissipates,abates,dissipates,abate,dissipate
1017,"Khirigsuurs, distinctive stone-mounded monuments, are so _______ in central and western Mongolia that it has been argued that they were the defining features of the human landscapes of prehistoric Inner Asia.",赫列克苏尔这种独特的石堆遗迹在蒙古中西部极为普遍且随处可见，以至于有人认为它们是史前内亚人文景观的标志性特征。,ubiquitous,multifarious,prevalent,varied,admired,overwhelming,ubiquitous,prevalent,ubiquitou,prevalent
1018,"In 1960 astronomer Frank Drake used a radio telescope to search for extraterrestrial beings, and ever since, astronomers inspired by Drake _______ have the notion that radio could bridge the gulfs marooning civilizations in space and time.",1960年，天文学家弗兰克·德雷克利用射电望远镜搜寻地外智慧生命；自那以后，受德雷克启发的广大天文学家便始终坚持这一信念：无线电能够跨越将不同文明困在时空深处的浩瀚鸿沟。,indulged in,ridiculed,persevered in,persisted in,emphasized,derided,persevered in,persisted in,persever in,persist in
1019,"Before 1917, the Russian workforce had been one of the most politically active and vociferous in the world; under the Soviets this _______ disappeared.",1917年之前，俄罗斯劳工阶层曾是世界上政治上最活跃、发声最激昂的群体之一；然而在苏维埃政权统治下，这种桀骜不驯的好斗姿态彻底消失了。,skepticism,bravado,diffidence,truculence,belligerence,incredulity,truculence,belligerence,truculence,belligerence
1020,The legislators didn’t merely sell out to business: they retreated to _______ style of governing whereby the interest group that is currently lobbying the hardest on an issue determines the party’s position.,这些立法者不仅向商业利益出卖原则，更是退缩到一种懦弱胆怯的执政模式中——即哪个利益集团在某一问题上游说力度最大，该集团就决定该党的立场。,a reckless,a rigid,a craven,an unyielding,an arrogant,a cowardly,a craven,a cowardly,craven,cowardly
1021,"As the twentieth century fades into history, we have a remarkably _______ understanding of the physical universe: astronomers have developed viable creation paradigms for the formation of virtually everything in the known universe.",随着20世纪渐成历史，我们对物理宇宙有了极为清晰透彻的理解：天文学家已经为已知宇宙中几乎所有事物的形成建立了切实可行的演化模型。,adaptable,clear,flexible,lucid,broad,static,clear,lucid,clear,lucid
1022,"Pop music continually recycles itself, building new hits around familiar themes, and successful new acts often do not even bother to disguise their _______.",流行音乐不断自我循环，围绕熟悉的母题打造新的热门单曲，而成功的新晋艺人甚至往往懒得掩饰自己的借鉴与剽窃行为。,appropriations,innovations,influences,pilferage,originality,complicity,appropriations,pilferage,appropriation,pilferage
1023,"The danger of isolation appears often in Anishinaabe stories but is nowhere more _______ than in the Cree and Ojibwa tales about the Windigo, a terrifying ice monster that is literally a lost soul.",孤立隔绝的危险经常出现在阿尼什纳比族的故事中，但在克里族和奥吉布瓦族关于温迪戈（一种名副其实的迷失之魂、可怕的冰霜怪兽）的传说中表现得最为显著突出。,imperative,striking,bracing,pronounced,enigmatic,inscrutable,striking,pronounced,strik,pronounc
1024,Overlapping impact basins on the surface of the Moon are evidence of a time when large meteoric impacts were _______.,月球表面重叠的撞击盆地证明了一个大型陨石撞击曾经屡见不鲜、司空见惯的时代。,inevitable,commonplace,random,catastrophic,unremarkable,unpredictable,commonplace,unremarkable,commonplace,unremarkable
1025,"The term “digital divide” is often _______: instead of a binary distinction between “haves” and “have nots,” access to information technology varies along multiple dimensions, including the type of service and connection speed.",“数字鸿沟”这一术语往往是毫无助益的：获取信息技术的能力并非简单的“拥有者”与“匮乏者”之间的二元对立，而是在包括服务类型和连接速度在内的多个维度上存在差异。,ambiguous,unhelpful,scornful,tendentious,pejorative,useless,unhelpful,useless,unhelpful,useless
1026,"Even the most skeptical readers could hardly deny that the novelist’s best books are remarkably _______: they thrum with energy, imagination, and something resembling white-hot inspiration.",即使是最持怀疑态度的读者也很难否认，这位小说家最优秀的作品极其生机勃勃、充满活力：它们跳动着能量、想象力以及某种类似于炽热灵感的激情。,inventive,engaging,spirited,compassionate,vigorous,warmhearted,spirited,vigorous,spirit,vigorou
1027,"The _______ list of interviewees included everyone from an oceanographer to a microbiologist, to a filmmaker.",这份涵盖广泛、包罗万象的受访者名单囊括了从海洋学家、微生物学家到电影制作人的各界人士。,profligate,sweeping,circumscribed,elite,comprehensive,meager,sweeping,comprehensive,sweep,comprehensive
1028,"Because Latin American colonial societies were fundamentally organized along hierarchical bases, the spatial arrangement of the cities and towns was also _______ ranking.",由于拉丁美洲殖民地社会从根本上是按等级制度组织起来的，因此城镇的空间布局也完全渗透着严格的等级观念。,subordinate to,imbued with,equated with,permeated by,compromised by,constrained by,imbued with,permeated by,imbu with,permeate by
1029,"Although extreme and singular events occur in a black hole, its event horizon boundary is _______: space travelers crossing it would be subject to the same physical laws that apply anywhere else.",尽管黑洞内部会发生极端而奇异的事件，但其事件视界边界本身却是平常无奇的：穿越边界的太空旅行者依然要遵循适用于其他任何地方的相同物理定律。,illusory,obscure,unremarkable,immutable,unchanging,commonplace,unremarkable,commonplace,unremarkable,commonplace
1030,"She had a feeling that was not yet fully articulated, _______ sense that something extraordinary and wonderful awaited her.",她产生了一种尚未完全成形、无法清晰言明的感觉，隐约觉得有某种非凡而美妙的事物正在等待着她。,an inchoate,an onerous,a burdensome,an incipient,a foreboding,an enchanting,an inchoate,an incipient,inchoate,incipient
1031,"The 1901 steel negotiations featured Morgan in his most famously _______ mode: knocking heads together, barking out prices for properties, and forcing titans to truckle to his will.",1901年的钢铁谈判展现了摩根最广为人知的那种极富戏剧性的强势做派：强行化解各方分歧，厉声开出资产要价，并迫使业界巨头屈从于他的意志。,quixotic,eccentric,histrionic,theatrical,chivalrous,importunate,histrionic,theatrical,histrionic,theatrical
1032,The North Atlantic Oscillation is a seesaw of atmospheric pressure between a persistent high over Portugal’s Azores islands and an equally _______ low over Iceland.,北大西洋涛动是指葡萄牙亚速尔群岛上空持续存在的高气压与冰岛上空同样经久稳定的低气压之间的大气压力跷跷板现象。,enduring,delimited,abiding,variable,anemic,bounded,enduring,abiding,endur,abid
1033,Executives of successful companies frequently fail to exploit innovative new products because often they see only the difficulties and not the benefits of shifting financial and human resources from their profitable ongoing concern to something _______.,成功企业的高管往往未能有效利用创新型新产品，因为他们往往只看到把资金和人力资源从目前盈利稳定的主营业务转移到充满风险和投机性的事物上的困难，而忽视了其潜在益处。,impractical,risky,earthshaking,vague,speculative,intangible,risky,speculative,risky,speculative
1034,"Yang Hong’s studies of ancient Chinese tombs transcribe the tombs’ epitaphs and inscriptions, noting whether these texts corroborate available information about the deceased’s life or ancestry or _______ it by presenting biographical material not found elsewhere.",杨泓对中国古代墓葬的研究抄录了墓中的墓志与铭文，并指出这些文本是印证了关于逝者生平或世系的已知信息，还是通过提供在别处未见记载的生平材料对已有信息进行了补充和丰富。,disseminate,contradict,supplement,obviate,augment,promulgate,supplement,augment,supplement,augment
1035,"Stannard may be hoping to resurrect Spark’s literary reputation with this book, given its _______ praise for her creative talents.",鉴于斯堪纳德在本书中对斯帕克的创作才华给予了毫不吝惜的盛赞，他或许是希望借此书来重振她的文学声誉。,unctuous,genuine,grudging,reluctant,unstinting,generous,unstinting,generous,unstint,generou
1036,"The tools of science are so specialized that we accept them as a kind of _______ machinery for producing knowledge: we know that they work, but cannot explain why.",科学工具是如此专业化，以至于我们将它们视为生产知识的某种神秘莫测的机制：我们知道它们行之有效，却无法解释其中的道理。,occult,efficacious,potent,arcane,impersonal,reliable,occult,arcane,occult,arcane
1037,"The pupil had a reputation for obduracy, but the teacher found her to be, on the contrary, quite _______.",该学生素有顽固固执的名声，但老师却发现她恰恰相反，其实相当温顺乖巧且易于管教。,zealous,truculent,bellicose,tractable,efficient,complaisant,tractable,complaisant,tractable,complaisant
1038,The patrician old guard fancied itself _______ elite acting in ways that served the public interest; but in practice it proved to be intent on retaining its special advantages.,贵族老派守旧势力自以为是服务于公共利益的公正无私的精英阶层；但实际上，他们一心只想着维护自身的特权利益。,a maligned,a learned,a benevolent,an idealistic,an impartial,a disinterested,an impartial,a disinterested,impartial,disinterest
1039,"The removal of methane from transport emissions is a major _______ for automakers and catalyst suppliers: after decades, there has been little progress in developing catalysts that can initiate methane oxidation at the required temperatures.",消除交通排放中的甲烷对汽车制造商和催化剂供应商而言是一大严峻挑战与障碍：几十年过去，在开发能在所需温度下引发甲烷氧化的催化剂方面几乎毫无进展。,accomplishment,challenge,embarrassment,triumph,expense,obstacle,challenge,obstacle,challenge,obstacle
1040,"Wilkinson believes that the subversion of science is widespread, though generally more subtle than the particularly _______ cases he selected to draw attention to his book.",威尔金森认为，对科学的颠覆破坏是普遍存在的，尽管通常比他为了吸引人们关注其著作而挑选的那些尤为公然显眼的案例要隐蔽得多。,blatant,innocuous,conspicuous,controversial,insignificant,disconcerting,blatant,conspicuous,blatant,conspicuou
1041,"Some consider the theorem Emmy Noether first published in 1918 to be as important as Einstein’s theory of relativity, since much of today’s vanguard research in physics is _______ Noether’s theorem.",有些人认为埃米·诺特于1918年首次发表的定理与爱因斯坦的相对论同样重要，因为当今物理学的许多前沿研究都依赖于诺特定理作为支撑。,contradicted by,undergirded by,incompatible with,dependent on,devoted to,elucidated by,undergirded by,dependent on,undergird by,dependent on
1042,"The sound of disembodied human breathing in Miyazaki’s films is at once a presence, close to the listener’s ear, and a ghostly absence due to its lack of a visual _______.",在宫崎骏的电影中，不见人影的人类呼吸声既是一种近在听众耳畔的真实存在，又因为缺少视觉上的对应形象而显得如幽灵般虚无缺席。,image,counterpart,urgency,correlative,cue,background,counterpart,correlative,counterpart,correlative
1043,"One of the virtues of the essay collection is that it presents _______ views side by side, showing a wide range of thought and highlighting the contentious nature of many of the arguments within the discipline.",该论文集的优点之一在于它将彼此冲突不一致的观点并列呈现，展现了广泛的思想流派，并突出了该学科内许多争论的争议性本质。,dissonant,congenial,incongruent,inconstant,authoritative,whimsical,dissonant,incongruent,dissonant,incongruent
1044,"For many readers, dissatisfaction with the book’s contents will be _______ by the author’s tone, which is decidedly immodest—though it might be said in his defense that given his professional success, he has much to be immodest about.",对许多读者而言，对该书内容的不满还会因作者毫不谦逊的语气而进一步加剧——尽管为他辩护的人可能会说，鉴于他在专业上的成功，他确实有足够的资本不谦虚。,aggravated,mitigated,exacerbated,leavened,confirmed,contravened,aggravated,exacerbated,aggravate,exacerbate
1045,The late nineteenth century saw a shift in the production of African American history writing as works by _______ authors came to be outnumbered by the publications of professional African American academics.,19世纪末，非裔美国人历史写作的产出格局发生了转变，业余非专业作者的作品在数量上逐渐被非裔专业学者的出版物所超越。,established,literary,lay,erudite,prominent,avocational,lay,avocational,lay,avocational
1046,There is a _______ in the author’s writing: the words seem to stand almost in defiance of one another.,这位作者的文字中蕴含着一种紧张与冲突张力：字里行间彼此之间似乎几乎处于一种相互抗衡的状态。,discrepancy,tension,misconception,discord,delusion,controversy,tension,discord,tension,discord
1047,The actor was quick to warn new members of the cast that the director’s cherubic countenance belied _______ temperament.,这位演员迅速提醒剧组新成员，导演天使般温和纯真的面容掩盖了他暴躁易怒的脾气。,a deceitful,a choleric,a morose,an imperious,a vengeful,an irascible,a choleric,an irascible,choleric,irascible
1048,"For Comte, the Revolution was not meant to tear society apart; rather, it was a long-awaited invitation to _______ a new civic order.",在孔德看来，革命的目的并非撕裂社会，而是期盼已久地呼唤人们去构建一种全新的公民秩序。,rectify,mend,engender,proclaim,embrace,construct,engender,construct,engender,construct
1049,"Because video game users control their character’s actions, the distinction between media user and character is not as _______ in video games as it is in traditional media, where audience members simply witness characters’ actions.",由于电子游戏玩家掌控着角色的行动，所以在电子游戏中，媒介使用者与角色之间的界限并不像在传统媒体中那样清晰显著，因为传统媒体的受众仅仅只是目睹角色的所作所为。,fluid,salient,fraught,elusive,palpable,charged,salient,palpable,salient,palpable
1050,Many ceremonial African masks and figures are intended to be _______: they are often left to degrade naturally or even destroyed after use.,许多非洲仪式用的面具和雕像原本就是设计为短暂存在的：它们在使用后往往任由其自然风化分解，甚至会被直接销毁。,functional,disposable,eclectic,ephemeral,exaggerated,transitory,ephemeral,transitory,ephemeral,transitory
1051,Corrigan adopts such _______ view of his subject matter that he has trouble constraining it under any single rubric.,科里根对他的研究课题采取了极为包容宽泛且富有弹性的视角，以至于他很难将其归纳在任何单一的分类范畴之下。,a convoluted,an accommodating,an accessible,a detailed,a familiar,an elastic,an accommodating,an elastic,accommodat,elastic
1052,"Neuroscientists are discovering that our sensory systems are much more interconnected than previously thought: even in ordinary circumstances, our senses can _______ one another in extraordinary ways.",神经科学家发现，我们的感觉系统之间的相互关联程度远超以往的认识：即便在通常情况下，我们的各种感官也能以非同寻常的方式相互协助与支持。,overrule,bypass,abet,improve,circumvent,support,abet,support,abet,support
1053,"While prudence is recognized as a kind of virtue, there is nonetheless a tendency to view someone who is prudent as, in some sense, _______, too narrow and dull to partake of spontaneously arising opportunities.",尽管谨慎被公认为一种美德，但人们仍往往倾向于认为谨慎的人在某种意义上是有所欠缺不足的，认为他们过于狭隘古板，无法把握突然出现的良机。,timid,laudable,wanting,inculpable,exemplary,deficient,wanting,deficient,want,deficient
1054,"She is a familiar figure at conferences not because of her clout because, in the middle of a program of _______ company pitches, she can rouse a laugh and a thought from an audience.",她在各类会议上成为熟面孔并非因其影响力，而是因为在充斥着催眠乏味的公司宣讲的议程中，她总能激发起听众的笑声与思索。,convivial,ingratiating,festive,reproachful,somnolent,soporific,somnolent,soporific,somnolent,soporific
1055,"The author argued that pity interferes with natural progress by artificially preserving weakness; pity, in other words, is not a symptom but _______ of the world’s demise.",该作者认为，同情怜悯通过人为庇护弱者而阻碍了自然的进化进程；换言之，怜悯并非世界衰亡的症状，而是导致其毁灭的推手与工具。,an omen,a vehicle,a reminder,an extension,an instrument,a harbinger,a vehicle,an instrument,vehicle,instrument
1056,Memory is _______ record of the past; it is a rough sketch that can be modified even by the simple act of telling the story.,记忆是对过去的一种可变动的记录；它只是一幅粗略的草图，甚至仅仅通过讲述故事这一行为就可以被改变。,a mutable,a quixotic,a biased,an idealistic,an alterable,an unreliable,a mutable,an alterable,mutable,alterable
1057,"The online discussion was consistently _______, each new posting offering up yet another screed.",网络上的讨论始终充满了火药味与尖酸刻薄，每一篇新帖都在发表又一通愤怒激烈的长篇抨击。,droll,waggish,vitriolic,bombastic,acrimonious,scintillating,vitriolic,acrimonious,vitriolic,acrimoniou
1058,"Whereas science tends to _______ common intuitions regarding human nature, the legal system tends to embrace them.",科学往往对关于人性的常规直觉持怀疑和审视态度，而法律体系则倾向于接纳和信奉这些直觉。,distrust,condone,discourage,question,scorn,countenance,distrust,question,distrust,question
1059,"The combination of Isabella Beeton’s short life and the _______ of evidence for some parts of her story means that at times her biographer, Kathryn Hughes, is forced to fill with background information certain holes in her narrative.",伊莎贝拉·比顿短暂的一生，加上她某些生平证据的匮乏短缺，意味着她的传记作者凯瑟琳·休斯有时不得不使用背景信息来填补叙事中的某些空白。,plethora,paucity,application,relevance,surfeit,shortage,paucity,shortage,paucity,shortage
1060,"When automobiles became _______ in Italy in the early 1950s, the country’s ancient towns were inundated by vehicles, and their historic piazzas became, for a time, little more than parking lots.",20世纪50年代初，随着汽车在意大利变得普遍普及、随处可见，该国的古老城镇被车辆所淹没，其历史悠久的广场一度沦为了事实上的停车场。,fashionable,pervasive,expensive,costly,ubiquitous,affordable,pervasive,ubiquitous,pervasive,ubiquitou
1061,"The prosecutor was extremely slow in filing charges against the accused; however, once that first step had been taken, the court could and did move with relative _______.",检察官在对被告提起诉讼时动作极其缓慢；然而，一旦迈出了这第一步，法院便能够并且确实以相对高效迅速的速度推进了审理。,dispatch,caution,celerity,temerity,wariness,rigor,dispatch,celerity,dispatch,celerity
1062,"In criticizing the novelist as a crude and overbearing satirist, Harrington fumbled toward an accurate grasp of the novelist’s literary method and outsize ego, but Harrington mistook for _______ what is actually the source of the novelist’s greatness.",哈灵顿在批评这位小说家是粗鄙傲慢的讽刺文人时，已摸索触及到了对其文学手法与极度自负性格的准确把握，但他却将实际上造就这位小说家伟大成就的特质误判为了缺陷与不足。,diffidence,deficiency,reticence,dogmatism,inadequacy,partiality,deficiency,inadequacy,deficiency,inadequacy
1063,"Many of the points made in the political writer’s essay on presidential politics were valid, but they were also quite _______ and, as such, did not inspire much debate.",这位政治评论家关于总统政治的文章中提出的许多论点都很合理，但它们同时也过于显而易见、不言自明，因此并未引起太多争议与探讨。,absurd,obvious,patent,recondite,preposterous,defensible,obvious,patent,obviou,patent
1064,"The capacity for rational thought and its manifestation in language have long been assumed to distinguish human from nonhuman animals, but apes’ proven ability to learn and teach sign language to other apes suggests that such a strict human-animal divide is _______.",长期以来，人们一直认为理性思考的能力及其在语言上的体现是将人类与非人类动物区分开来的标志，但类人猿被证明能够学习并将手语传授给其他同类，这一事实表明这种严格的人兽界限是站不住脚的。,indeterminable,indefensible,untenable,intolerable,inevitable,unavoidable,indefensible,untenable,indefensible,untenable
1065,The new technologies capable of rapidly propelling the economy forward over the next few decades may have the added _______ of helping the country cope with long-term fluctuations in economic activity.,在未来几十年有能力迅速推动经济发展的这些新技术，还可能带来有助于国家应对经济活动长期波动的额外益处与优势。,attraction,danger,incentive,benefit,obligation,hazard,attraction,benefit,attraction,benefit
1066,"Roughly 15 percent of the weight of used coffee grounds is oil, which, much like palm and soybean oil, can be converted into biodiesel fuel, and in this context spent coffee has the _______ of not being a food source.",废弃咖啡渣中约有15%的重量是油脂，与棕榈油和大豆油非常相似，可以转化为生物柴油燃料，在这方面，咖啡渣具有不属于粮食来源的独特优势。,reputation,benefit,advantage,drawback,encumbrance,appearance,benefit,advantage,benefit,advantage
1067,"In happier times, ours is a raucous, rude, cacophonous city, _______ cursing, good-natured complaining, and laughing aloud.",在更为欢乐祥和的岁月里，我们的城市是一个喧嚣、粗粝而嘈杂的地方，大声叫骂、善意的牢骚与开怀的大笑在此杂糅交织在一起。,an abyss of,an oasis from,a reminder of,a hodgepodge of,a refuge from,a pastiche of,a hodgepodge of,a pastiche of,hodgepodge of,pastiche of
1068,"Unsurprisingly, the novelist’s new work has not been without its critics, drawing particular attention from those who have _______ the vapidity of other novels of the same genre in a number of acerbic reviews.",不出所料，这位小说家的新作并非没有批评者，尤其是引起了那些曾在多篇尖锐书评中痛斥同类型其他小说乏味空洞的评论家的特别关注。,reprehended,questioned,ignored,overlooked,decried,relished,reprehended,decried,reprehend,decry
1069,"When called before Congress to testify about the revocation of his passport, Paul Robeson defiantly _______ his inquisitors for violating his rights.",当保罗·罗伯逊被传唤到国会就其护照被吊销一事作证时，他毫无惧色地痛斥了质询他的官员侵犯了他的人权。,sanctioned,hounded,lambasted,abrogated,endorsed,excoriated,lambasted,excoriated,lambast,excoriate
1070,"Ruth Carter’s campaigns for Congress were pretty _______: as a liberal in a deeply conservative district, she was virtually certain to lose.",露丝·卡特竞选国会议员的行动相当不切实际：作为极度保守选区中的一名自由派人士，她几乎注定会落败。,conventional,underhanded,contentious,quixotic,indecorous,unrealistic,quixotic,unrealistic,quixotic,unrealistic
1071,"By the late twentieth century, the growing prominence of the disparaging word “pseudoscience” in magazine titles suggested the degree to which the boundaries between real and spurious science had _______.",到了20世纪末，带有贬损意味的“伪科学”一词在杂志标题中日益频繁出现，这表明真实科学与虚假科学之间的界限已经变得更加分明和固化。,hardened,vanished,distended,solidified,inverted,transmogrified,hardened,solidified,harden,solidify
1072,"The idea that literature should be above politics and political commitments would have come as a surprise to writers from the period, whose work was often quite _______.",文学应当超脱于政治和政治承诺之上的观点，会让那个时期的作家感到意外，因为他们的作品往往带有极强的党派偏向与派系色彩。,cursory,polemical,sectarian,superficial,experimental,partisan,sectarian,partisan,sectarian,partisan
1073,"Despite the critic’s assertion that Willa Cather’s place in the literary canon is now so entrenched that it scarcely matters if she were really a modernist, her reputation arguably remains _______.",尽管批评家断言薇拉·凯瑟在文学经典中的地位如今已根深蒂固，以至于她是否真算得上现代主义作家都无伤大雅，但可以说，她的学术声誉在很大程度上依然处于不确定且不够稳固的状态。,flawless,uncertain,impressive,tenuous,consequential,steadfast,uncertain,tenuous,uncertain,tenuou
1074,"To help protect the environment, the United States government currently requires safe storage of coal ash for 30 years, “if feasible,” but many countries that burn coal lack even such _______ environmental safeguards.",为了保护环境，美国政府目前要求“在可行的情况下”对煤灰安全封存30年，但许多燃煤国家甚至连这种标准不高、裁量宽松的环境保护要求都不具备。,modest,onerous,discretionary,burdensome,practical,optional,modest,discretionary,modest,discretionary
1075,"Officials were hardly _______ in providing details; in fact, they gave only the barest account of the incident.",官员们在透露细节方面极不爽快主动；事实上，他们仅对这起事件做了最简略含糊的交代。,forthcoming,accurate,recalcitrant,expansive,unyielding,sincere,forthcoming,expansive,forthcom,expansive
1076,"Supersymmetry in physics is a framework for making models of the world, not a model itself, so future data may _______ the idea of supersymmetry even if all current models are found deficient.",物理学中的超对称是构建世界模型的理论框架，而非模型本身，因此即使当前的所有模型都被证实存在缺陷，未来的数据也依然可能会证实超对称思想的正确性。,test,confute,uphold,express,vindicate,rebut,uphold,vindicate,uphold,vindicate
1077,"Money and the arts have never been easily _______, nor would one want them to be, considering that the arts need funding in order to survive.",金钱与艺术从来都不是那么容易被割裂分割开来的，而且考虑到艺术需要资金支持才能生存，人们也不会希望将二者割裂开来。,disentangled,delineated,described,sundered,understood,conflated,disentangled,sundered,disentangl,sunder
1078,"When Ms. Alvarez campaigns, she tends to _______ small towns; most of her campaign appearances occur in large population centers and media markets.",阿尔瓦雷斯女士在竞选时往往会避开小城镇；她的绝大多数竞选活动都集中在人口稠密的大城市和主流媒体市场。,denigrate,eschew,romanticize,shun,castigate,overlook,eschew,shun,eschew,shun
1079,"When discussing the United States Army’s 1876 campaign against the Sioux, Powers is occasionally _______ context: he describes General Crook’s march to the Battle of the Rosebud but neglects to mention how it fit into the army’s overall strategy.",在讨论美国陆军1876年针对苏族人的战役时，鲍尔斯偶尔会吝于提供背景信息：他描述了克鲁克将军向玫瑰花蕾战役的进军，却忽略了提及这如何契合陆军的总体战略。,misinformed about,obsessed with,frugal with,preoccupied with,stinting with,unscrupulous about,frugal with,stinting with,frugal with,stint with
1080,"Studies of almanacs written in the United States in the nineteenth and early-twentieth centuries have not been particularly _______: only recently have scholars begun to use almanacs in more insightful ways to analyze scientific beliefs, politics, and ideology.",针对19世纪和20世纪初在美国撰写的历书的研究一直以来并不是特别深刻敏锐：直到最近，学者们才开始以更有见地的方式利用历书来分析科学信仰、政治和意识形态。,meticulous,penetrating,acute,lucid,engrossing,reliable,penetrating,acute,penetrat,acute
1081,"There’s no doubt that humans are extraordinarily _______ compared with many other animals: we’re good at reading people’s emotions and adapting our behavior appropriately, we work well in teams, and we sometimes even show kindness to strangers.",毫无疑问，与许多其他动物相比，人类具有极强的社交合群性：我们善于解读他人的情绪并恰当地调整自己的行为，我们在团队中协作良好，有时甚至还会对陌生人表现出善意。,gregarious,heterogeneous,diverse,perceptive,flexible,social,gregarious,social,gregariou,social
1082,"Methane is a more potent greenhouse gas than carbon dioxide, but because carbon dioxide lasts much longer in the atmosphere, it makes a more _______ contribution to global climate change.",甲烷是一种比二氧化碳更强效的温室气体，但由于二氧化碳在大气中留存的时间要长得多，它对全球气候变化产生了更为显著重大的影响。,innocuous,gradual,benign,significant,underestimated,important,significant,important,significant,important
1083,"The manufacturing company’s swift maneuver enabled it to evade the full impact of the increasing cost of raw materials, which brought the downfall of firms that responded less _______.",这家制造公司的迅速调整使其得以避开原材料成本上涨的全面冲击，而那些应对不够敏捷熟练的企业则因此走向倒闭。,ruthlessly,deftly,adroitly,carefully,extravagantly,cautiously,deftly,adroitly,deftly,adroitly
1084,"Cunliffe is intellectually indebted to the Annales school of French economic and social historians, which emphasized largely static environmental influences and long-term historical continuity and regarded political events mainly as _______.",坎利夫在学术思想上受惠于法国经济与社会史学年鉴学派，该学派强调基本静止的环境影响和长期的历史连续性，并主要将政治事件视为微不足道的琐事或转瞬即逝之物。,breakthroughs,advances,disasters,trivia,conundrums,ephemera,trivia,ephemera,trivia,ephemera
1085,"Many of the mid-1980s studies of the interaction between solar wind and the cometary ionosphere represent scientific noise rather than true advances, since interpreting the data frequently led to _______ or even erroneous results.",20世纪80年代中期关于太阳风与彗星电离层相互作用的许多研究代表的是科学噪音而非真正的进步，因为对数据的解读常常导致误导性甚至错误的结果。,misleading,artificial,trivial,unexpected,surprising,superficial,misleading,artificial,mislead,artificial
1086,Growth in agricultural production is not a _______ phenomenon; there are phases of growth and stagnation.,农业生产的增长并不是一种线性的现象；它存在增长期和停滞期。,finite,linear,recurrent,straightforward,predetermined,cyclical,linear,straightforward,linear,straightforward
1087,"Although climate change is projected to increase precipitation for much of the United States, farmers are not _______: the shift will also lead to higher temperatures, increasing evaporation losses to the atmosphere.",尽管预计气候变化将增加美国大部分地区的降水量，但农民们并不感到乐观欣慰：这一转变还会导致气温升高，从而增加蒸发进入大气的损失。,livid,upbeat,naive,perplexed,gratified,stumped,upbeat,gratified,upbeat,gratify
1088,"Even though the amount of detail in the book seems _______ by most standards, some experts contend that much that is necessary has been omitted.",尽管按照大多数标准来看，书中的细节量似乎显得过多过细，但一些专家仍坚称许多必要的内容被遗漏了。,spare,extravagant,lean,excessive,appropriate,typical,extravagant,excessive,extravagant,excessive
1089,"At the core of science fiction is the notion of _______, of asking, “If this phenomenon continues, where will it lead?”",科幻小说的核心在于外推预测的概念，即发问：“如果这种现象继续下去，它将引向何方？”,generalization,extrapolation,projection,compensation,reparation,theorization,extrapolation,projection,extrapolation,projection
1090,California’s building codes are more _______ than those elsewhere in the United States to ensure that structures are capable of protecting people from frequent seismic events.,加利福尼亚州的建筑规范比美国其他地方更为严格苛刻，以确保建筑物能够在频繁发生的地震中保护人们的安全。,circuitous,exacting,controversial,stringent,convoluted,extensive,exacting,stringent,exact,stringent
1091,The students’ _______ natures were in sharp contrast to the steadiness displayed by their teacher.,学生们性情善变浮躁，与他们老师所表现出的沉稳形成了鲜明对比。,volatile,evocative,stressful,capricious,baffling,inscrutable,volatile,capricious,volatile,capriciou
1092,The relationship between mental function and brain anatomy is nowhere near as _______ as in the case of the body: we cannot just look and see what does what in the brain.,大脑解剖结构与心理功能之间的关系远没有身体的情况那样清晰透明：我们无法单凭肉眼观察就看出大脑各部分具体负责什么功能。,mechanical,transparent,complex,lucid,dynamic,intricate,transparent,lucid,transparent,lucid
1093,"Scientists have recently confirmed that Mercury possesses a lot of ice, _______ discovery for a place that ranks among the hottest in the solar system.",科学家们最近证实水星拥有大量冰层，对于一个属于太阳系中最热之列的地方来说，这是一个出人意料且反直觉的发现。,a controversial,a stunning,a doubtful,a counterintuitive,a dubious,an unexpected,a counterintuitive,an unexpected,counterintuitive,unexpect
1094,"Notwithstanding the author’s _______, much of the argument of the book is, unfortunately, wrongheaded.",尽管作者声名显赫、地位崇高，但不幸的是，该书的大部分论点都是错误的。,callowness,eminence,arrogance,inexperience,ingenuity,stature,eminence,stature,eminence,stature
1095,"Since responsibility for content is often _______ in multiauthor papers, it is easy to suppose that such papers may contain more instances of questionable academic practices than do papers by a single author.",由于多作者论文中对内容的责任往往被稀释淡化，人们很容易认为这类论文可能比单一作者的论文包含更多有问题的学术行为。,ignored,diluted,disputed,weakened,highlighted,foregrounded,diluted,weakened,dilute,weaken
1096,"In her book on global capitalism, Putnam’s strong misgivings about multinational corporations are offset by her unmistakable _______ the tycoons who created them.",在她关于全球资本主义的书中，帕特南对跨国公司的强烈疑虑被她对创立这些公司的大亨们毫无掩饰的钦佩赞赏所抵消。,obsession with,acquaintance with,admiration for,regard for,disdain for,dislike of,admiration for,regard for,admiration for,regard for
1097,"The most interesting discoveries in astronomy are often the things researchers could never have anticipated; new instruments enable scientists to make such _______ discoveries, which can then take years to understand.",天文学中最有趣的发现往往是研究人员从未预料到的事情；新仪器使科学家能够做出这样机缘巧合的意外发现，而这些发现随后可能需要花费数年时间才能被理解。,inscrutable,quotidian,provocative,fortuitous,inexplicable,serendipitous,fortuitous,serendipitous,fortuitou,serendipitou
1098,"Singer Nina Simone in many ways defied categorization, with her artistic _______ evident in her early pieces that drew on disparate musical genres, including musical theater, blues, and jazz standards.",歌手妮娜·西蒙在许多方面都难以被简单归类，她的早期作品借鉴了音乐剧、蓝调和爵士经典等截然不同的音乐流派，展现了她在艺术上的博采众长与多元融合。,inventiveness,diligence,hybridity,assiduity,eclecticism,acumen,hybridity,eclecticism,hybridity,eclecticism
1099,Suburbanization arguably ushered in numerous changes in the way many people in the United States lived: the suburbs _______ a society based on unprecedented consumption and intense privacy.,郊区化可以说是给许多美国人的生活方式带来了诸多改变：郊区开创了一个建立在空前消费和高度隐私基础之上的社会。,validated,affirmed,inaugurated,engendered,enlivened,represented,inaugurated,engendered,inaugurate,engender
1100,The aging and failure mechanisms of batteries result from various interrelated processes taking place at diverse time scales; hence their complete _______ is a very challenging research target.,电池的老化和失效机理由发生在不同时间尺度上的多种相互关联的过程所导致；因此，彻底阐明这些机制是一个极具挑战性的研究目标。,elimination,elucidation,obfuscation,complication,replication,explication,elucidation,explication,elucidation,explication
1101,He found his new acquaintance to be _______: trying to understand her personality was like peering into an unknown dimension.,他觉得这位新结识的朋友难以捉摸：试图理解她的性格就像是窥探一个未知的维度。,vacuous,unflappable,unfathomable,obdurate,inscrutable,imperturbable,unfathomable,inscrutable,unfathomable,inscrutable
1102,"On close reading, the poem comes across as _______, devoid of any real interest or substance.",仔细研读之下，这首诗显得索然无味，缺乏任何真正的趣味或实质内容。,vapid,curious,insipid,allusive,singular,problematic,vapid,insipid,vapid,insipid
1103,Many of today’s writers seem less concerned with finding new styles than they are with _______ classic structures and draping them in modern garb.,今天的许多作家似乎不太热衷于寻找新的风格，而更专注于复活古典结构并为其披上现代的外衣。,rejecting,reconsidering,dismissing,deconstructing,resurrecting,revivifying,resurrecting,revivifying,resurrect,revivify
1104,"The _______ of native South American textiles at the time of the Spanish conquest should not be surprising: it represented the apogee of one of the world’s oldest, most sophisticated weaving and dyeing traditions.",西班牙征服时期南美本土纺织品的华美绝伦并不令人意外：它代表了世界上最古老、最精湛的纺织与染色传统之一的顶峰。,splendor,eccentricity,diversity,brilliance,practicality,popularity,splendor,brilliance,splendor,brilliance
1105,"The mayor’s hunger for power was _______: in her own heart, she was utterly convinced that all her energies were being poured out in the service of a cause greater than herself.",这位市长对权力的渴望是未被自身意识到的：在她自己的内心深处，她坚信自己所有的精力都倾注于一项比她个人更崇高的事业之中。,despicable,unacknowledged,logical,unquenchable,subconscious,understandable,unacknowledged,subconscious,unacknowledg,subconsciou
1106,"Nanocrystalline photocatalysts are _______ as removers of hazardous contaminants; thus, expanding their practical applicability by improving their visible light absorption is one of the most important objectives in photocatalytic studies.",纳米晶光催化剂作为有害污染物的去除剂是极具前景且切实可行的；因此，通过提高其可见光吸收率来扩大其实际适用性是光催化研究中最重要的目标之一。,unrivaled,promising,dangerous,controversial,well-known,viable,promising,viable,promis,viable
1107,"Heidegger’s philosophy of science tends to give prominence to visuals and visualization because for Heidegger, truth—including scientific truth—is the _______ of unconcealment: it is the lifting of a veil.",海德格尔的科学哲学倾向于突出视觉和可视化的地位，因为对海德格尔而言，真理——包括科学真理——是去蔽的结果：它是揭开面纱的过程。,consequence,object,adversary,enemy,predecessor,result,consequence,result,consequence,result
1108,"Whereas the original editor had sacrificed clarity for brevity and her successor had been too _______, the new editor took an intermediate approach, explicit as to the purport of each document and not too ambitious in detail.",最初的编辑为了简洁而牺牲了清晰度，其继任者又过于冗长啰嗦，而新任编辑则采取了折中的方法，既明确表达了每份文件的大意，又没有在细节上过于繁琐。,discriminating,prolix,bombastic,verbose,cryptic,inscrutable,prolix,verbose,prolix,verbose
1109,"When we watch an old movie once considered very realistic, we can recognize how _______ is our sense of realism: what used to seem like an unmediated picture of the world may now appear contrived.",当我们观看一部曾经被认为非常逼真的老电影时，我们可以意识到我们的现实感是多么具有相对性和情境依附性：曾经看起来像是对世界不加修饰的真实写照，如今却可能显得做作虚假。,ephemeral,relative,arbitrary,contingent,conservative,traditional,relative,contingent,relative,contingent
1110,"Unlike Chopin, whose études are musically sophisticated and adventurous, Czerny conceived his exercises as _______ works.",与肖邦那音乐造诣精深且大胆创新的练习曲不同，车尔尼将自己的练习曲构想为实用性的功用作品。,esoteric,functional,simple,spontaneous,utilitarian,arcane,functional,utilitarian,functional,utilitarian
1111,"Compared to some asteroids, for which water makes up 20 percent of total mass, Earth is _______: although 70 percent of its surface is blanketed with water, that water accounts for less than one percent of Earth’s mass.",与一些水占总质量20%的小行星相比，地球其实是干涸缺水的：尽管其表面的70%被水覆盖，但这些水还不到地球总质量的1%。,massive,desiccated,parched,formidable,unusual,hospitable,desiccated,parched,desiccate,parch
1112,Information on the amount of natural gas flared and vented outside the United States is _______ since no single international organization is responsible for collecting and reporting this data.,关于美国境外火炬燃烧和直接排放的天然气量的信息是缺乏统筹协调且零散不全的，因为没有任何一个国际组织负责收集和报告这些数据。,discretionary,burdensome,uncoordinated,sporadic,indispensable,cyclical,uncoordinated,sporadic,uncoordinate,sporadic
1113,"The chancellor once openly admired the relatively laissez-faire economic recipes of Britain and the United States but now defends the German way, in which she sees the free market’s sometimes destructive vicissitudes being _______ by consensus-building politics and a generous welfare state.",这位总理曾公开赞赏英美相对自由放任的经济处方，但现在她捍卫德国模式，在她看来，德国通过凝聚共识的政治和慷慨的福利国家制度，缓解了自由市场有时具有破坏性的起伏动荡。,tempered,annealed,legitimated,eliminated,mitigated,permitted,tempered,mitigated,temper,mitigate
1114,"At their most _______, memoirs are about more than the story of someone’s life: they are about the function of memory itself, its narrative power to create and destroy, sweeten and obliterate the past in the service of the present.",在回忆录最敏锐深刻的时刻，它们所涉及的不仅仅是某人一生的故事：它们探讨的是记忆本身的功能，以及记忆为了服务当下而创造与毁灭、美化与抹去过去的那种叙事力量。,perceptive,polemical,disputatious,loquacious,eloquent,astute,perceptive,astute,perceptive,astute
1115,"The teacher was known for being stern with _______ students, but kind to any member of the class who seemed the least bit tractable.",这位老师以对桀骜不驯的学生严厉著称，但对班上任何表现出丝毫顺从听话的学生都非常亲切和蔼。,complaisant,supercilious,recalcitrant,pliable,incorrigible,mendacious,recalcitrant,incorrigible,recalcitrant,incorrigible
1116,Legal scholars envision environmental politics as the pursuit of opposing and _______ interests and therefore likely to lead to confrontation rather than compromise.,法学学者将环境政治构想为对立且不可动摇的利益追求，因此它更容易导致对抗而非妥协。,selfish,fixed,immutable,competing,irrational,innocuous,fixed,immutable,fix,immutable
1117,"Although Ralph Ellison’s Invisible Man has been heavily praised for over 50 years by a wide variety of critics and scholars, there have been _______ from the outset concerning the novel’s political vision.",尽管拉尔夫·艾里森的《看不见的人》五十多年来广受各派评论家和学者的盛赞，但从一开始就存在针对该小说政治愿景的疑虑与保留意见。,rebukes,doubts,conjectures,speculations,reservations,accolades,doubts,reservations,doubt,reservation
1118,"Someone must have been _______, since by the time the conspirators were ready to act, knowledge of their plot was widespread.",肯定有人走漏了风声、不够慎重，因为在阴谋者准备行动之时，他们的密谋已被广泛知晓。,compromised,warned,indiscreet,injudicious,ignorant,unaware,indiscreet,injudicious,indiscreet,injudiciou
1119,"A member of the pantheon of African American southern writers, Ernest Gaines hails from a region with such a _______ artistic tradition that one would assume that his subject matter would be inherited as his birthright.",作为美国南部非裔作家殿堂中的一员，欧内斯特·盖恩斯来自一个拥有如此丰厚艺术传统的地区，以至于人们会以为他的创作题材是他与生俱来的继承之物。,fanciful,fallow,sterile,worthwhile,bountiful,fertile,bountiful,fertile,bountiful,fertile
1120,"Although the field of home economics is today often associated with traditional gender roles, the women who created and ran the early home economics programs in United States universities held quite _______ views.",尽管家政学领域如今常常与传统性别角色联系在一起，但在美国大学创立并管理早期家政学项目的女性所持有的观点却相当打破常规、反传统。,diverse,forceful,iconoclastic,homogeneous,unorthodox,recondite,iconoclastic,unorthodox,iconoclastic,unorthodox
1121,"With their _______ energy production, massive stars create harsh environments for planetary genesis and may inhibit planet formation altogether: their intense radiation can readily destroy planetary birth sites before new worlds can be constructed.",大质量恒星以其肆意挥霍般的巨大能量释放，为行星的产生营造了极其恶劣的环境，并可能彻底抑制行星的形成：其强烈的辐射在新世界得以构建之前，就能轻易摧毁行星诞生的场所。,cyclic,profligate,erratic,extravagant,mercurial,predictable,profligate,extravagant,profligate,extravagant
1122,"No sensible person would seriously advise the rock superstar to _______ her former band’s musical catalog altogether in concert, since some of those songs simply must be played.",任何理智的人都不会认真建议这位摇滚巨星在演唱会上彻底放弃她前乐队的全部曲目，因为其中一些歌曲是非唱不可的。,forswear,revisit,abjure,embrace,reprise,transform,forswear,abjure,forswear,abjure
1123,"Advertising’s role in popular music culture has been redefined: instead of a last resort for the creation and distribution of popular music, advertising now functions as a _______ of music that might otherwise go unheard.",广告在流行音乐文化中的角色已被重新定义：它不再是流行音乐创作与发行的退而求其次之选，而是成为了那些原本可能无人知晓的音乐的推广支持者。,promoter,reflection,component,foe,champion,rival,promoter,champion,promoter,champion
1124,"It is possible to create acoustics _______ for both speech and music in the same hall, although this is rarely accomplished without some degree of compromise.",在同一个大厅内打造同时适合演讲和音乐的声学效果是可能的，尽管如果不做出某种程度的妥协，这很难实现。,suitable,dampened,ideal,perfect,adaptable,appropriate,suitable,appropriate,suitable,appropriate
1125,"Hugh Trevor-Roper’s series of essays on the Puritan Revolution are considered to be the _______ of the genre: though these essays have exerted a welcome influence on the work of many subsequent historians, their quality has never been equaled.",休·特雷弗-罗珀关于清教徒革命的系列论文被视为该体裁的巅峰之作：尽管这些论文对许多后继历史学家的著作产生了令人欣慰的影响，但其质量却从未被超越。,embodiment,apogee,forerunner,acme,precursor,paradigm,apogee,acme,apogee,acme
1126,"Because the organization he inherited was thoroughly _______, his first priority was the establishment of a vigorous fund-raising campaign.",因为他接手的组织彻底一贫如洗、资金匮乏，他的首要任务便是发起一场强有力的筹款活动。,insular,second-rate,destitute,provincial,antiquated,impecunious,destitute,impecunious,destitute,impecuniou
1127,"Between 1975 and 2005 water use in the United States declined just as the population rose, showing the old assumption that total water consumption is positively correlated with population growth to be _______.",1975年至2005年间，美国用水量在人口增长的同时反而下降，这表明总用水量与人口增长呈正相关的旧有假设是站不住脚的谬论。,ubiquitous,specious,fallacious,controversial,unequivocal,commonplace,specious,fallacious,speciou,fallaciou
1128,"The reader does well to approach claims in this autobiography with a certain amount of friendly skepticism, but the overall impression it conveys is that veracity wins out over _______.",读者带着适度的友善怀疑态度来审视这部自传中的说法是明智的，但它给人的总体印象是，真实性终究战胜了虚构编造。,blame,invention,contrivance,censure,venom,concern,invention,contrivance,invention,contrivance
1129,"The biographer laments the _______ that abound in texts from antiquity; they are so prevalent, she says, that they nearly amount to a “conspiracy of silence.”",这位传记作者对古代文献中普遍存在的脱漏与空白深感惋惜；她说，这些缺失是如此普遍，以至于几乎构成了一种“沉默的共谋”。,fallacies,myths,misrepresentations,elisions,lacunae,distortions,elisions,lacunae,elision,lacunae
1130,"_______ the writer might have been, but out of touch or unreachable she was not.",这位作家或许深居简出、离群索居，但她绝非脱离现实或与世隔绝。,Eccentric,Amiable,Reclusive,Evasive,Solitary,Friendly,Reclusive,Solitary,Reclusive,Solitary
1131,"When deciding from whom to learn, children are surprisingly _______: by early preschool, they rely on multiple cues when determining informant credibility, such as prior accuracy in a particular domain, benevolence, and social group status.",在决定向谁学习时，孩子们的选择挑剔和辨别力令人惊讶：早在学前初期，他们在判断信息提供者的可信度时就会依赖多种线索，例如其在特定领域的过往准确性、善意程度以及社会群体地位。,indifferent,arbitrary,selective,stubborn,efficient,discerning,selective,discerning,selective,discern
1132,"The politician’s memoir has been pulled apart in the press as though it were the palace of a fallen dictator, not so much reviewed as _______.",这位政客的回忆录在媒体上被批驳拆解得体无完肤，宛如倒台独裁者的宫殿一般，与其说是被书评审视，倒不如说是遭到了彻底的搜刮洗劫。,criticized,ignored,ransacked,scoured,overlooked,summarized,ransacked,scoured,ransack,scour
1133,"Red-only light from the Sun prevents some animals from using geomagnetic cues for navigation, but the limitation is _______ because such light is emitted only during sunrise and sunset, when the Sun itself is a reliable compass.",来自太阳的纯红光会阻碍某些动物利用地磁线索进行导航，但这种限制是微不足道的，因为这种光只在日出和日落期间发射，而此时太阳本身就是一个可靠的罗盘。,benign,inevitable,predictable,minimal,debilitating,trivial,minimal,trivial,minimal,trivial
1134,"Evolutionary psychologists hold that mating patterns arise from individual strategies to _______ one’s genetic qualities, either by producing more offspring or by aiding the survival of one’s relatives.",进化心理学家认为，择偶模式源自个体传递并繁衍自身基因特征的策略，无论是通过繁育更多后代，还是通过帮助亲属生存来实现。,ascertain,transcend,transmit,propagate,overcome,regulate,transmit,propagate,transmit,propagate
1135,"Turner argued that the frontier experience created American democracy, but he did not dwell on the consequent question, even though it was _______ one: if the frontier encounter created democracy, could that democracy outlive its lost frontier?",特纳认为边疆经验造就了美国民主，但他并未深入探讨随之而来的问题，尽管这是一个令人不安且带有不祥预兆的问题：如果边疆遭遇造就了民主，那么当边疆消失后，这种民主还能继续存在吗？,an obvious,an ominous,a divisive,a prosaic,a portentous,a pedestrian,an ominous,a portentous,ominou,portentou
1136,"Although high-purity metals are typically too _______ for practical use, small amounts of impurities in certain commercially pure metals impart adequate strength for some structural applications.",尽管高纯度金属通常因过于柔软延展而无法实际应用，但某些商业纯金属中所含的微量杂质能赋予其足够的强度，以用于某些结构性用途。,reactive,conducive,refractory,soft,unstable,malleable,soft,malleable,soft,malleable
1137,"The athlete had long been recognized as having two sides to her personality: she was an imperious, steely competitor and at the same time _______ sportswoman.",这位运动员长期以来被认为具有双重性格：她既是一个专横果决、钢铁般的竞争对手，同时又是一位宽宏大度的女运动员。,a magnanimous,a commendable,a dispassionate,an unflappable,a generous,a vigorous,a magnanimous,a generous,magnanimou,generou
1138,"Because wildfires are becoming increasingly _______, the computer modeling programs that used to help predict their progression based on information about past fires are becoming less useful to those engaged in fighting the blazes.",由于野火变得越来越反常非典型，那些过去基于历史火灾信息帮助预测火势蔓延的计算机建模程序，对参与灭火的人员来说正变得越来越不适用了。,commonplace,virulent,atypical,ubiquitous,destructive,idiosyncratic,atypical,idiosyncratic,atypical,idiosyncratic
1139,"The big bang should have produced copious amounts of both matter and antimatter, but the latter appears to be mysteriously rare, and physicists and cosmologists would like to explain this apparent _______.",大爆炸本应产生大量的物质和反物质，但后者却显得神秘地稀少，物理学家和宇宙学家希望能解释这种明显的失衡与悬殊。,paradox,disparity,deficit,conjecture,speculation,imbalance,disparity,imbalance,disparity,imbalance
1140,"Notwithstanding Ms. Mendez’ _______ tone, her government may be partly sympathetic to the proposals of the opposition.",尽管门德斯女士的语气暴躁抱怨，但她的政府可能在一定程度上对反对派的提议抱有同情理解。,supercilious,conciliatory,mollifying,noncommittal,peevish,querulous,peevish,querulous,peevish,querulou
1141,So _______ does the place of the Tudors in British history now seem that it is salutary to remember just how unlikely were their beginnings and how fragile their survival.,都铎王朝在英国历史上的地位如今显得如此巍然屹立、坚不可摧，以至于谨记他们当初的崛起是多么不可思议以及其生存是多么脆弱，是大有裨益的。,familiar,monolithic,enigmatic,unique,massive,uncommon,monolithic,massive,monolithic,massive
1142,"Atmospheric geoengineering, such as whitening clouds to cool Earth by reflecting more sunlight, is not an alternative to reducing carbon emissions, but it might _______ the beneficial effects of such a reduction.",大气地球工程（例如通过云层增白反射更多阳光来冷却地球）并不能替代减少碳排放，但它可能会增强并补充这种减排所带来的有益效果。,anticipate,forestall,engender,reinforce,duplicate,complement,reinforce,complement,reinforce,complement
1143,The power of our Sun is _______: more solar energy strikes the Earth’s surface in one hour of each day than the energy used by all human activities in one year.,太阳的能量是极其庞大惊人的：每天一小时内照射到地球表面的太阳能，就超过了人类所有活动在一年中所消耗的能量。,prodigious,ominous,auspicious,foreboding,colossal,sufficient,prodigious,colossal,prodigiou,colossal
1144,"The author takes a decidedly _______ approach to fiction, ensuring that any assumptions a reader might bring to his stories will be subject to challenge and disruption.",这位作者在小说创作上采取了极为非传统且具实验性的方式，确保读者带入其故事中的任何预设都会受到挑战和颠覆。,controversial,nostalgic,unpolished,unorthodox,experimental,wistful,unorthodox,experimental,unorthodox,experimental
1145,"In this otherwise _______ study, the internal tensions resulting from the increasing integration of the United States with the world economy are simply mentioned rather than analyzed.",在这项原本详尽全面的研究中，美国与世界经济日益融合所导致的内部紧张关系仅仅被一笔带过，而未得到深入分析。,tedious,thorough,biased,exhaustive,superficial,shallow,thorough,exhaustive,thorough,exhaustive
1146,"In The Balance Within, Sternberg _______ hyperbole, opting for admirable simplicity and clarity while introducing neuroimmunology as a potential foundation of psychosomatic medicine.",在《内在的平衡》一书中，斯特恩伯格摒弃了夸大其词，选择了令人赞赏的朴实与清晰，同时将神经免疫学介绍为心身医学的潜在基础。,evokes,transcends,elicits,condemns,eschews,avoids,eschews,avoids,eschew,avoid
1147,"The archaeological record suggests that written literature is a _______ the administrative state: invented primarily to keep tax records and memorialize royal decrees, writing eventually got co-opted into preserving people’s myths and legends.",考古记录表明，书面文学是行政国家的副产物：文字最初被发明主要用于记录税收和公布皇家法令，但最终被顺带用于保存人们的神话与传说。,prerequisite for,glorification of,progeny of,menace to,celebration of,byproduct of,progeny of,byproduct of,progeny of,byproduct of
1148,"The essay, focusing on the intricacies of complex corporate accounting practices, was _______ almost to a fault, leaving the impression that these practices are rather straightforward.",这篇专注于复杂企业会计实务细节的文章清晰易懂到了极点，甚至让人误以为这些实务相当简单直接。,lucid,punctilious,reductive,exhaustive,intelligible,comprehensive,lucid,intelligible,lucid,intelligible
1149,The theory that the young Mercury collided with another planet appears _______ given Mercury’s abundance of volatile elements: a collision would have boiled such elements away.,鉴于水星富含挥发性元素，年轻的水星曾与另一颗行星发生碰撞的理论显得站不住脚且极不可能：因为剧烈碰撞本会使这些元素蒸发殆尽。,tenuous,simplistic,germane,improbable,apposite,unoriginal,tenuous,improbable,tenuou,improbable
1150,Morrison dismissed the accusation against her and claimed that it was nothing but a preposterous _______.,莫里森驳斥了对她的指控，声称这纯属荒谬绝伦的捏造谣言。,accolade,solicitation,supplication,laurel,fabrication,canard,fabrication,canard,fabrication,canard
1151,"While it is true that the tennis star has been defeated in recent years by some relatively obscure players, counting her out of any tournament, particularly if she is healthy, seems _______.",虽然这位网球明星近年来确实曾被一些相对不知名的选手击败，但若将她排除在任何锦标赛的争冠行列之外，尤其是当她身体健康时，似乎是鲁莽不明智的。,foolhardy,imprudent,unnecessary,audacious,alarming,gratuitous,foolhardy,imprudent,foolhardy,imprudent
1152,"The early stages of being trained to ride a motorcycle are all about developing muscle memory, repeating combinations of hand-foot movements until they are _______ and precise.",学习骑摩托车的早期阶段完全在于培养肌肉记忆，反复练习手脚动作的组合，直到它们变得本能条件反射般娴熟且精准。,aberrant,innate,reflexive,inborn,automatic,calculated,reflexive,automatic,reflexive,automatic
1153,"Although torrential rains can sometimes be highly destructive, human survival generally proves much more _______ without rain than during periods of its overabundance.",尽管暴雨有时可能具有极大的破坏性，但事实证明，在没有降雨的情况下，人类的生存通常比在雨水过剩的时期要艰难困苦得多。,ponderous,unmanageable,onerous,tedious,arduous,unlikely,onerous,arduous,onerou,arduou
1154,"In her literary criticism, eighteenth-century writer Elizabeth Montagu was _______, not only crossing swords with the illustrious Voltaire but also challenging a host of well-known English male commentators on Shakespeare, including Samuel Johnson.",在文学批评中，18世纪作家伊丽莎白·蒙塔古展现出了无所畏惧的勇气，她不仅与赫赫有名的伏尔泰交锋，还挑战了包括萨缪尔·约翰逊在内的众多知名英国男性莎士比亚评论家。,intrepid,original,cautious,valiant,flippant,wary,intrepid,valiant,intrepid,valiant
1155,"As an aspiring politician, Gurstein aims to achieve _______ tone in her public addresses without falling into aristocratic overtones.",作为一名有抱负的政治家，格斯泰因力求在公开演讲中展现出高雅庄重的基调，同时又不带有贵族气的腔调。,a polemical,an elevated,an argumentative,an expressive,a lofty,a dispassionate,an elevated,a lofty,elevate,lofty
1156,"To most ethicists, self-interested action connotes the opposite of moral conduct, and its _______ is for them a virtual prerequisite for serious ethical discourse.",对大多数伦理学家而言，自利行为意味着道德操守的反面，而断然摒弃自利在他们看来几乎是进行严肃伦理探讨的前提条件。,dispersion,promulgation,abjuration,circumscription,repudiation,dissemination,abjuration,repudiation,abjuration,repudiation
1157,"One of the features of spoken discourse is that a speaker need not be maximally _______: if an interlocutor is confused, he or she can interrupt and ask for clarification.",口语交际的特征之一在于说话者无需做到极尽明确详尽：如果对话者感到困惑，可以随时打断并要求澄清。,honest,forthcoming,courteous,meticulous,explicit,unambiguous,explicit,unambiguous,explicit,unambiguou
1158,"Voltaire’s spirit was one of tolerant cosmopolitanism, even though he didn’t have the _______ to see that one challenge for such a spirit would be whether it was able to endure those who had no wish to be cosmopolitan.",伏尔泰的精神是一种宽容的世界主义，尽管他缺乏洞察力去预见到这种精神面临的一个挑战是：它是否能够包容那些根本不想成为世界主义者的人。,hubris,generosity,ambition,awareness,arrogance,insight,awareness,insight,awareness,insight
1159,Islands harbor a disproportionate amount of Earth’s biodiversity and are characterized by the presence of a great number of _______ plant and animal species; these species are often in danger of extinction by invasive predators.,岛屿孕育了与自身面积不成比例的大量地球生物多样性，其特点是拥有大量特有的本土动植物物种；这些物种往往面临因外来入侵捕食者而灭绝的危险。,transplanted,indigenous,adaptable,protean,endemic,anomalous,indigenous,endemic,indigenou,endemic
1160,"Beavers can modify the landscape in dramatic ways that are often _______ humans, which is why media reports tend to emphasize what nuisances beavers are.",海狸能以戏剧性的方式改变地貌，而这往往令人生厌且不受人类欢迎，这也正是媒体报道往往强调海狸是多么讨厌的害兽的原因。,surprising to,derided by,misunderstood by,annoying to,unexpected by,unwelcome to,annoying to,unwelcome to,annoy to,unwelcome to
1161,"On stage, jazz artist James Carter often veers dangerously close to the _______: he becomes a man possessed, his tenor saxophone wailing and whimpering with a musicality so muscular it threatens to consume him.",在舞台上，爵士艺术家詹姆斯·卡特常常危险地逼近失控放纵的边缘：他宛如着了魔一般，其次中音萨克斯风呼啸呜咽，散发出极具张力与冲击力的音乐力量，甚至几乎要将他吞噬。,lugubrious,doleful,intemperate,excessive,idiosyncratic,sublime,intemperate,excessive,intemperate,excessive
1162,"Cooper was one of the twentieth century’s most _______ intellectuals: throughout a very long life he took up a great many causes, most of them unpopular.",库珀是20世纪最具争议且观点两极分化的知识分子之一：在他漫长的一生中，他支持了许许多多的事业，其中大多数都不受大众欢迎。,notorious,eloquent,controversial,polarizing,articulate,detested,controversial,polarizing,controversial,polariz
1163,"It was the Norman conqueror who introduced the forest law into England, but, as with so many institutions that developed after the Norman Conquest of England in 1066, there were some _______ this Norman law.",是诺曼征服者将森林法引入了英格兰，但就像1066年诺曼征服英格兰后发展的诸多制度一样，这项诺曼法律也存在着某些历史先例与渊源。,archaicism in,antecedents of,innovations in,precedents for,derivations from,novelties about,antecedents of,precedents for,antecedent of,precedent for
1164,"Coffee plants manufacture their own pesticide: caffeine, a chemical that is _______ to smaller organisms but stimulating to larger ones.",咖啡植物能制造它们自己的杀虫剂：咖啡因，这是一种对较小生物有毒但对较大生物具有兴奋刺激作用的化学物质。,anathema,poisonous,displeasing,unsavory,toxic,soporific,poisonous,toxic,poisonou,toxic
1165,"General acceptance of plate tectonics in the 1960s caused a major paradigm shift within the earth sciences, one that fundamentally _______ our understanding of dinosaurs and other extinct groups.",20世纪60年代板块构造论的普遍接受引发了地球科学领域的一次重大范式转变，这一转变从根本上改变了我们对恐龙及其他已灭绝生物群体的理解。,overturned,altered,modified,sustained,challenged,supported,altered,modified,alter,modify
1166,"Because the critic thought that the mark of great literature was a grandiosity not to be found in common speech, writers seeking his approbation _______ the use of the vernacular.",因为这位批评家认为伟大文学的标志是一种日常口语中无法寻觅的宏伟气魄，所以寻求其赞赏的作家们纷纷规避使用白话口语。,derided,mistrusted,eschewed,espoused,embraced,shunned,eschewed,shunned,eschew,shunn
1167,"Cynthia Molloy _______ the species of rock fandom that privileges complicated guitar solos over a simple, danceable beat, calling it the “mindless veneration” of technical proficiency.",辛西娅·莫洛伊对那种将复杂吉他独奏置于简单富有律动的节拍之上的摇滚乐迷嗤之以鼻，称其为对技巧熟练度的“盲目崇拜”。,derides,misreads,scorns,undervalues,excuses,condones,derides,scorns,deride,scorn
1168,"Judge Jones brought some welcome levity to the often tense, though sometimes _______, proceedings.",琼斯法官为那常常气氛紧张、有时又沉闷乏味的庭审程序带来了一些令人欣喜的轻松气息。,humorous,tedious,stressful,inconsequential,fraught,tiresome,tedious,tiresome,tediou,tiresome
1169,"For all the fanfare about the university’s devoting resources to become a top-notch information technology school, its technological facilities are still _______.",尽管该大学大肆宣扬要投入资源建设顶尖的信息技术学院，但其技术设施目前仍处于萌芽且未充分开发的状态。,embryonic,lauded,acclaimed,antiquated,constrained,undeveloped,embryonic,undeveloped,embryonic,undevelop
1170,"It is true that propagandists spout misinformation to serve their own ends, but if our minds were _______ such garbage, the lies would die out quickly.",宣传鼓动者为了自身目的而大肆散布虚假信息固然是事实，但如果我们的头脑能对这种垃圾信息予以排斥、不予接纳，谎言很快就会消声匿迹。,inhospitable to,amenable to,unreceptive to,unaffected by,distorted by,governable by,inhospitable to,unreceptive to,inhospitable to,unreceptive to
1171,"People may be generally aware that media technologies employ toxic substances but may be startled by the _______ of the environmental harms involved: humans, animals, vegetation, soil, air, and water are all affected.",人们可能普遍知晓媒介技术采用了有毒物质，但可能会对其所造成的环境危害的广泛无处不在感到震惊：人类、动物、植被、土壤、空气和水体无一幸免。,noxiousness,permanence,heterogeneity,amplitude,pervasiveness,ubiquity,pervasiveness,ubiquity,pervasiveness,ubiquity
1172,"Hamlin Garland has tried to appeal to a wider audience by moving away from the gritty realism of his early writings, which often advanced populist political causes, and toward _______ mainstream fiction.",哈姆林·加兰试图通过摆脱早期作品中那种常常推动民粹主义政治诉求的残酷现实主义，转而走向温和平淡、不痛不痒的主流小说，以此吸引更广泛的受众。,demanding,topical,anodyne,toothless,derivative,challenging,anodyne,toothless,anodyne,toothless
1173,"Someone must not have been _______, since by the time the conspirators were ready to act, knowledge of their plot was widespread.",肯定有人不够谨慎周密，因为在阴谋者准备行动之时，他们的密谋已被广泛知晓。,circumspect,compromised,indiscreet,injudicious,prudent,unaware,circumspect,prudent,circumspect,prudent
1174,"Kusar’s efforts to live a life of radical nonconformity were _______ enough, but, over time, he ended up in circumstances that were not dissimilar to those of the rest of his generation.",库萨尔为了过一种彻底特立独行、不墨守成规的生活所付出的努力足够坚持不懈，但随着时间的推移，他的最终处境与同代其他人并没有太大不同。,flamboyant,assiduous,sincere,impulsive,erratic,diligent,assiduous,diligent,assiduou,diligent
1175,"After landing on a flower, inexperienced bees show an _______ probing response, but they still must invest time in learning how to exploit flowers of increased complexity efficiently.",落在花朵上后，缺乏经验的蜜蜂会表现出一种天生本能的探寻反应，但它们仍必须投入时间去学习如何高效利用结构更复杂的花朵。,immediate,impressive,inadequate,ineffectual,innate,intuitive,innate,intuitive,innate,intuitive
1176,"At the peak of the stock market’s vertiginous rise, some corporate pension plans became overfunded: their assets _______ their liabilities.",在股市令人眩晕的暴涨顶峰时期，一些企业的养老金计划出现了资金过剩：其资产超过了负债。,outstripped,equaled,matched,encompassed,inflated,surpassed,outstripped,surpassed,outstripp,surpass
1177,"Velázquez’ paintings can be somewhat _______: one cannot get on familiar terms with them, but only admire their colorful polish from afar.",委拉斯开兹的画作多少有些难以捉摸：人们无法与之亲近，只能远远赞赏其绚丽的光彩。,pedestrian,slippery,ominous,prosaic,flamboyant,elusive,slippery,elusive,slippery,elusive
1178,"Wang’s book is the first attempt to define Chinese autobiography as _______ genre, that is, one distinct from other narrative modes of self-representation popular after the fall of the Qing dynasty in 1911.",王的著作首次尝试将中国自传定义为一个独立的文类，即区别于1911年清亡后流行的其他自我表达叙事模式。,an imported,a separate,an influential,a discrete,an archetypal,a consequential,a separate,a discrete,separate,discrete
1179,"The so-called “sensation novel,” popular in mid-nineteenth-century Britain, was dismissed by some as _______ form of fiction, partly because these spine-tingling novels often appeared as serials in cheap, disposable periodicals.",19世纪中叶在英国流行的所谓“感官小说”曾被一些人贬为一种转瞬即逝的小说形式，部分原因是这些惊险刺激的小说往往在廉价且随手丢弃的期刊上连载。,an engrossing,an ephemeral,a macabre,a transitory,a captivating,a debased,an ephemeral,a transitory,ephemeral,transitory
1180,"Cash crops require committed, systematic cultivation; rubber tapping, on the other hand, is much more of _______ enterprise: it is largely a matter of stumbling upon a rubber plant that is ready for harvesting.",经济作物需要专注且系统的耕作；相比之下，采胶更像是一种充满偶然性的营生：它很大程度上取决于能否偶然碰上一株适宜采割的橡胶树。,a lucrative,a contingent,an arduous,a conventional,a profitable,an uncertain,a contingent,an uncertain,contingent,uncertain
1181,"There are many contemporary composers who receive coveted commissions, only to see their creations _______ after one performance.",许多当代作曲家获得了令人艳羡的委约，却只能无奈地看着自己的作品仅演出一次便被搁置弃用。,dismantled,redrafted,plundered,pilloried,discarded,shelved,discarded,shelved,discard,shelv
1182,"He is most frugal in matters of business, but in his private life he reveals a streak of _______.",他在商业事务上极其节俭，但在个人生活中却显露出挥霍无度的一面。,parsimony,profligacy,immoderation,deceit,dissimulation,indolence,profligacy,immoderation,profligacy,immoderation
1183,"Given that the detailed scientific description of four-legged animals’ walking gaits is now over a century old, it is _______ that so many artists, taxidermists, and others responsible for depicting animals get leg positions wrong.",鉴于对四足动物行走步态的详尽科学描述已有一个多世纪的历史，令人恼火的是，仍有许多艺术家、标本制作师以及其他描绘动物的人把腿部姿态搞错。,exasperating,unsurprising,satisfying,predictable,remarkable,frustrating,exasperating,frustrating,exasperat,frustrat
1184,"Gaige accomplishes a surprising feat: modeling her novel on one of the most _______ narratives in all of literature, she creates a remarkably understated tale.",盖奇完成了一项惊人的壮举：她以整个文学史上最耸动夸张的叙事之一为蓝本，却创作出了一个极为克制内敛的故事。,sensational,revered,extravagant,imitated,suspenseful,chilling,sensational,extravagant,sensational,extravagant
1185,"Because connections made of the material are _______ to fail at high temperatures, it is particularly suited for sacrificial thermal cutoff switches; it is, of course, unsuited to applications where heat durability is needed.",由于由该材料制成的接头在高温下容易失效，因此它特别适用于牺牲型热切断开关；当然，它并不适用于需要耐热性的场景。,unlikely,disinclined,apt,sure,bound,liable,apt,liable,apt,liable
1186,"Eliot’s satire stops short of cruelty; inveterately _______, even when it comes to her most flawed characters, her default authorial position is one of pity.",艾略特的讽刺并未达到残酷的地步；她生性宽大仁慈，即便面对笔下缺点最多的人物，她作为作者的默认立场也是抱以怜悯。,exacting,magnanimous,demanding,considerate,generous,self-indulgent,magnanimous,generous,magnanimou,generou
1187,"Psychologists once _______ fiction as a way of understanding people because it is made up, but in the past 25 years cognitive psychologists have developed a new appreciation for the significance of fictional stories.",心理学家曾因虚构作品是编造出来的而贬低其作为理解人类途径的价值，但在过去的25年里，认知心理学家对虚构故事的重要性有了全新的认识。,overlooked,countenanced,underestimated,scorned,sanctioned,disparaged,scorned,disparaged,scorn,disparag
1188,"In the Old Southwest, only writers who showed exceptional _______ were likely to become widely known, because the region’s weak infrastructure inhibited the development of publishing beyond local newspapers that served small towns.",在美国旧西南部，只有表现出非凡决心的作家才可能广为人知，因为该地区落后的基础设施阻碍了出版业的发展，仅能维持服务小城镇的地方报纸。,prescience,foresightedness,optimism,resolve,patience,determination,resolve,determination,resolve,determination
1189,Most scholarship that is produced these days vanishes without apparent _______; 98 percent of all publications in the arts and humanities are never cited.,当今产生的大多数学术成果都在没有产生明显影响的情况下悄然消失；艺术与人文学科98%的出版物从未被引用过。,credibility,impact,ignominy,disgrace,influence,attribution,impact,influence,impact,influence
1190,"Researchers concluded that although the success of pearl millet crops in the region varied with seasonal climatic conditions, cultivation remains _______ because of pearl millet’s predisposition to perform under stressful growing conditions, including drought.",研究人员得出结论，尽管该地区御谷作物的收成随着季节性气候条件而波动，但种植这种作物依然十分有利，因为御谷天生具备在干旱等恶劣生长条件下良好生长的特性。,erratic,advantageous,inconsistent,prevalent,impractical,expedient,advantageous,expedient,advantageou,expedient
1191,"In some ways, the success of Aishwarya Rai _______ the growing international recognition of India’s film industry: in 2003 she was the first Indian actor to be on the jury at the Cannes Film Festival.",在某种程度上，艾西瓦娅·雷的成功体现了印度电影产业日益获得的国际认可：2003年，她成为首位担任戛纳电影节评委的印度演员。,controverts,personifies,eclipses,epitomizes,explains,belies,personifies,epitomizes,personify,epitomize
1192,"Although biologists know that thousands of species of microbes and invertebrates inhabit one square meter of temperate grassland soil, the identities of those creatures and their contributions to sustaining the biosphere remain _______.",尽管生物学家知道一平方米的温带草原土壤中生活着数千种微生物和无脊椎动物，但这些生物的具体身份及其在维系生物圈中的贡献依然鲜为人知。,obscure,self-evident,immaterial,murky,contested,obvious,obscure,murky,obscure,murky
1193,"The orthodox approach to legal decision making tends to be backward looking, asking which decision would have the better legal _______.",传统的法律裁决方法往往倾向于回顾过去，探寻哪项决定具有更坚实的法律渊源。,outcome,lineage,consequence,corollary,standing,pedigree,lineage,pedigree,lineage,pedigree
1194,The firm’s startling admission of bookkeeping irregularities called into question the _______ of the oversight that government exercises over the financial health of private businesses.,该公司令人震惊地承认做假账，这使人们对政府对私营企业财务健康状况监管的有效性产生了怀疑。,sufficiency,efficacy,authenticity,legitimacy,propriety,constitutionality,sufficiency,efficacy,sufficiency,efficacy
1195,Jean Kimmel and Emily Hoffman argue for expanding the definition of child-care subsidies to include all programs that _______ or otherwise offset expenses for nonparental child-care.,让·金梅尔和埃米莉·霍夫曼主张扩大托儿补贴的定义，以涵盖所有支付或以其他方式抵消非父母抚育开支的计划。,tally,tabulate,alter,defray,pay,simplify,defray,pay,defray,pay
1196,"Although Harman has not produced _______ biography of Robert Louis Stevenson, her understanding of what it takes to write a book enables her to account for Stevenson’s delirious sprints toward and away from publication.",尽管哈曼并未写出一部罗伯特·路易斯·史蒂文森的权威传记，但她对成书过程的深刻理解使她能够合理解释史蒂文森在面对出版时那种狂热冲刺与骤然退缩的复杂状态。,a controversial,a flawed,a definitive,an idiosyncratic,an unsound,an authoritative,a definitive,an authoritative,definitive,authoritative
1197,"Despite the _______ amount of high-quality data on the issue of underrepresentation of women professors in math-intensive fields, particularly in upper-level positions, myths and misunderstandings prevail.",尽管关于数学密集型领域女性教授代表性不足（尤其是在高级职位上）的问题有着大量的高质量数据，但神话与误解依然十分普遍。,appropriate,suspicious,significant,overwhelming,substantial,dubious,significant,substantial,significant,substantial
1198,"Cole’s novel is as close to a diary as a novel can get, encompassing reflection, autobiography, stasis, and repetition, a daunting task even many accomplished novelists would _______, which, wonderfully, Cole does not do.",科尔的小说达到了小说贴近日记的极致，涵盖了反思、自传、停滞与重复，这是一项连许多功成名就的小说家都会回避的艰巨任务，而令人赞叹的是科尔并未避开。,sidestep,attempt,hazard,botch,complicate,avoid,sidestep,avoid,sidestep,avoid
1199,"While some naive investors have been convinced by proponents of the merger that the two companies are natural partners, experienced analysts are less _______.",尽管一些天真的投资者被并购支持者说服，相信这两家公司是天然的合作伙伴，但经验丰富的分析师却不那么轻信。,optimistic,credulous,reliable,gullible,skeptical,dismissive,credulous,gullible,credulou,gullible
1200,"Sweet’s illustrations are playfully _______: the eye hops sparrowlike from leaf to leaf, uncertain where to settle.",斯威特的插画俏皮地分散着读者的注意力：视线像麻雀一样在叶片间跳来跳去，不知该落在何处。,daunting,distracting,integrated,educational,diverting,informative,distracting,diverting,distract,divert
1201,"That she was unaffected by the _______ of the feudal past was evident in the style in which she wrote of it, a style completely devoid of nostalgia.",她丝毫不为封建过去的诱惑所动，这一点在她书写封建过往的文风中显露无遗——那是一种全然没有怀旧情调的风格。,allure,cruelty,prestige,barbarity,remnants,magic,allure,magic,allure,magic
1202,"Although he is only thirty-six, he has been in politics continuously since he first attracted attention for an extraordinarily _______ performance at a party conference twenty years ago, when, as a sixteen-year-old schoolboy, he gave a brilliant speech that articulated his conservative political philosophy.",尽管他年仅三十六岁，但自二十年前在一次党派会议上因异常早熟的表现引起关注以来，他就一直活跃于政界；当时年仅十六岁的他作为一名学生，发表了一场精彩阐述其保守主义政治哲学的演讲。,precocious,jejune,mature,vapid,ostentatious,rousing,precocious,mature,precociou,mature
1203,"Fortunately the writer does not, in general, _______ her practice of withholding the perpetrator’s identity until the last chapter, since one of the greatest pleasures of reading her mystery novels is speculating about the culprit’s identity.",幸运的是，这位作者总体上并未背离直到最后一章才揭晓凶手身份的做法，因为阅读其悬疑小说最大的乐趣之一便是推测真凶的身份。,rely on,deviate from,cleave to,justify,disregard,rationalize,deviate from,disregard,deviate from,disregard
1204,Mathematical knowledge has long been regarded as being essentially stable and hence rooted in a world of ideas only superficially _______ historical forces.,长期以来，数学知识一直被视为本质上稳定的，因而植根于一个仅受历史力量表面影响的理念世界之中。,affected by,committed to,uninformed by,oblivious of,susceptible to,unresponsive to,affected by,susceptible to,affect by,susceptible to
1205,"Although the writer meant for the book to serve as a kind of tribute to motherhood, the approach here is hardly a _______ affair.",尽管作者本意是将该书作为对母爱的一种致敬，但其处理方式却绝非盲目感伤滥情。,memorable,saccharine,problematic,divisive,sentimental,controversial,saccharine,sentimental,saccharine,sentimental
1206,"People tend to _______ how distinct their own lives are, so the commonalities they enjoy with other people seem to them a series of small miracles.",人们往往会高估自己生活的独特性，因此他们与他人的共通之处在他们看来仿佛是一连串的小奇迹。,emphasize,overestimate,ignore,exaggerate,overlook,deny,overestimate,exaggerate,overestimate,exaggerate
1207,"Pat Barker’s World War I novels have been characterized by some as a commentary on the futility of war, yet Barker appears interested in specific individuals and encounters for their own sake rather than as _______.",帕特·巴克的第一次世界大战题材小说曾被某些人评价为对战争虚妄性的评论，但巴克似乎对具体人物及其遭遇本身的意义更感兴趣，而非仅仅将它们作为例证。,distractions,exemplars,illustrations,anachronisms,conundrums,diversions,exemplars,illustrations,exemplar,illustration
1208,"In contrast to today, when many readers consider the moral sentiments expressed in the ancient writer’s work to be quite sophomoric, in the writer’s own time, these sentiments were regarded as remarkably _______.",与当今许多读者认为这位古代作家作品中所表达的道德情感颇为幼稚浅薄形成鲜明对比的是，在作家身处的时代，这些见解被认为极其睿智深刻。,abstruse,misguided,insightful,ill-conceived,sagacious,sanguine,insightful,sagacious,insightful,sagaciou
1209,"It may be fairly easy to criticize Tatsumi’s comic book on a drawing-by-drawing or line-by-line basis, but one ought not make that mistake, for the book’s pleasures are _______.",逐幅画或逐行去批评辰巳的漫画书可能很容易，但人们不该犯这个错误，因为这本书带来的阅读乐趣是层层累积的。,considerable,trivial,cumulative,insignificant,subtle,additive,cumulative,additive,cumulative,additive
1210,"In her new book, Alexander relates some amazing biological facts about the elephant—an elephant’s heart can weigh 28.5 pounds, for example—but what really makes these behemoths remarkable is their continued survival despite more than a century of human _______.",亚历山大在新书中讲述了关于大象的一些令人惊叹的生物学事实——例如大象的心脏可重达28.5磅——但真正让这些庞然大物显得非凡的，是它们在经历了一个多世纪人类肆意捕猎与掠夺之后依然得以幸存。,indifference,caution,predation,rapacity,prudence,meddling,predation,rapacity,predation,rapacity
1211,"The vivid, intelligent introduction to fundamental elements of classical music offered by conductor Michael Tilson Thomas in these programs has few precedents: Thomas is truly performing radical acts of _______.",指挥家迈克尔·蒂尔森·托马斯在这些节目中对古典音乐基础要素所作的生动而深刻的介绍几乎前所未有：托马斯确实是在进行彻底的普及与祛魅。,elucidation,appropriation,chicanery,inspiration,demystification,subterfuge,elucidation,demystification,elucidation,demystification
1212,Social norms are not _______: they emerge and change as a result of social and historical factors and can also be influenced by the visible actions of prominent individuals.,社会规范并非一成不变：它们由于社会和历史因素而产生并演变，同时也受到知名人士显著行动的影响。,arbitrary,immutable,contingent,provisional,static,democratic,immutable,static,immutable,static
1213,"What they see in Jiménez is a candidate incapable of decisive leadership, in stark contrast to Díaz, whose term in office has been characterized by _______.",他们在希门尼斯身上看到的是一个无法展现果断领导力的候选人，这与迪亚斯形成了鲜明对比，后者的任期一直以坚定果决为鲜明特征。,mediocrity,corruption,determination,malfeasance,pugnacity,resolution,determination,resolution,determination,resolution
1214,"When the field of candidates for provost was announced, a group of outraged faculty confronted university authorities in a final effort to _______ the hiring of a particularly controversial individual.",当教务长候选人名单公布后，一群愤怒的教职员工与大学管理层当面对质，做最后努力以阻止聘用某位极具争议的人物。,postpone,forestall,eclipse,prevent,overshadow,denounce,forestall,prevent,forestall,prevent
1215,"While Elizabeth Barrett Browning often wrote in restrictively intricate verse forms such as the Petrarchan sonnet, she also sometimes _______ formal constraints in poetry.",尽管伊丽莎白·巴雷特·勃朗宁经常采用诸如彼特拉克十四行诗等格律严苛复杂的诗体进行创作，但她有时也会无视诗歌的形式束缚。,defended,neglected,dismissed,appropriated,vindicated,repudiated,neglected,dismissed,neglect,dismiss
1216,"Wilson sees the ideas that he presents in his new book as being notably _______, but his critics, by contrast, claim that they are actually rather conventional.",威尔逊认为自己在新作中提出的观点极具颠覆传统性，但批评者却反唇相讥，称这些观点实际上相当传统因循。,understated,iconoclastic,subversive,democratic,egalitarian,daunting,iconoclastic,subversive,iconoclastic,subversive
1217,"In medieval times, coinage was sometimes _______ by the practice of “clipping” coins, or shaving off the edges to save the silver.",在中世纪，货币有时会因“削边”行为（即刮削硬币边缘以私存白银）而造成成色贬损。,augmented,assayed,debased,modified,corrupted,meliorated,debased,corrupted,debas,corrupt
1218,Elizabethan actor Richard Tarlton was so _______ in appearance that a mere glimpse of his grinning face peeping through a curtain was enough to trigger prolonged peals of laughter.,伊丽莎白时代的演员理查德·塔尔顿长相极其滑稽可笑，哪怕只是瞥一眼他从幕布后探出的笑脸，就足以引发长时间的哄堂大笑。,animated,risible,comely,ludicrous,handsome,anomalous,risible,ludicrous,risible,ludicrou
1219,"Lispector can be an extremely _______ writer, but her images dazzle even when her meaning is obscure.",利斯佩克托可能是一位极其神秘深奥的作家，但即使其寓意模糊隐晦，她笔下的意象依然令人目眩神迷。,conceptual,inscrutable,anemic,digressive,insipid,cryptic,inscrutable,cryptic,inscrutable,cryptic
1220,"When first introduced, cubicle workspaces were seen as having _______ effect on office workers, but as cubicle sizes steadily shrank, the aspirations of the people working in them became increasingly constrained.",隔间办公空间最初被引入时，曾被认为对办公室员工具有解放作用，但随着隔间面积的不断缩水，在其中工作的人们的抱负也变得日益受限。,a revitalizing,a soothing,a liberating,a protecting,an emancipatory,a calming,a liberating,an emancipatory,liberat,emancipatory
1221,"In the 1920s, sound cinema _______ the possibility that the medium would become an international visual language, splintering the ostensibly universal intelligibility of silent cinema and facilitating the global spread of English.",20世纪20年代，有声电影排除了该媒介成为一种国际视觉语言的可能性，打破了默片表面上的普适易懂性，并推动了英语在全球的传播。,presaged,diminished,eliminated,foreclosed,heralded,recalled,eliminated,foreclosed,eliminate,foreclos
1222,"The scientists hope that the system they created will enhance our knowledge of how the brain works, but they stress that its potential should not be _______: the system is only a model of the brain’s functioning.",科学家们希望他们创造的系统能加深我们对大脑运作方式的认知，但他们强调不应夸大其潜力：该系统仅仅是大脑功能的一个模型。,ignored,exaggerated,underestimated,relied on,disregarded,overstated,exaggerated,overstated,exaggerate,overstate
1223,One characteristic that seems to have been nearly indispensable in the presidency is a proclivity for _______ indignation: nothing is more valuable in politics than the ability to summon up histrionic anger at a moment’s notice.,在总统职位中似乎近乎不可或缺的一项特质，就是善于表现出做作虚伪的愤慨：在政治上，没有什么比能够随时表现出戏剧化的愤怒更有价值了。,subdued,contrived,impetuous,restrained,calculated,righteous,contrived,calculated,contriv,calculate
1224,"Kelly Cherry’s fiction speaks to various postmodern debates regarding history and perception, but does not become so abstract that the reader feels the narrative has been _______ an intellectual agenda.",凯莉·切里的小说呼应了有关历史和感知的各种后现代争论，但并未抽象到让读者觉得叙事已经向某种学术思辨议程让步的程度。,dependent on,ceded to,surrendered to,facilitated by,hampered by,expedited by,ceded to,surrendered to,ced to,surrender to
1225,"The teacher’s method of presenting the correct procedure for traditional Japanese tea-making appealed to some students whose instructors had taken a less _______ approach, neglecting such details as proper finger alignment.",这位老师展示传统日本茶道规范流程的方法，吸引了一些学生，因为这些学生以往的授课老师所采取的方法没有这么严苛细致，忽略了诸如手指摆放对齐等细节。,orthodox,arcane,exacting,tolerant,permissive,punctilious,exacting,punctilious,exact,punctiliou
1226,"The distribution of a jellyfish’s nerve cells may be _______ in comparison with that of an animal that has an obvious brain and spinal cord, but the layout is hardly helter-skelter.",与拥有明显大脑和脊髓的动物相比，水母神经细胞的分布或许显得较为分散，但这种布局绝非杂乱无章。,diffuse,ordered,dispersed,unusual,haphazard,opaque,diffuse,dispersed,diffuse,dispers
1227,"The designer is _______ by nature, so it is no surprise that the clothes she designs have consistently flouted established fashion trends.",这位设计师生性特立独行且自由随性，因此她设计的服装一贯蔑视既定的时尚潮流也就不足为奇了。,independent,sociable,freewheeling,gregarious,finicky,deferential,independent,freewheeling,independent,freewheel
1228,"Many working physicists believe that general relativity, while _______, is itself only one aspect of a more comprehensive theory that embraces all the forces of nature.",许多一线物理学家认为，广义相对论虽然是正确的，但它本身只是包罗自然界所有基本作用力的更全面理论的一个方面。,abstruse,complete,obscure,correct,accurate,fascinating,correct,accurate,correct,accurate
1229,A chimpanzee food call may not be simply _______ response to food but instead may be a strategically produced signal.,黑猩猩在面对食物时的呼叫可能不仅仅是一种下意识的反射性反应，相反可能是一种出于策略考虑而发出的信号。,a random,a desperate,an automatic,a cursory,a rash,a reflexive,an automatic,a reflexive,automatic,reflexive
1230,"Fernández-Armesto has amply documented what motivated exploration in past centuries, but it is often harder to discern what _______ modern explorers.",费尔南德斯-阿梅斯托详尽记录了过去几个世纪促使人们去探险的动机，但要弄清是什么驱使着现代探险家往往更加困难。,sustains,explains,intrigues,satisfies,drives,compels,drives,compels,drive,compel
1231,"Hoping to build a broader audience, the museum has mounted several exhibitions based on popular culture, but their impact on attendance has been negligible, and some complain that this direction has _______ the museum’s stature.",为了吸引更广泛的受众，该博物馆举办了数场以流行文化为主题的展览，但对参观人数的影响微乎其微，并且有人抱怨这一发展方向贬损了博物馆的声望。,protracted,undermined,burnished,augmented,diminished,perpetuated,undermined,diminished,undermin,diminish
1232,It is not exactly socialism that has _______ so much of the country’s economic life with cumbersome regulations but a meddlesome governmental culture that has been in place for centuries.,用繁琐苛刻的规章制度扼杀该国大半经济活力的并不完全是社会主义，而是一种历经数个世纪的爱干涉的政府文化。,imbued,betrayed,animated,energized,stifled,throttled,stifled,throttled,stifl,throttl
1233,One commentator charged that the discipline of political science has not merely ignored pressing problems of contemporary society but has in fact been used to _______ erroneous public policies.,一位评论员指责称，政治学这一学科不仅忽视了当代社会的紧迫问题，甚至还被用来为错误的公共政策辩护开脱。,identify,overcome,rationalize,investigate,explore,justify,rationalize,justify,rationalize,justify
1234,One object of examining past medical practices is to identify useful knowledge amid its now outmoded trappings; the alternative is to let such knowledge _______ along with the discredited theories with which it was associated.,审视过去医学实践的目的之一，是在其如今已过时的表象中甄别有用的知识；否则，这些知识就会随同与其相关的已被废弃的理论一起逐渐消逝。,fade,degenerate,stand,wane,age,ossify,fade,wane,fade,wane
1235,"John Byrom’s biographer Joy Hancox was at first _______ when she came across Byrom’s mysterious drawings, but undaunted, she taught herself to decipher them and now is confident that she has discovered their significance.",约翰·拜罗姆的传记作者乔伊·汉考克斯在首次看到拜罗姆的神秘图画时感到困惑不解，但她毫不气馁，自学破译了这些图画，如今坚信自己已经揭示了其意义。,curious,offended,flummoxed,baffled,dejected,intrigued,flummoxed,baffled,flummox,baffl
1236,"Walking appears simple, yet every step forward is a _______ act: each step is essentially a fall that one must catch by swinging one’s leg forward so that one’s foot lands on the floor just in time.",行走看起来很简单，然而向前迈出的每一步都是一种充满危险的举动：每一步本质上都是一次前倾摔倒，人们必须通过向前迈腿使脚及时着地来稳住身体。,complicated,skillful,hasty,risky,deliberate,precarious,risky,precarious,risky,precariou
1237,Researchers’ use of charcoal particles in soil as a marker for human arrival in prehistoric North America is _______: fire was a part of the continent’s natural ecology long before humans appeared.,研究人员将土壤中的木炭颗粒作为史前人类抵达北美洲的标志是不明智的：在人类出现很久之前，野火就已经是该大陆自然生态的一部分。,unwise,unnecessary,fortuitous,inessential,ingenious,misguided,unwise,misguided,unwise,misguide
1238,One of the reporter’s central themes is that health care concerns were a secondary consideration to the reformers in their drive to limit if not completely _______ the consumption of cigarettes.,该记者的核心论题之一是，改革者在力求限制甚至彻底禁止香烟消费的过程中，对医疗健康的考量只是次要因素。,indulge,proscribe,damage,spurn,disallow,impair,proscribe,disallow,proscribe,disallow
1239,"Whereas ground-based interferometers detect astrophysical events briefly and infrequently, space-based ones should hear a _______ of signals as soon as they turn on, including a constant chorus from binary white dwarfs in our galaxy.",相比于地面干涉仪短暂且罕见地探测到天体物理事件，太空干涉仪一旦开启就应该能捕捉到海量的信号，包括来自银河系中双白矮星持续不断的共鸣。,smattering,plethora,profusion,trickle,range,hum,plethora,profusion,plethora,profusion
1240,"A time of social and economic turmoil, it nevertheless witnessed marked cultural _______, proving again that political stability is no prerequisite for artistic excellence.",尽管这是一个社会和经济动荡的时代，但它依然见证了显著的文化繁荣，这再次证明政治稳定并非实现艺术卓越的必要前提。,repression,cohesion,autonomy,flowering,unity,advancement,flowering,advancement,flower,advancement
1241,"Viruses are generally regarded as being on the far side of the demarcation between living and nonliving things, yet newly discovered giant viruses have longer genomes than some bacteria, whose status as living entities is _______.",病毒通常被认为位于生物与非生物分界线的非生物一侧，但新发现的巨型病毒拥有的基因组却比某些细菌还要长，而细菌作为生命体的地位是不容置疑的。,elusive,incontrovertible,questionable,underestimated,indisputable,debatable,incontrovertible,indisputable,incontrovertible,indisputable
1242,"Simultaneously revered and reviled, the wolf embodies society’s _______ relationship with nature.",狼既受到崇敬又遭人唾弃，体现了人类社会与大自然之间充满矛盾的复杂关系。,conflicted,romanticized,complex,idealized,changing,hypocritical,conflicted,complex,conflict,complex
1243,"By avoiding hyperbole in her definitive account of one of the most influential but controversial banks of the modern era, Hurst shows herself to be a _______ author.",赫斯特在对现代最具影响力却最具争议的银行之一进行权威记述时避免了夸大其词，展现出自己是一位明智审慎的作者。,judicious,brilliant,compelling,sensible,sympathetic,solicitous,judicious,sensible,judiciou,sensible
1244,"Though renowned among physicists today, Bell’s paper garnered no great _______ when it first appeared.",尽管贝尔的论文如今在物理学家中享有盛誉，但在最初发表时却并未引起多大的轰动与赞誉。,attention,protest,acclaim,support,outcry,fanfare,acclaim,fanfare,acclaim,fanfare
1245,"In the past, the exploitation of various categories of natural resources was done _______, but because of the hugely expanded scale of today’s economy, exploitation of all the resources in many countries now occurs simultaneously.",过去，对各类自然资源的开采是按先后顺序相继进行的，但由于当今经济规模的急剧扩张，许多国家现在对所有资源的开发都是同步进行的。,fruitfully,rapidly,hastily,benignly,sequentially,successively,sequentially,successively,sequentially,successively
1246,"However much people want to avoid physical pain and feelings of anxiety, both are _______ self-preservation in a dangerous world.",无论人们多么希望避免肉体痛苦和焦虑情绪，这两者对于在危险世界中进行自我保全都是必不可少的。,compatible with,essential for,complementary to,reliant on,indispensable for,noteworthy for,essential for,indispensable for,essential for,indispensable for
1247,Einstein called Amalie Noether the most significant mathematical genius produced since higher education of women began; so transformative was her theorem of mathematical symmetry that some consider the temporal qualification in Einstein’s statement _______.,爱因斯坦称阿玛莉·诺特是女性接受高等教育以来出现的最重要的数学天才；她的数学对称定理具有如此深远的变革性，以至于有些人认为爱因斯坦评价中的时间限定条件纯属多余。,disingenuous,fawning,expendable,flattering,superfluous,manifest,expendable,superfluous,expendable,superfluou
1248,"Terms like “mystery fiction” and “crime fiction” have connotations that may not be _______ but are hardly laudatory, at least not in the way that those of terms like “literary fiction” and “metaphysical poetry” are laudatory.",“推理小说”和“犯罪小说”等术语的含义或许谈不上贬低，但也绝非赞赏，至少不像“严肃文学”和“玄学诗”等术语那样带有明显的赞扬色彩。,derogatory,belittling,pedantic,enviable,desirable,contemporary,derogatory,belittling,derogatory,belittl
1249,Embarrassment serves as a _______ gesture to others by signaling that the violation one committed was unintended and that it will not likely be repeated.,难堪对他人而言是一种抚慰性的姿态，它表明当事人所犯的过失并非故意为之，且极不可能再次发生。,temporizing,placatory,confusing,cautionary,perplexing,conciliatory,placatory,conciliatory,placatory,conciliatory
1250,"Devoted to beauty and the poetic, evanescent moment, artists of the period were often inspired by the charm of the capital city and of its _______ countryside.",那个时期的艺术家醉心于美感与诗意而稍纵即逝的瞬间，往往能从首都的魅力及其周边田园诗般的乡村中汲取灵感。,outlandish,sublime,mundane,bucolic,quotidian,rustic,bucolic,rustic,bucolic,rustic
1251,"The figure of the female orator, though indubitably _______, was far from unknown in fifteenth-century Italy.",女演说家的形象尽管无疑极为少见反常，但在十五世纪的意大利却绝非鲜为人知。,controversial,distrusted,constrained,self-effacing,exotic,anomalous,exotic,anomalous,exotic,anomalou
1252,"If it is wrong to justify human selfishness on the basis of the alleged selfishness of nature, then it is equally mistaken to espouse _______ merely because some animals happily assist each other.",如果以大自然所谓的自私为由为人类的自私辩护是错误的，那么仅仅因为某些动物乐于互相帮助就去信奉利他主义也同样是错误的。,pragmatism,moderation,restraint,altruism,benevolence,permissiveness,altruism,benevolence,altruism,benevolence
1253,"Tender yet never _______, the memoir engages the reader without resorting to clichés.",这部回忆录温情脉脉却绝不甜腻感伤，无需诉诸陈词滥调就能牢牢吸引读者。,saccharine,unsentimental,cloying,long-winded,pragmatic,affecting,saccharine,cloying,saccharine,cloy
1254,"China has a long tradition of _______ the written word; whereas in Renaissance Europe, painting, sculpture, and architecture were viewed as the apex of artistic achievement, in China calligraphy was the preeminent art form.",中国有着崇敬文字的悠久传统；在文艺复兴时期的欧洲，绘画、雕塑和建筑被视为艺术成就的巅峰，而在中国，书法则是至高无上的艺术形式。,embellishing,venerating,preserving,studying,commodifying,exalting,venerating,exalting,venerat,exalt
1255,"This novel resembles a piece of music in the way it _______ variations on separate themes that contrast, conflict, and combine to form ever-more-fascinating patterns.",这部小说宛如一首乐曲，它巧妙调动并编排了不同主题的变奏，这些主题相互对照、冲突并结合，构成了愈发引人入胜的图景。,deploys,alters,rejects,marshals,reiterates,repudiates,deploys,marshals,deploy,marshal
1256,"Curry did not necessarily agree with the criticisms about her research paper, but rather than _______ them, as many scientists might have done, she began to engage with the critics.",库里未必完全赞同对自己研究论文的批评，但她并未像许多科学家可能做的那样对这些意见置之不理，而是开始与批评者展开探讨。,dismissing,refuting,acknowledging,recognizing,ignoring,attacking,dismissing,ignoring,dismiss,ignor
1257,"The public memorial in Pretoria’s Freedom Park presents _______ view of South Africa’s history, with the names on it representing all those who died in conflicts that contributed to the shaping of the country.",比勒陀利亚自由公园的公共纪念碑呈现了对南非历史包容而全面的视角，其上镌刻的名字代表了所有在塑造该国的冲突中牺牲的人。,an inclusive,a comprehensive,a definitive,a coherent,an empowering,a conventional,an inclusive,a comprehensive,inclusive,comprehensive
1258,"With poetry seemingly forever composing its own _______, and the novel apparently writing its last chapter, science fiction writers are now similarly concerned that they face a future in which their writing could, ironically, be a thing of the past.",随着诗歌似乎永远在为自己谱写挽歌，小说也仿佛在写就最后一章，科幻小说作家如今同样担忧，具有讽刺意味的是，他们的写作在未来可能也会成为明日黄花。,saga,chronicle,critique,inaugural,elegy,requiem,elegy,requiem,elegy,requiem
1259,"Ultimately, according to Zuger, all medical advice is _______: it is educated guesswork, perhaps, but guesswork all the same.",根据祖格尔的观点，归根结底所有的医学建议都带有推测性：它或许是有据可查的推测，但终究依然是猜测。,salient,speculative,expedient,questionable,conjectural,pragmatic,speculative,conjectural,speculative,conjectural
1260,I. B. Singer was a prominent and beloved figure on the American literary scene for so long that it is hard to imagine that the flurry of publications marking the centennial of his birth would have anything _______ to say about him.,辛格在美国文坛作为杰出且深受爱戴的人物活跃了太久，以至于很难想象在纪念他百年诞辰的一大批出版物中还能提出任何新颖独特的见解。,irksome,benevolent,novel,kindhearted,fresh,virulent,novel,fresh,novel,fresh
1261,"Jane Austen belonged to the social class about which she mainly wrote, and although her novels offer abundant satire, one never has the sense that she viewed the basic elements of this social sphere as _______.",简·奥斯汀属于她主要描写的那个社会阶层，尽管她的小说中充斥着大量的讽刺，但读者绝不会觉得她将这个社交阶层的基本特质视为卑劣可鄙的。,laudable,unfathomable,ignoble,reprehensible,inviolable,praiseworthy,ignoble,reprehensible,ignoble,reprehensible
1262,"Nature, it seems, is quite _______ when it comes to the distribution of habitable planets: even in the most unusual cosmic neighborhoods, there appears to be potential for life.",在宜居行星的分布上，大自然似乎相当公平公正：即便在最不同寻常的宇宙角落，似乎也存在生命的潜能。,arbitrary,impartial,evenhanded,exacting,predictable,resourceful,impartial,evenhanded,impartial,evenhand
1263,"A key characteristic in the author’s presentation of his character’s dreary life is _______: paragraphs are short, sentences are laconic, patterns of repetition and circularity are evoked by means of symbolic shorthand.",作者在呈现其笔下人物沉闷乏味的生活时，一个核心特征是凝练精简：段落简短，语句简洁，并借助象征性的速写手法勾勒出重复与循环的模式。,redundancy,economy,hyperbole,concision,exaggeration,restraint,economy,concision,economy,concision
1264,"The simplicity of Ann Hamilton’s sculpture, a single drop of water snaking its way down a vast white wall, _______ the elaborate technical apparatus hidden beneath its surface.",安·汉密尔顿雕塑作品的简朴表象——仅仅一滴水在巨大的白墙上蜿蜒滑落——掩盖了隐藏在其表面之下精密复杂的机械装置。,minimized,undermined,belied,contradicted,conjured,evoked,belied,contradicted,bely,contradict
1265,Scholars have learned from the demographic reconstructions of the precipitate population decline in the Caribbean after the Spanish conquest that we should be cautious before we treat early accounts of a large preconquest population as though they are _______.,学者们从西班牙征服后加勒比地区人口骤降的人口学重建中认识到，在将征服前庞大人口的早期记载视为夸大其词之前，我们应当保持谨慎。,exaggerated,accurate,authentic,persuasive,hyperbolic,deceptive,exaggerated,hyperbolic,exaggerate,hyperbolic
1266,"Millville has its share of suburban eyesores—cement-block strip malls, rows of fast-food restaurants, and _______ split-level homes marching up hillsides denuded of trees.",米尔维尔也有着郊区常见的碍眼景观——水泥砌块条状商场、成排的快餐店，以及在光秃秃山坡上一字排开的平庸乏味的错层式住宅。,magnificent,superlative,abysmal,banal,lackluster,diminutive,banal,lackluster,banal,lackluster
1267,"In his account of Saladin’s character, the sixteenth-century writer Giovio acknowledged that the sultan had been capable of some perfidy, but Giovio was otherwise _______ in expressing his approbation of the man.",十六世纪作家乔维奥在记述萨拉丁的品行时，承认这位苏丹有时不免背信弃义，但除此以外，乔维奥对该人的赞许之词毫不吝惜。,eloquent,unstinting,subdued,muted,profuse,judicious,unstinting,profuse,unstint,profuse
1268,The overall persuasiveness of the literary critic’s analysis was occasionally marred by _______ generalizations that served only to distract attentive readers from the intended point.,该文学评论家分析的整体说服力偶尔会被一些站不住脚的概括所破坏，这些概括只会分散细心读者对核心论点的注意力。,questionable,vacuous,broad,dubious,incisive,trenchant,questionable,dubious,questionable,dubiou
1269,The ocean surf zone is a very _______ research setting: it is almost impossible to install and maintain instruments that will give valid readings there.,海洋破波带是一个环境极为恶劣的研究场所：在其中安装和维护能够提供有效读数的仪器几乎是不可能的。,unpredictable,prosaic,worthwhile,hostile,pedestrian,inhospitable,hostile,inhospitable,hostile,inhospitable
1270,"Though acquaintances are at first overwhelmed by his _______, they soon appreciate that, contrary to appearances, he is not without self-interest.",尽管熟人们起初为他的宽宏仁慈所折服，但他们很快就意识到，与外表相反，他也并非毫无私心。,probity,magnanimity,ambition,fortitude,determination,benevolence,magnanimity,benevolence,magnanimity,benevolence
1271,"To early geneticists, the fixity and unambiguousness of the genetic code seem to guarantee its performing _______ in the cell, but this notion of a precisely describable march from cause to effect is dissolving.",对早期的遗传学家而言，遗传密码的恒定性与明确性似乎保证了其在细胞中机械化地运转，但这种认为因果之间存在着精确严密进程的观念如今正在瓦解。,sporadically,intermittently,mechanistically,adaptively,automatically,successfully,mechanistically,automatically,mechanistically,automatically
1272,"Perhaps because the set of cases the scholar considered did not include Bolivia and Ecuador, where the phenomenon is most noticeable, the role of indigenous groups in sustaining neopopulist leaders is _______ in his analysis.",或许是因为这位学者所选取的案例群未包含该现象最为显著的玻利维亚和厄瓜多尔，原住民群体在支撑新民粹主义领袖中所起的作用在他的分析中被淡化甚至忽视了。,ignored,misrepresented,exaggerated,overemphasized,downplayed,unexplored,downplayed,unexplored,downplay,unexplor
1273,"The high seriousness of St. Aubyn’s novel is not at all superficial; in fact, it is _______ the novel’s ferociously comic vision.",圣奥宾小说中高度的严肃性绝非浮于表面；事实上，它与该小说极其辛辣的喜剧性视野是密不可分的。,redolent of,reminiscent of,intrinsic to,inimical to,antagonistic to,inextricable from,intrinsic to,inextricable from,intrinsic to,inextricable from
1274,"Many in the software industry cling to an obstinate belief that the industry can weather any economic storm, but their _______ has been visibly shaken by a looming recession and aggressive consolidation in the high-tech industry.",软件行业的许多人顽固地坚信该行业能够经受住任何经济风暴的考验，但逼近的经济衰退以及高科技行业内部的激进整合已显著动摇了他们的信心。,suspicion,confidence,mistrust,foundation,contentment,certainty,confidence,certainty,confidence,certainty
1275,The indigenous uprising in Bolivia in 2008 was not _______: in 1781 indigenous people took over the area near present-day La Paz in what constituted the biggest challenge to the Spanish who then controlled Bolivia.,2008年玻利维亚的原住民起义并非史无前例：早在1781年，原住民就曾占领过如今拉巴斯附近的地区，对当时控制玻利维亚的西班牙人构成了最大的挑战。,unsuccessful,unpredictable,unprecedented,disregarded,unique,random,unprecedented,unique,unprecedent,unique
1276,"In mid-nineteenth-century Paris, some independent women survived economically by running small dressmaking businesses, though the displacement of custom-made clothing by factory-made garments _______ these needleworkers’ economic opportunities.",在19世纪中叶的巴黎，一些独立女性通过经营小裁缝店在经济上得以立足，尽管工厂成衣取代定制服装削减了这些女针线工人的经济机会。,confounded,curtailed,diminished,augmented,destroyed,disguised,curtailed,diminished,curtail,diminish
1277,"_______ technological trends is problematic: downsizing computers from room size to pocket size is one thing, but it is quite another to go from pocket size to cellular or molecular scales.",推测技术趋势是存在问题的：将计算机从房间大小缩小到口袋大小是一回事，但从口袋大小缩小到细胞或分子尺度则是完全另一回事。,Diverting,Celebrating,Projecting,Redirecting,Extrapolating,Identifying,Projecting,Extrapolating,Project,Extrapolat
1278,"The biographer’s _______ account of the life of Billie Holiday can be frustrating, since it gives readers little sense of the chronology of Holiday’s career.",传记作者对比莉·荷莉黛生平迂回曲折的叙述可能会令人沮丧，因为它几乎没有让读者了解荷莉黛职业生涯的时间脉络。,laconic,tendentious,meandering,effusive,didactic,circuitous,meandering,circuitous,meander,circuitou
1279,The use of temperature records for the period from 1880 to 1899 as the favored baseline for measuring global warming is _______ because the 1880s were particularly cold after the eruption of the Krakatoa volcano.,将1880年至1899年期间的气温记录作为衡量全球变暖的首选基准是不明智的，因为在喀拉喀托火山爆发后，19世纪80年代格外寒冷。,injudicious,unnecessary,ill-advised,controversial,commonplace,widespread,injudicious,ill-advised,injudiciou,ill-advise
1280,"Using elaborate costumes and lighting, dancer Loie Fuller transformed herself multiple times during a performance, thereby emphasizing the _______ of character.",舞蹈家洛伊·富勒利用精致的服装和灯光，在演出中多次变换自身形象，从而强调了角色的流动多变性。,fluidity,honesty,universality,sincerity,complexity,mutability,fluidity,mutability,fluidity,mutability
1281,"Contrary to the proclamations of many scientists, the problems visible in small, uncontrolled medical studies are not necessarily _______ larger, randomized controlled studies, which can be faulty as well.",与许多科学家的声明相反，在小型无对照医学研究中显现的问题并不一定能通过更大规模的随机对照研究得到缓解，因为后者同样可能存在缺陷。,germane to,alleviated by,predicted by,inherent in,mitigated by,characteristic of,alleviated by,mitigated by,alleviate by,mitigate by
1282,"Though cloaked in the protective armor of _______ prose, John Hope Franklin’s interpretation of United States history was surprisingly radical.",尽管约翰·霍普·富兰克林对美国历史的阐释裹上了严谨审慎散文的保护外衣，其观点却出人意料地激进。,ironic,lucid,careful,erudite,agreeable,judicious,careful,judicious,careful,judiciou
1283,"The show is set in an era marked by _______, and its characters are emblematic of that, indulging certain styles of behavior while knowing them to be false.",该剧以一个充斥着虚伪的时代为背景，其角色便是这一特征的象征，他们沉溺于某些行为方式，同时明知其虚伪造作。,hypocrisy,injustice,phoniness,flamboyance,deviousness,ostentation,hypocrisy,phoniness,hypocrisy,phoniness
1284,"Researchers comparing test subjects’ abilities to interpret others’ facial expressions found that while some expressions were easy to interpret, others were difficult because they were so _______ the person making the expression.",研究人员在比较受试者解读他人面部表情的能力时发现，虽然有些表情很容易解读，但有些表情却很难解读，因为它们过于特属于做出表情的个体。,habitual for,customary for,peculiar to,idiosyncratic to,opaque to,inoffensive to,peculiar to,idiosyncratic to,peculiar to,idiosyncratic to
1285,The panegyrics are highly tendentious and offend modern taste by their flowery style and _______ flattery.,这些颂词带有极强的倾向性，其华丽的文风和过分热情的阿谀奉承冒犯了现代人的品味。,desultory,effusive,jejune,implausible,fulsome,backhanded,effusive,fulsome,effusive,fulsome
1286,"As their late-nineteenth-century critics realized, positivists had abandoned science’s inherently _______ outlook by transforming science from a method into a metaphysic, a source of absolute certainty.",正如19世纪末的批评家所意识到的，实证主义者将科学从一种方法转变为一种形而上学和绝对确定性的来源，从而背弃了科学本质上具有的暂定性视角。,progressive,empirical,deterministic,provisional,skeptical,conditional,provisional,conditional,provisional,conditional
1287,"The strong compulsion that readers have to look to an author’s life for keys to understanding that author’s work _______ the importance biography can have in the appreciation of fiction, even if reference to biography is currently unfashionable as a tool of criticism.",读者强烈倾向于从作者生平中寻找理解其作品的钥匙，这证明了传记在小说鉴赏中所能发挥的重要性，即便借助传记作为批评工具目前并不流行。,compensates for,testifies to,overstates,exaggerates,evinces,rescinds,testifies to,evinces,testify to,evince
1288,"African painters Ghada Amer and Julie Mehretu are not swayed by art-world insiders’ _______ of aesthetic elements that can be characterized as decorative; rather, they recognize all beauty as a source of power in painting.",非洲画家加达·阿米尔和朱莉·梅赫雷图并未受到艺术界内人士对装饰性美学元素的贬低的影响；相反，她们将所有美都视为绘画中力量的源泉。,ignorance,delineation,trivialization,adulation,deprecation,co-optation,trivialization,deprecation,trivialization,deprecation
1289,"Although there is clear and direct evidence for the use of domestic horses in the Bronze Age cultures of the second millennium B.C.E., evidence for the use of the horse before this period is _______.",尽管在公元前二千纪的青铜时代文化中有关于家马使用的明确直接证据，但在该时期之前使用马匹的证据却是模棱两可的。,equivocal,superfluous,circumstantial,nonexistent,ambiguous,redundant,equivocal,ambiguous,equivocal,ambiguou
1290,"Planetary systems are _______, with the orbits of even the largest planets able to evolve and migrate, especially in the early period when interaction between forming planets and the protoplanetary disc is strong.",行星系统是动态多变的，即使是最大行星的轨道也能够演变和迁移，尤其是在形成中的行星与原行星盘之间相互作用强烈的早期阶段。,stable,dynamic,predictable,idiosyncratic,mutable,enigmatic,dynamic,mutable,dynamic,mutable
1291,"Unfortunately, this book about last year’s political scandal comes too early to _______ the discussions that took place as events were unfolding and too late to add to those discussions.",不幸的是，这本关于去年政治丑闻的书出版得太早，无法超越事件发生时展开的讨论，又出版得太晚，无法为那些讨论增添新的见解。,rise above,consider,transcend,spark,supplement,elaborate on,rise above,transcend,rise,transcend
1292,"Because Earth’s atmosphere distorts astronomical observations, whatever tends to _______ its influence is dismaying to the astronomer.",由于地球大气层会扭曲天文观测，任何可能增强其影响的因素都会令天文学家感到沮丧。,amplify,sustain,alter,adjust,revive,strengthen,amplify,strengthen,amplify,strengthen
1293,"Since cosmic rays are electrically charged, their paths are altered by our galaxy’s magnetic field; thus, their points of origin remain _______.",由于宇宙射线带有电荷，其行进路径会被银河系的磁场改变；因此，它们的起源地点依然是不确定的。,calculable,irrelevant,unforeseeable,uncertain,immaterial,questionable,unforeseeable,uncertain,unforeseeable,uncertain
1294,"Far from being models of devoted political participation, the town halls suffered from citizen _______: in eighteenth-century Massachusetts, for example, attendance ranged from 20 percent to 60 percent of eligible voters.",镇民大会远非全心投入政治参与的典范，反而饱受公民漠不关心之苦：例如在18世纪的马萨诸塞州，合资格选民的出席率仅在20%到60%之间。,extremism,sedition,single-mindedness,rebellion,unconcern,apathy,unconcern,apathy,unconcern,apathy
1295,"In many branches of science, our knowledge and technology have advanced so rapidly that new studies carried out with improved instruments and techniques may well _______ research done just twenty years earlier.",在许多科学分支中，我们的知识和技术进步如此迅速，以至于使用改进仪器和技术开展的新研究完全可能会取代仅仅二十年前完成的研究。,confirm,supplant,elaborate,supersede,question,validate,supplant,supersede,supplant,supersede
1296,"Duke Ellington managed his career with extreme deliberateness: nothing was _______, and even apparent compromises or trade-offs were actually artful accommodations leading to eventual triumphs.",杜克·埃灵顿极其深思熟虑地经营自己的职业生涯：没有什么是纯属偶然的，甚至表面上的妥协或折中实际上也是通向最终胜利的巧妙顺应。,effortless,fortuitous,arduous,accidental,laborious,commercialized,fortuitous,accidental,fortuitou,accidental
1297,"Charles Babbage’s interests, while initially seeming so _______, nevertheless did possess a common, unifying thread.",查尔斯·巴贝奇的兴趣虽然起初看似如此杂乱多样，但实际上确实有一条贯穿始终的统一线索。,unusual,random,unorthodox,esoteric,miscellaneous,obscure,random,miscellaneous,random,miscellaneou
1298,"When philosophers like Plato, Hume, and Schopenhauer write with clarity about problems of the utmost difficulty, such _______ does not make the problems appear simple or easy to solve: on the contrary, difficulty is exposed as essential to the understanding.",当柏拉图、休谟和叔本华等哲学家清晰透彻地阐述极度困难的问题时，这种清晰易懂并没有使问题显得简单或容易解决；相反，困难本身被揭示为理解所不可或缺的本质。,lucidity,equivocation,evasiveness,intelligibility,boldness,resourcefulness,lucidity,intelligibility,lucidity,intelligibility
1299,"The claim that the consulting firm began work in the country several years after the military coup was revisionism of _______ kind, since the firm was openly working with the military before the coup even took place.",声称该咨询公司在军事政变数年后才在该国开展工作的说法是一种公然厚颜无耻的篡改历史，因为早在政变发生之前，该公司就已经在公开与军方合作了。,an impenetrable,a cryptic,a blatant,a familiar,an insidious,a shameless,a blatant,a shameless,blatant,shameless
1300,We worked very hard—at least Ellen did; I tended to be more _______.,我们工作非常努力——至少艾伦是这样；而我往往更懒散怠惰。,assiduous,lethargic,surly,industrious,solicitous,indolent,lethargic,indolent,lethargic,indolent
1301,"Modern architectural criticism largely ignores the role of light, shadow, and color, treating the surface of a building as if it were _______ instead of different from one minute to the next.",现代建筑批评在很大程度上忽视了光、影和色彩的作用，将建筑表面视为恒定稳定的，而不是随时都在发生变化的。,negligible,paramount,abiding,stable,trifling,intriguing,abiding,stable,abid,stable
1302,The knowledgeable reader is unlikely to find the thesis of the article to be _______ because variations of it have been uttered with increasing frequency by an ever-growing number of scientists for more than 30 years.,见多识广的读者不太可能觉得该文章的论点令人惊愕，因为30多年来，越来越多的科学家以越来越高的频率表达过类似的观点。,surprising,confusing,enervating,startling,boring,uninteresting,surprising,startling,surpris,startl
1303,"Although genetic mutation had been fingered as the cause of the disease, recent experimental results have muddied the picture, making the link between mutation and disease seem more _______ than it once did.",虽然基因突变曾被指认是这种疾病的诱因，但最近的实验结果使局面变得扑朔迷离，让突变与疾病之间的联系显得比以往更加神秘莫测。,inexorable,insidious,enigmatic,mysterious,tenuous,implacable,enigmatic,mysterious,enigmatic,mysteriou
1304,"When urged to give up his place in line, the child initially _______ but eventually acquiesced.",当被催促让出排队位置时，那个孩子起初表示抗议，但最终还是顺从了。,retaliated,capitulated,commiserated,remonstrated,complied,protested,remonstrated,protested,remonstrate,protest
1305,"A study of mice now hints that a lack of vitamin A causes learning and memory problems, albeit only _______ ones.",一项针对小鼠的研究表明，缺乏维生素A会导致学习和记忆问题，尽管这些问题只是暂时可逆的。,conditional,unpredictable,unforeseen,impermanent,mundane,reversible,impermanent,reversible,impermanent,reversible
1306,"In the end, it is obviously impossible to _______ the more important details in the adventurer's memoirs, though the book does strike most readers—as well as knowledgeable scholars—as a basically reliable account of an extraordinary life.",归根结底，要想核实这位探险家回忆录中较为重要的细节显然是不可能的，尽管在大多数读者以及博学的学者看来，该书对一段非凡一生的记述基本是可靠的。,distinguish,verify,emphasize,deduce,underscore,corroborate,verify,corroborate,verify,corroborate
1307,"Selling a product with no known or even _______ substitute and with an ever-growing demand for it seems as if it would be quite lucrative, but in fact the three biggest private-sector water companies in the world are eager to get out of the business.",销售一种没有已知甚至难以想象有替代品、且需求日益增长的产品看似非常有利可图，但事实上全球最大的三家私营水务公司都急于退出该行业。,recognized,practicable,profitable,acknowledged,imaginable,conceivable,imaginable,conceivable,imaginable,conceivable
1308,"The extraction of ancient DNA from fossilized remains is often _______ because as an organism decomposes, its DNA gradually comes to be replaced by the DNA of the organisms that feed on it.",从化石遗存中提取古DNA往往是一项艰巨费力的工作，因为随着生物体分解，其DNA会逐渐被以其为食的生物的DNA所取代。,unnecessary,arduous,oblique,laborious,protracted,superfluous,arduous,laborious,arduou,laboriou
1309,"The problem a generation ago was not the new art itself but the heightened intensity of conviction surrounding it, which is thankfully absent in our wonderfully _______ times.",一代人以前的问题不在于新艺术本身，而在于围绕它产生的极其强烈的执念，值得庆幸的是，在我们这个极其不僵化且兼容并蓄的时代，这种执念已经不复存在了。,fervid,impassioned,undogmatic,receptive,nostalgic,optimistic,undogmatic,receptive,undogmatic,receptive
1310,"The _______ parts of the book threaten to disappear beneath repetitive and familiar depictions of the city as a really busy, crowded, and diverse place.",该书中独创新颖的部分可能会被那些千篇一律地将这座城市描绘得极其繁忙、拥挤和多元的陈词滥调所淹没。,well-researched,mundane,original,innovative,polemical,commonplace,original,innovative,original,innovative
1311,"Despite its stellar performances, the film is _______: it seems mysteriously incomplete in essential ways, yet feels repetitive at the same time.",尽管演员阵容表现出色，这部电影却很古怪：它在关键方面显得莫名残缺，同时却又让人觉得拖沓重复。,wanting,dull,offensive,curious,distasteful,peculiar,curious,peculiar,curiou,peculiar
1312,"The author seemingly cannot resist detours into side obsessions, but even when his writing is not entirely _______, it is almost always entertaining.",作者似乎总是忍不住岔开话题去探讨个人的旁支嗜好，但即便他的行文并不完全切题，也几乎总是妙趣横生。,droll,germane,apropos,gratifying,authentic,trenchant,germane,apropos,germane,apropo
1313,"With its many islands, the Pacific Ocean had from early times been the habitat of _______ civilizations—ones that had mastered the skills of sea travel.",太平洋岛屿星罗棋布，自古以来就是精通航海技术的海洋文明的聚居地。,expansionist,nautical,cloistered,migratory,isolated,maritime,nautical,maritime,nautical,maritime
1314,"Far from being a sign of intellectual _______, the capacity to err, according to Schulz, is crucial to human cognition.",舒尔茨认为，犯错的能力非但不是智力低下的表现，反而对人类的认知至关重要。,development,prowess,progress,inferiority,naïveté,weakness,inferiority,weakness,inferiority,weakness
1315,"The artist’s apparently casual, improvisatory pictures are not the _______ renditions they may seem; her pictures are, in fact, the result of a highly disciplined style.",这位艺术家看似随性即兴的画作并非表面上看起来那般信手拈来；事实上，她的画作是高度严谨自律风格的产物。,calculated,rigorous,offhand,precise,extempore,defiant,offhand,extempore,offhand,extempore
1316,"Though mathematics is _______, like language, it has its roots in the mud of everyday embodied experience; one such root is counting.",尽管数学是抽象理论化的，但它和语言一样，扎根于日常切身体验的泥土之中；计数便是这样一种根基。,essential,indispensable,abstract,theoretical,prescriptive,functional,abstract,theoretical,abstract,theoretical
1317,The _______ diction of the short Somali poetry form known as balwo was well suited for political purposes: invective could easily be hidden in an apparent love poem.,被称为balwo的索马里短诗形式以其晦涩隐秘的措辞非常契合政治目的：痛斥与抨击可以轻易隐藏在表面上的情诗之中。,cryptic,enigmatic,romantic,iconoclastic,irreverent,nuanced,cryptic,enigmatic,cryptic,enigmatic
1318,"Surprisingly, although the textbooks are filled with pages of vocabulary and unnecessary detail, their treatment of some fundamentally important concepts is _______.",令人惊讶的是，尽管这些教科书充斥着大篇幅的词汇和不必要的细节，但对某些至关重要的核心概念的阐述却支离破碎。,prolix,piecemeal,verbose,fragmentary,abstruse,succinct,piecemeal,fragmentary,piecemeal,fragmentary
1319,"Ultimately, all conservation is local and it is rarely practical, even if it were morally justifiable, to enforce conservation regulations in the face of widespread local _______.",归根结底，所有的环境保护都是地方性的，即使在道德上站得住脚，在面对当地普遍敌意的情况下强制推行环保法规也几乎是不切实际的。,confusion,indifference,antagonism,hostility,hesitation,intransigence,antagonism,hostility,antagonism,hostility
1320,"Much honored for her work in both theater and film, the director was prolific—too much so, according to some critics who thought she sometimes took on projects _______.",这位导演在戏剧和电影领域均屡获殊荣且作品颇丰——在一些批评家看来甚至多产得过了头，他们认为她有时接拍项目过于随性且不加挑选。,haphazardly,unprofitably,indiscriminately,unflaggingly,inappropriately,prematurely,haphazardly,indiscriminately,haphazardly,indiscriminately
1321,"Like many other former student radicals who have discovered an aptitude for business, Mr. Schwartz has not so much outgrown his student _______ as transferred it to the new subject of technology.",就像许多其他发现自己在商业方面有才能的昔日学生激进分子一样，施瓦茨先生与其说是摆脱了学生时代的反传统叛逆特质，不如说是将其转移到了科技这一新领域。,fecklessness,energy,iconoclasm,futility,unorthodoxy,earnestness,iconoclasm,unorthodoxy,iconoclasm,unorthodoxy
1322,"Indian physicist Meghnad Saha is an example of _______: facing discrimination because of his humble background, he went on to establish the journal Science and Culture to disseminate scientific knowledge without regard for class hierarchies.",印度物理学家梅格纳德·萨哈是坚韧执着的典范：尽管因出身卑微而遭受歧视，他仍创办了《科学与文化》期刊，打破阶级森严壁垒传播科学知识。,originality,serendipity,equanimity,precocity,tenacity,doggedness,tenacity,doggedness,tenacity,doggedness
1323,"Tao Zhu and Yaobin Lu found that personality traits can affect user adoption of mobile commerce, suggesting that a mobile service provider could benefit from _______ the market, specifically targeting extroverts, for instance.",陶竹和鲁耀斌发现人格特质会影响用户对移动商务的采纳，这表明移动服务提供商可以通过细分市场获益，比如专门针对外向性格人群进行精准推广。,partitioning,saturating,blanketing,cornering,penetrating,segmenting,partitioning,segmenting,partition,segment
1324,"Theses defended by contemporary philosophers under the banner of metaphysics typically _______ the claims of science; that is, they cannot be borne out by experiment as the claims of science are expected to be.",当代哲学家在形而上学旗号下捍卫的论题通常超越了科学的主张；也就是说，它们无法像科学主张那样通过实验得到证实。,derive from,originate in,contravene,challenge,transcend,go beyond,transcend,go beyond,transcend,go
1325,Human hearing is remarkably _______: an attentive listener knows if a band’s drummer is as little as one thousandths of a second late on the beat.,人类的听觉敏锐得惊人：一个专注的倾听者能察觉出乐队鼓手的节拍哪怕慢了仅仅千分之一秒。,sophisticated,adaptable,independent,sensitive,versatile,discerning,sensitive,discerning,sensitive,discern
1326,Community gardens are frequently considered _______ since they are often established on land that does not belong to the gardens’ creators and is therefore subject at any time to being reappropriated.,社区花园通常被认为是短暂不稳固的，因为它们往往建在并不属于花园创建者的土地上，随时都有可能被重新收回。,cooperative,quixotic,ephemeral,heterogeneous,diverse,transitory,ephemeral,transitory,ephemeral,transitory
1327,"She objected to the language in the report, arguing that it portrayed the central problem as stable and capable of being defined, when it was in fact _______.",她反对报告中的措辞，认为它将核心问题描绘得既稳定又可界定，而实际上该问题是模糊不定、无定形的。,outlandish,nebulous,unattainable,amorphous,impracticable,complicated,nebulous,amorphous,nebulou,amorphou
1328,The concept of replicability begins with the idea that the pursuit of scientific truth is not _______: researchers who make claims must allow others to test those claims.,可重复性概念始于这样一种理念，即追求科学真理并非封闭孤立的私事：提出论断的研究人员必须允许他人检验这些论断。,incomplete,settled,private,unfinished,insular,unerring,private,insular,private,insular
1329,"In the 1980s, while studying how exercise helps patients with cardiovascular disease, researchers noticed _______ effect: working out seemed to improve people’s moods and reduce symptoms of depression.",20世纪80年代，研究人员在研究运动如何帮助心血管疾病患者时注意到了一个意料之外的附带效果：锻炼似乎能改善人的情绪并缓解抑郁症状。,a crucial,a fortuitous,an enigmatic,an untoward,an inadvertent,an inopportune,a fortuitous,an inadvertent,fortuitou,inadvertent
1330,The use of extra quiet computer keyboards has greatly _______ the noise problem throughout our office.,使用超静音电脑键盘极大地削减了整个办公室的噪音问题。,hidden,attenuated,obscured,fostered,modified,diminished,attenuated,diminished,attenuate,diminish
1331,"Although the evidence to date is that the regime is _______ freedom, this does not imply that any other regime would be more compatible with freedom: on the contrary, others are almost certain to be less so.",尽管迄今为止的证据表明该政权不利于自由，但这并不意味着任何其他政权会更契合自由：相反，其他政权几乎肯定更不容自由。,not antithetical to,not conducive to,not opposed to,unfavorable toward,reliant upon,unthreatened by,not conducive to,unfavorable toward,not,unfavorable
1332,All of his previous efforts at ingratiating himself with the official were _______ when he responded antagonistically to the official’s goading.,当他面对官员的挑衅做出充满敌意的反应时，他此前所有讨好该官员的努力都付诸东流了。,assuaged,nullified,vitiated,implemented,alleviated,realized,nullified,vitiated,nullify,vitiate
1333,The rate of sediment deposition may be _______ desertification in Central Asia: data from a Tajik site show the rate to have increased during Pleistocene glacial periods as aridity increased.,泥沙沉积速率可能是中亚荒漠化程度的一个指标：来自塔吉克斯坦一处遗址的数据表明，在更新世冰期随着干旱加剧，该沉积速率有所增加。,a restraint on,a gauge of,an indicator of,a factor in,a hedge against,a consequence of,a gauge of,an indicator of,gauge of,indicator of
1334,"By its subtitle, Pamela Lu’s Pamela: A Novel assigns itself to a literary genre whose constitutive elements it _______: if it is a novel, it is an anomalous one, with no story to unfold.",帕梅拉·卢在《帕梅拉：一部小说》中通过副标题将自身归入某种文学体裁，却蔑视了该体裁的基本构成要素：若称其为小说，也是一部无故事可陈述的反常之作。,maligns,flouts,mimics,simulates,reimagines,disowns,flouts,disowns,flout,disown
1335,"The second group of volunteer excavators was far more _______ the first, and consequently the obstructing material was removed much more rapidly during the second shift.",第二组志愿发掘人员远比第一组勤奋勤劳，因此在第二班次期间，障碍物被清理得迅速得多。,diligent than,incapacitated than,experienced than,punctual than,debilitated than,industrious than,diligent than,industrious than,diligent,industriou
1336,"Although the choreographer has been known to push the boundaries of experimentalism, she says she is not particularly interested in _______ for its own sake.",尽管这位编舞家以勇于突破实验主义边界而闻名，但她表示自己对纯粹为了创新而创新并不特别感兴趣。,popularity,originality,diversity,recognition,innovation,scandal,originality,innovation,originality,innovation
1337,Magazines use superlatives to generate excitement and make stories seem worth reading and not even the most punctilious fact-checkers at the most principled magazines can fight off all the _______ claims.,杂志借助最高级词汇来制造兴奋点并使文章显得值得一读，即便在最具原则的杂志社里最严苛的事实核查员，也无法杜绝所有毫无根据的夸大说法。,uncategorizable,unwarranted,dubious,idiosyncratic,innocuous,noteworthy,unwarranted,dubious,unwarrant,dubiou
1338,The redemption memoir’s status as a witness to real life causes outrage when a memoir is falsified; this outrage tends to be _______ when the memoir claims to bear witness to social and political injustice and feelings already run high.,救赎回忆录作为现实生活见证的地位，使得回忆录一旦造假就会引发公众愤怒；而当这类回忆录声称见证了社会和政治不公且公众情绪本已激动时，这种愤怒往往会进一步加剧。,anticipated,personalized,misunderstood,exacerbated,aggravated,misconstrued,exacerbated,aggravated,exacerbate,aggravate
1339,The field of urban ecology is in _______ phase: just a decade or two ago the idea of doing natural science in a city was something few researchers ever considered.,城市生态学领域正处于初期萌芽阶段：仅仅一二十年前，在城市中开展自然科学研究的想法还鲜有研究人员考虑过。,an ambiguous,an incipient,a nascent,an obscure,a turbulent,a moribund,an incipient,a nascent,incipient,nascent
1340,"Software makers typically write licensing agreements disclaiming responsibility for any negative consequences of using their products, but as computers become integrated into everything from cars to medical devices, that stance will become _______.",软件制造商通常会在许可协议中声明对其产品造成的任何不良后果概不负责，但随着计算机融入从汽车到医疗设备的各个领域，这种立场将变得站不住脚。,ambiguous,untenable,disfavored,indefensible,unwarranted,gratuitous,untenable,indefensible,untenable,indefensible
1341,"Minor errors are a common occurrence in news reporting, and journalists should not be _______ them, but thoroughly reliable science and health reporting is important to help readers make informed decisions on potentially crucial issues.",新闻报道中出现微小失误是常见的事，记者不应因此受到严厉挞伐，但高度可靠的科学与健康报道对于帮助读者在关键问题上做出明智决策至关重要。,conscientious about,liable for,exacting about,pilloried for,ashamed of,vilified for,pilloried for,vilified for,pillory for,vilify for
1342,"The philosopher contended that society had defeated individuality to the extent that the danger threatening human progress was no longer the _______, but, on the contrary, the deficiency of personal impulses and preference.",这位哲学家坚称，社会对个性的扼杀已经达到了如此地步，以至于威胁人类进步的危险不再是个人冲动与偏好的泛滥过剩，恰恰相反，而是其严重匮乏。,failure,absence,presence,lack,surfeit,excess,surfeit,excess,surfeit,excess
1343,"The new CEO is one of the least _______ leaders the company has ever had, and thus presents a stark contrast to her predecessor, who always read the mood of those around him and deftly tailored his actions accordingly.",新任首席执行官是该公司历来最缺乏灵活适应能力的领导者之一，与其前任形成了鲜明对比——前任总是能洞察周围人的情绪并巧妙地调整自己的举动。,competent,flexible,adept,adaptable,irresolute,hesitant,flexible,adaptable,flexible,adaptable
1344,"Both Shakespeare and Middleton seem _______ figures, earning their living in the new theatrical marketplace but imagining their literary importance in terms of older models partly defined by their relationship with power patrons.",莎士比亚和米德尔顿似乎都是过渡时期的人物，他们在新兴的戏剧市场中谋生，却依照部分由权贵赞助人关系所定义的旧有模式来构想自身的文学重要性。,powerful,quixotic,transitional,inspirational,capricious,mediating,transitional,mediating,transitional,mediat
1345,"Although Beatrice Webb’s career ostensibly involved _______ shift from philanthropy to social research, her stories suggest that working in nineteenth-century London involved a complex negotiation between the two roles.",尽管比阿特丽斯·韦伯的职业生涯表面上经历了一次从慈善事业到社会研究的显著转变，但她的记述表明，在19世纪的伦敦工作涉及在这两种角色之间的复杂权衡。,a painstaking,a conservative,an exacting,a decisive,an apprehensive,a marked,a decisive,a marked,decisive,mark
1346,So _______ were the promises made by the companies running the sweepstakes that some of these companies are now in legal trouble.,举办抽奖活动的公司所许下的承诺是如此夸大不实，以至于其中一些公司如今惹上了官司。,vague,extravagant,prosaic,mundane,specific,overstated,extravagant,overstated,extravagant,overstate
1347,James Baldwin observed that a rational happiness is by implication _______: the illusion of happiness can be founded only on a spurious innocence.,詹姆斯·鲍德温指出，理性的幸福在逻辑上是不可能实现的：幸福的幻象只能建立在虚假的天真之上。,unattainable,fleeting,necessary,impossible,essential,redemptive,unattainable,impossible,unattainable,impossible
1348,"It is easy to _______ the power over nature that human domestication of wild species represents: it takes two to perform that particular dance, after all, and plenty of plants and animals have elected to sit it out.",人类驯化野生动植物所展现的支配自然之力很容易被夸大：毕竟这场共舞需要双方配合，而且很多动植物根本就选择置身事外。,dismiss,imagine,overplay,exaggerate,misrepresent,visualize,overplay,exaggerate,overplay,exaggerate
1349,"The beauty of popular fiction always lies in some _______ conviction, a writer’s faith in courage, honor, integrity, love, whatever—a faith that’s impossible to fake, difficult even to acquire.",通俗小说的美妙之处始终在于某种毫无保留的全心信念，即作家对勇气、荣誉、正直、爱情等品质的笃信——这种信念既无法伪装，甚至也很难后天习得。,affected,admirable,unreserved,artificial,irrational,wholehearted,unreserved,wholehearted,unreserv,wholeheart
1350,"The evidence for the topography of individual Italian cities in the years from 200 B.C.E. until 14 C.E. is, inevitably, far from complete, but despite the _______ resulting from patterns of survival and excavation, it shows some very clear trends.",公元前200年至公元14年间意大利各城市地形的证据不可避免地十分残缺，但尽管存在因遗存和发掘状况所导致的失真干扰，它依然展现出一些非常明显的趋势。,abundance,decline,distortions,noise,wealth,tendencies,distortions,noise,distortion,noise
1351,Azarenka’s descriptions are not _______: they grow organically from the themes that animate her writing.,阿扎伦卡的描写并非随意多余的：它们是从赋予其作品生机的主题中自然生长出来的。,derivative,gratuitous,sophomoric,original,arbitrary,novel,gratuitous,arbitrary,gratuitou,arbitrary
1352,"The series of paintings, as a whole, is remarkably _______ despite the distinctive character of each canvas.",尽管每幅画作都独具特色，但这组系列画作为一个整体却呈现出显著的一致性。,interconnected,challenging,comprehensive,homogenous,provocative,uniform,homogenous,uniform,homogenou,uniform
1353,The author operates with a rather _______ view of the human species: our darker side does not enter his calculations.,作者看待人类的视角相当狭隘单一：我们人性中阴暗的一面完全未被纳入他的考量。,sardonic,narrow,optimistic,cynical,simplistic,unusual,narrow,simplistic,narrow,simplistic
1354,"While most spiders are aggressive, territorial loners, this is not _______ behavioral pattern: a few dozen species live in groups and cooperate while hunting and building their communal homes.",尽管大多数蜘蛛都是具有攻击性和领地意识的独居生物，但这并非毫无例外的统一行为模式：有几十种蜘蛛群居生活，并在捕猎和建造共有巢穴时通力合作。,an advantageous,a beneficial,a unique,an uncommon,a uniform,an exceptionless,a uniform,an exceptionless,uniform,exceptionless
1355,Nancy Weiss Malkiel’s painstakingly detailed history of coeducation at elite universities is an invaluable _______ the amnesia that has come to envelop even such a relatively recent—but critically neglected—development.,南希·韦斯·马尔基尔详尽记述精英大学男女同校历史的力作，是医治这种遗忘症的一剂宝贵良药，而这种健忘症甚至笼罩了这一相对较近却被严重忽视的重大变革。,antidote to,summary of,reinterpretation of,corrective to,diagnosis of,addition to,antidote to,corrective to,antidote to,corrective to
1356,"The only person who seemed unfazed by the play’s lack of success was the director, which was surprising, since he had never been known for his _______.",唯一对该剧未获成功显得泰然处之的人竟然是导演，这令人颇感意外，因为他以往绝非以处变不惊而著称。,probity,obstinacy,imperturbability,diffidence,timidity,composure,imperturbability,composure,imperturbability,composure
1357,"Cement’s virtues as a building material continue to be _______: it is versatile, inexpensive, pourable, and capable of becoming as hard as a rock.",水泥作为建筑材料的优点依然是多种多样的：它用途广泛、价格低廉、易于浇筑，并且能够变得如岩石般坚硬。,obvious,debated,diverse,manifold,exploited,disputed,diverse,manifold,diverse,manifold
1358,Astronomers have known for centuries that some characteristics of Earth’s orbit are not _______; they fluctuate in a cyclic manner.,天文学家数百年来就已知晓，地球轨道的某些特征并非恒定不变；它们是以周期性的方式波动的。,estimable,sporadic,predictable,invariable,imperceptible,constant,invariable,constant,invariable,constant
1359,"In contrast to relatively _______ lunar events, such as lunar eclipses, that are timed in minutes or hours, planets typically remain on display in the sky for weeks or months.",与月食这种持续时间以分钟或小时计的相对短暂的月相天象相比，行星通常会在夜空中显现数周乃至数月。,impactful,transitory,consequential,precipitant,ephemeral,predictable,transitory,ephemeral,transitory,ephemeral
1360,"Lorraine Hansberry’s A Raisin in the Sun, first produced on Broadway in 1959 as the turbulent 1960s loomed, became a poetic augury of the _______ to come.",洛兰·汉斯伯里的《阳光下的葡萄干》于1959年在百老汇首演，当时动荡的1960年代山雨欲来，该剧成为了即将到来的动荡动乱的一曲诗意预言。,disillusionment,obscurity,unrest,solemnity,turmoil,anonymity,unrest,turmoil,unrest,turmoil
1361,"Arguably, the type of corruption that most damages economic growth is not petty bribery but, rather, the massive theft of state funds by _______ politicians.",可以说，对经济增长危害最大的腐败并非琐碎的行贿受贿，而是贪腐政客对国家巨额资金的大肆侵吞。,naïve,staid,petty,gullible,venal,crooked,venal,crooked,venal,crook
1362,"Monarch butterflies sequester toxins in their skin to discourage predators, but black-backed orioles (Icterus abeillei) _______ the defense: they consume only the soft insides of the butterfly.",黑脉金斑蝶在表皮积存毒素以威慑捕食者，但黑背拟黄鹂却绕过了这一防御：它们只啄食蝴蝶柔软的内部组织。,anticipate,disable,ignore,skirt,circumvent,disregard,skirt,circumvent,skirt,circumvent
1363,"Padilla is a contrarian by nature, so it is no surprise that the clothes she designs have consistently _______ established fashion trends.",帕迪利亚天生反叛独行，因此她所设计的服装一贯挑战并蔑视既定的时尚潮流也就不足为奇了。,hindered,challenged,exacerbated,worsened,impeded,flouted,challenged,flouted,challeng,floute
1364,"In his article, Bazerman highlights Edison’s _______ manipulation of the press, including gifts of stock to friendly reporters.",巴泽曼在文章中着重指出了爱迪生对新闻媒体明目张胆的操纵，包括向亲善的记者赠送股票。,modest,decorous,bashful,brazen,criminal,barefaced,brazen,barefaced,brazen,barefac
1365,"The author remains keen to settle old scores, passing up few opportunities to _______ former colleagues.",作者依然热衷于清算旧账，几乎不放过任何痛斥诋毁昔日同僚的机会。,slam,avoid,vilify,shun,betray,annoy,slam,vilify,slam,vilify
1366,"In her early years as a theater critic, Willa Cather was _______, veering between ecstatic raves and brutal takedowns.",在早年担任戏剧评论家期间，威拉·凯瑟性情多变，时而狂热盛赞，时而无情痛批。,bellicose,enigmatic,mercurial,pugnacious,volatile,voluble,mercurial,volatile,mercurial,volatile
1367,"Yoshiko Yamaguchi was a remarkably _______ public figure: she was not only an actress but also a journalist, a prominent politician in the Japanese parliament, and the wife of a diplomat.",山口淑子是一位极其多才多面的公众人物：她不仅是演员，还是记者、日本国会的知名政治家，以及外交官的夫人。,protean,sporadic,prolific,pedestrian,versatile,prosaic,protean,versatile,protean,versatile
1368,A number of recent pieces of instrumental music are linked by a common feature: the considerable _______ left to the individual performer in the way he or she chooses to play the work.,近期的诸多器乐作品都有一个共同特征：在演奏者自主选择如何演绎作品方面，给予了个体极大的自由发挥空间。,fidelity,restraints,sameness,latitude,leeway,curbs,latitude,leeway,latitude,leeway
1369,"Priya Natarajan notes that since both explanations of the origins of seed black holes are _______ observations, more data is necessary to choose between the two models.",普里亚·纳塔拉詹指出，由于有关种子黑洞起源的两种解释均与观测结果相吻合，因此需要更多数据才能在两种模型之间做出抉择。,coextensive with,consistent with,derived from,contradicted by,compatible with,repudiated by,consistent with,compatible with,consistent with,compatible with
1370,"My colleagues _______ the journalist’s vaunted expertise at securing high-profile interviews, declaring that, given her family’s connections to celebrities, obtaining such interviews must be no more difficult than asking a friend out for coffee.",我的同事们对这位记者自诩能搞定高端专访的专业能力不屑一顾，宣称鉴于她的家庭与名流的深厚人脉，拿到此类采访绝不会比约朋友喝咖啡更难。,confounded,disparaged,dismissed,envied,thwarted,sanctioned,disparaged,dismissed,disparag,dismiss
